UDI,Product ID,Type,Air temperature [K],Process temperature [K],Rotational speed [rpm],Torque [Nm],Tool wear [min],Machine failure,TWF,HDF,PWF,OSF,RNF
1,H00001,L,300.2,310.5,2090,42.8,18,0,0,0,0,0,0
2,L00002,L,301.3,309.0,1580,40.5,154,0,0,0,0,0,0
3,H00003,L,305.0,310.7,2645,26.3,93,0,0,0,0,0,0
4,H00004,L,300.1,310.0,2535,52.0,113,0,0,0,0,0,0
5,L00005,L,297.7,307.3,1561,33.9,52,0,0,0,0,0,0
6,L00006,L,300.8,309.1,1184,43.6,96,0,0,0,0,0,0
7,H00007,L,299.0,307.9,2415,39.0,228,0,0,0,0,0,0
8,M00008,L,303.8,309.3,2829,24.1,172,0,0,0,0,0,0
9,H00009,M,299.0,310.3,2057,43.7,10,0,0,0,0,0,0
10,H00010,L,300.0,309.7,1229,28.0,119,0,0,0,0,0,0
11,H00011,L,301.2,310.6,1224,43.4,104,0,0,0,0,0,0
12,H00012,M,301.0,307.7,1960,34.8,9,0,0,0,0,0,0
13,L00013,L,302.8,311.0,1433,38.1,220,0,0,0,0,0,0
14,H00014,M,301.3,310.2,1876,47.1,85,0,0,0,0,0,0
15,M00015,L,304.7,308.7,2411,27.4,19,0,0,0,0,0,0
16,L00016,L,300.9,310.0,1486,71.0,146,0,0,0,0,0,0
17,M00017,H,302.6,312.2,2704,31.5,87,0,0,0,0,0,0
18,M00018,L,299.1,311.5,1735,47.0,219,0,0,0,0,0,0
19,M00019,M,303.9,311.7,1716,49.0,129,0,0,0,0,0,0
20,M00020,L,299.3,309.8,1232,55.3,167,0,0,0,0,0,0
21,L00021,M,303.0,311.1,2849,33.3,246,1,0,0,1,0,0
22,L00022,M,301.8,311.3,1467,32.5,145,0,0,0,0,0,0
23,M00023,L,300.1,309.0,2024,51.0,81,0,0,0,0,0,0
24,M00024,M,303.0,311.3,1828,45.4,1,0,0,0,0,0,0
25,L00025,L,300.0,311.1,2801,45.7,46,0,0,0,0,0,0
26,L00026,M,302.7,309.3,2470,54.0,176,0,0,0,0,0,0
27,L00027,L,300.8,310.1,1849,41.0,118,0,0,0,0,0,0
28,H00028,M,299.2,311.4,2515,41.8,247,0,0,0,0,0,0
29,H00029,L,300.6,309.9,1983,53.3,150,0,0,0,0,0,0
30,H00030,L,300.1,310.9,2104,41.8,46,0,0,0,0,0,0
31,M00031,M,299.1,309.5,2597,29.9,243,0,0,0,0,0,0
32,H00032,M,300.5,308.9,2136,31.0,78,0,0,0,0,0,0
33,M00033,L,300.8,308.8,1168,37.3,123,0,0,1,0,0,0
34,M00034,L,295.1,309.7,1963,43.6,88,0,0,0,0,0,0
35,H00035,L,301.0,310.4,1153,49.6,172,0,0,0,0,0,0
36,M00036,L,301.5,308.2,1616,64.0,81,0,0,0,0,0,0
37,H00037,L,302.9,311.9,1339,37.5,20,0,0,0,0,0,0
38,H00038,M,297.5,311.1,2454,26.0,174,0,0,0,0,0,0
39,L00039,L,298.0,310.5,1212,24.1,31,0,0,0,0,0,0
40,H00040,M,300.4,310.8,2163,37.9,241,0,0,0,0,0,0
41,L00041,M,298.6,309.4,2427,39.9,18,0,0,0,0,0,0
42,H00042,L,297.6,308.5,2800,46.1,145,0,0,0,0,0,0
43,H00043,L,299.2,310.4,2175,64.5,23,0,0,0,0,0,0
44,L00044,L,299.3,311.0,1216,46.2,174,0,0,0,0,0,0
45,L00045,L,298.0,309.5,2027,40.9,105,0,0,0,0,0,0
46,H00046,M,298.0,309.1,2459,50.0,157,1,0,0,0,0,0
47,M00047,L,299.8,309.5,1281,24.2,92,0,0,0,0,0,0
48,L00048,M,297.1,310.5,2221,42.5,245,0,0,0,0,0,0
49,M00049,L,297.1,310.6,2728,23.7,84,0,0,0,0,0,0
50,M00050,L,300.1,311.8,1754,54.1,148,0,0,0,0,0,0
51,M00051,L,303.0,310.4,2090,26.5,47,0,0,0,0,0,0
52,L00052,L,301.5,309.2,2142,49.9,232,1,0,0,0,0,0
53,M00053,L,302.4,309.7,2826,48.1,193,0,0,0,0,0,0
54,L00054,L,296.4,309.0,2220,54.7,172,0,0,0,0,0,0
55,M00055,M,297.2,311.1,2404,30.8,128,0,0,0,0,0,0
56,H00056,M,300.0,308.9,1433,39.4,21,0,0,0,0,0,0
57,H00057,L,301.7,309.4,1698,49.8,55,0,0,0,0,0,0
58,L00058,L,301.3,310.5,2201,43.5,167,0,0,0,0,0,0
59,H00059,L,297.3,311.6,2584,44.9,37,0,0,0,0,0,0
60,H00060,L,302.3,312.9,2646,47.4,18,0,0,0,0,0,0
61,M00061,L,299.8,308.7,2843,36.7,146,0,0,0,0,0,0
62,L00062,L,301.6,310.6,2051,30.4,193,0,0,0,0,0,0
63,M00063,L,298.8,310.0,2395,32.1,92,0,0,0,0,0,0
64,M00064,L,296.9,309.8,2549,39.1,113,0,0,0,0,0,0
65,M00065,L,301.7,309.7,2182,32.5,113,0,0,0,0,0,0
66,M00066,L,300.9,308.8,2051,37.1,214,0,0,0,0,0,0
67,M00067,M,297.5,311.7,2586,39.8,174,0,0,0,0,0,0
68,M00068,L,298.7,307.9,2644,55.2,57,0,0,0,0,0,0
69,M00069,L,301.4,309.9,2243,29.0,184,0,0,0,0,0,0
70,L00070,L,300.4,311.5,1491,32.4,249,0,0,0,0,0,0
71,H00071,M,301.0,310.2,1215,39.6,175,0,0,0,0,0,0
72,M00072,M,299.0,309.3,1756,29.7,218,0,0,0,0,0,0
73,M00073,M,302.8,309.4,2243,9.6,44,0,0,0,0,0,0
74,M00074,L,299.8,310.9,1895,33.8,214,0,0,0,0,0,0
75,M00075,L,295.3,309.7,2434,37.4,219,0,0,0,0,0,0
76,M00076,M,300.2,310.0,1681,41.8,247,0,0,0,0,0,0
77,M00077,L,301.2,310.6,2569,30.3,27,0,0,0,0,0,0
78,H00078,L,300.6,310.9,2531,56.7,59,0,0,0,0,0,0
79,H00079,M,299.1,309.4,1507,47.8,4,0,0,0,0,0,0
80,M00080,L,296.1,308.6,2565,28.9,145,0,0,1,0,0,0
81,H00081,L,298.7,309.0,1525,33.9,221,0,0,0,0,0,0
82,L00082,L,298.9,311.4,2359,33.1,215,0,0,0,0,0,0
83,M00083,L,298.7,310.1,2478,29.3,164,0,0,0,0,0,0
84,L00084,L,301.2,308.8,1213,51.5,207,0,0,0,0,0,0
85,L00085,M,299.3,309.1,1327,29.3,220,0,0,0,0,0,0
86,M00086,M,302.8,311.2,1384,41.0,221,0,0,0,0,0,0
87,H00087,L,299.5,310.1,2014,34.8,24,0,0,0,0,0,0
88,L00088,M,302.4,308.3,1911,38.0,165,0,0,0,0,0,0
89,M00089,L,300.4,308.9,1189,50.3,230,0,0,0,0,0,0
90,L00090,L,300.5,311.2,2460,43.2,128,0,0,0,0,0,0
91,L00091,M,298.6,309.4,2432,43.6,167,0,0,0,1,0,0
92,L00092,M,297.3,312.1,2640,43.2,230,0,0,0,0,0,0
93,L00093,M,299.9,311.9,2413,44.8,182,0,0,0,0,0,0
94,H00094,M,303.4,311.5,2676,29.5,230,0,0,0,0,0,0
95,L00095,M,299.1,310.5,2757,33.2,94,0,0,0,0,0,0
96,L00096,M,298.8,311.0,2715,43.7,166,0,0,0,0,0,0
97,L00097,L,299.7,309.9,1500,32.8,94,0,0,0,0,0,0
98,H00098,M,303.5,310.0,1690,36.5,224,0,0,0,0,0,0
99,L00099,H,301.6,308.8,2115,42.7,75,0,0,0,0,0,0
100,L00100,M,302.4,310.0,2485,51.0,152,0,0,0,0,0,0
101,H00101,L,296.0,308.7,2111,48.5,246,0,0,0,0,0,0
102,H00102,L,298.4,310.0,2772,56.0,150,0,0,0,0,0,0
103,H00103,L,298.4,308.8,2281,41.5,170,0,0,0,0,0,0
104,L00104,L,302.3,309.1,1980,41.2,124,0,0,0,0,0,0
105,H00105,H,301.3,307.4,1179,33.4,47,0,0,0,0,0,0
106,H00106,L,302.1,309.2,1458,45.5,219,1,0,0,0,0,0
107,L00107,L,296.2,309.3,2659,52.5,224,0,0,0,0,0,0
108,H00108,H,302.2,309.7,1195,34.4,37,0,0,0,0,0,0
109,L00109,L,301.3,311.2,2532,44.5,89,0,0,0,0,0,0
110,M00110,L,298.2,309.9,1286,51.2,23,0,0,0,0,0,0
111,H00111,L,299.6,310.9,1924,31.7,132,0,0,0,0,0,0
112,M00112,M,298.2,311.0,2748,45.5,235,0,0,0,0,0,0
113,L00113,L,299.8,311.4,2604,46.1,187,0,0,0,0,0,0
114,H00114,H,300.9,309.1,1705,17.7,144,0,0,0,0,0,0
115,L00115,L,302.8,308.8,2424,34.6,236,0,0,0,0,0,0
116,M00116,L,298.1,309.9,1582,28.8,164,0,0,0,0,0,0
117,L00117,L,299.1,309.0,1996,34.9,14,0,0,0,0,0,0
118,H00118,M,297.8,309.8,1356,35.8,193,0,0,0,0,0,0
119,H00119,L,301.5,309.1,1595,39.6,225,0,0,0,0,0,0
120,M00120,L,296.8,308.8,2232,49.1,19,0,0,0,0,0,0
121,L00121,L,300.4,310.4,2379,52.2,157,0,0,0,0,0,0
122,H00122,M,297.5,311.9,1480,41.7,143,0,0,0,0,0,0
123,M00123,L,300.1,309.7,1745,53.0,43,0,0,0,0,0,0
124,H00124,M,302.3,310.3,1674,48.3,186,0,0,0,0,0,0
125,H00125,M,299.0,310.1,1898,39.1,131,0,0,0,0,0,0
126,L00126,L,300.4,310.0,2331,54.7,158,0,0,0,0,0,0
127,H00127,L,298.2,311.4,2277,40.7,153,0,0,0,0,0,0
128,L00128,L,299.8,309.7,1508,42.5,246,0,0,0,0,0,0
129,H00129,L,296.9,306.8,2001,30.3,40,0,0,0,0,0,0
130,M00130,L,301.4,309.1,2538,43.6,75,0,0,0,0,0,0
131,H00131,L,299.2,310.1,1704,44.2,129,0,0,0,0,0,0
132,L00132,L,299.6,309.9,2352,48.7,7,0,0,0,0,0,0
133,L00133,L,300.1,309.8,1507,37.7,77,0,0,0,0,0,0
134,M00134,L,296.1,309.5,2437,32.7,151,0,0,0,0,0,0
135,H00135,L,298.6,310.1,1904,44.1,106,0,0,0,0,0,0
136,H00136,M,300.3,312.1,1698,47.4,39,0,0,0,0,0,0
137,M00137,H,299.7,309.7,2526,36.6,104,0,0,0,0,0,0
138,H00138,M,304.4,312.2,2537,31.6,152,0,0,0,0,0,0
139,H00139,L,302.5,310.5,2423,35.9,61,0,0,0,0,0,0
140,L00140,L,300.3,309.3,2293,55.9,57,0,0,0,0,0,0
141,H00141,L,298.0,310.9,2365,30.3,70,0,0,0,0,0,0
142,H00142,L,299.0,307.6,1956,30.0,159,0,0,0,0,0,0
143,M00143,L,301.3,310.0,2235,58.7,116,0,0,0,0,0,0
144,M00144,M,300.2,310.5,2383,38.4,86,0,0,0,0,0,0
145,L00145,L,302.6,310.5,1201,27.8,173,0,0,0,0,0,0
146,H00146,L,300.1,310.6,1462,25.9,102,0,0,0,0,0,0
147,H00147,H,300.2,310.7,2452,45.7,153,0,0,0,0,0,0
148,H00148,L,303.2,310.3,1537,43.4,41,0,0,0,0,0,0
149,L00149,L,297.8,310.7,2375,45.8,6,0,0,0,0,0,0
150,L00150,L,303.5,309.4,1288,31.4,55,0,0,0,0,0,0
151,M00151,L,301.5,311.2,1168,28.1,174,0,0,0,0,0,0
152,L00152,M,306.5,309.5,1470,45.4,177,0,0,0,0,0,0
153,H00153,L,298.6,311.2,1244,29.5,172,0,0,0,0,0,0
154,H00154,L,303.3,310.0,1279,38.4,67,0,0,0,0,0,0
155,L00155,M,300.3,310.2,2278,31.1,43,0,0,0,0,0,0
156,H00156,M,299.6,310.9,2094,56.5,152,0,0,0,0,0,0
157,H00157,H,300.6,311.5,2370,49.2,51,0,0,0,0,0,0
158,L00158,M,300.3,310.0,1409,66.3,145,0,0,1,0,0,0
159,L00159,L,298.4,310.2,2136,46.4,134,0,0,0,0,0,0
160,H00160,L,299.7,307.4,2212,43.1,21,0,0,0,0,0,0
161,H00161,L,300.6,309.1,2674,46.8,3,0,0,0,0,0,0
162,H00162,L,299.1,308.5,1966,24.3,156,0,0,0,0,0,0
163,M00163,M,301.1,309.6,2304,22.2,215,0,0,0,0,0,0
164,M00164,M,299.4,309.3,1303,47.1,117,0,0,0,0,0,0
165,M00165,L,300.9,309.2,1702,34.2,167,0,0,0,0,0,0
166,L00166,L,300.7,309.0,2494,40.0,179,0,0,0,0,0,0
167,M00167,L,300.9,310.5,1271,23.7,113,0,0,0,1,0,0
168,L00168,H,297.3,308.2,1906,34.8,59,0,0,0,0,0,0
169,L00169,L,302.2,308.9,2317,36.4,229,0,0,0,0,0,0
170,M00170,M,298.3,310.0,2359,49.2,168,0,0,0,0,0,0
171,M00171,M,299.6,311.0,1696,41.3,203,0,0,0,0,0,0
172,M00172,H,298.7,309.1,2384,26.2,72,0,0,0,0,0,0
173,H00173,M,300.1,311.1,1549,34.8,14,0,0,0,0,0,0
174,M00174,M,299.8,307.3,2206,51.1,122,0,0,0,0,0,0
175,H00175,L,301.3,310.0,2332,35.5,76,0,0,0,0,0,0
176,L00176,L,300.1,310.3,1555,49.0,56,0,0,0,0,0,0
177,H00177,L,299.2,309.0,1513,34.5,93,0,0,0,0,0,0
178,M00178,L,296.4,308.7,2129,43.3,98,0,0,0,0,0,0
179,L00179,H,301.8,310.1,1312,40.6,162,0,0,0,0,0,0
180,L00180,L,301.0,310.0,1913,38.9,89,0,0,0,0,0,0
181,L00181,M,301.9,309.2,1700,26.9,18,0,0,0,0,0,0
182,H00182,L,299.6,309.7,1280,23.9,148,0,0,0,0,0,0
183,M00183,L,300.7,309.4,2269,42.4,212,0,0,0,0,0,0
184,L00184,H,298.7,311.3,1802,40.4,140,0,0,0,0,0,0
185,L00185,L,298.5,310.7,2157,34.7,20,0,0,0,0,0,0
186,L00186,L,299.4,310.2,1419,31.3,87,0,0,0,0,0,0
187,H00187,L,301.8,311.9,2854,53.4,25,0,0,0,0,0,0
188,H00188,M,299.5,311.0,2053,49.9,235,0,0,0,0,0,0
189,M00189,L,299.9,311.2,2540,47.5,55,1,0,0,0,0,0
190,H00190,L,300.5,311.6,1936,56.1,30,0,0,0,0,0,0
191,L00191,L,300.1,309.8,1514,29.0,29,0,0,0,0,0,0
192,M00192,M,302.0,308.8,2607,42.8,23,0,0,0,0,0,0
193,L00193,M,298.5,308.2,1760,26.1,95,0,0,0,0,0,0
194,L00194,L,300.2,310.7,2234,36.0,157,0,0,0,0,0,0
195,H00195,L,300.9,309.0,2081,36.9,120,0,0,0,0,0,0
196,M00196,M,296.7,313.3,2496,33.2,153,0,0,0,0,0,0
197,H00197,L,300.5,309.2,1738,39.6,101,0,0,0,0,0,0
198,H00198,L,302.7,309.0,1357,61.5,81,0,0,0,0,0,0
199,M00199,L,299.3,310.8,1497,42.6,104,0,0,0,0,0,0
200,L00200,M,297.8,310.8,1194,49.8,53,0,0,0,0,0,0
201,L00201,L,300.9,311.8,1496,41.0,112,0,0,0,0,0,0
202,M00202,L,300.4,309.8,1863,23.3,123,0,0,0,0,0,0
203,L00203,M,303.0,311.2,1796,33.7,75,0,0,0,0,0,0
204,M00204,M,300.9,309.8,1518,34.6,20,0,0,0,0,0,0
205,M00205,L,298.1,310.5,1683,39.6,150,0,0,0,0,0,0
206,H00206,L,298.0,309.8,1507,46.0,125,0,0,0,0,0,0
207,M00207,M,301.7,311.9,1644,48.6,27,0,0,0,0,0,0
208,H00208,H,300.7,312.3,2054,43.5,123,0,0,0,0,0,0
209,L00209,M,299.9,308.8,1209,50.6,80,0,0,0,0,0,0
210,L00210,L,300.3,311.3,1447,33.5,78,0,0,0,0,0,0
211,L00211,L,300.9,309.1,1208,45.6,22,0,0,0,0,0,0
212,L00212,M,300.7,311.2,2597,45.0,186,0,0,0,0,0,0
213,H00213,M,297.0,311.6,1380,49.0,180,0,0,0,0,0,0
214,L00214,L,302.4,309.0,1946,32.7,52,1,0,0,0,0,0
215,M00215,L,302.6,308.8,1597,58.4,161,0,0,0,0,0,0
216,M00216,M,303.6,309.5,1762,32.1,219,0,0,0,0,0,0
217,M00217,L,303.2,311.2,2799,35.4,67,0,0,1,0,0,0
218,H00218,L,302.8,310.5,1517,47.5,104,0,0,0,0,0,0
219,L00219,L,299.4,309.8,1703,24.3,11,0,0,0,0,0,0
220,L00220,L,300.6,310.7,2202,30.7,129,0,0,0,0,0,0
221,L00221,L,302.3,309.7,2137,40.9,24,0,0,0,0,0,0
222,H00222,M,296.4,310.1,1426,21.8,87,0,0,0,0,0,0
223,M00223,L,299.6,310.5,1758,32.0,94,0,0,0,0,0,0
224,M00224,L,296.6,310.5,1852,40.9,124,0,0,0,0,0,0
225,L00225,L,300.6,311.7,2552,31.8,195,0,0,0,0,0,0
226,M00226,L,302.5,308.8,1980,57.8,171,0,0,0,0,0,0
227,M00227,L,300.0,310.9,1187,47.3,161,0,0,0,0,0,0
228,H00228,L,298.9,309.1,2380,44.5,133,0,0,0,0,0,0
229,H00229,M,300.6,309.6,2825,41.4,94,0,0,0,0,0,0
230,H00230,L,300.8,309.8,1438,47.7,38,0,0,0,0,0,0
231,H00231,L,301.0,309.6,2124,40.6,126,0,0,0,0,0,0
232,L00232,L,297.6,308.7,2666,30.1,177,0,0,0,0,0,0
233,H00233,L,300.5,309.5,2398,43.4,23,0,0,0,0,0,0
234,M00234,M,300.4,310.3,1601,32.8,216,0,0,0,0,0,0
235,L00235,L,301.9,309.9,1177,44.3,4,0,0,0,0,0,0
236,M00236,H,299.8,311.5,1851,43.0,53,0,0,0,0,0,0
237,M00237,L,303.9,309.9,1906,33.7,53,0,0,1,0,0,0
238,M00238,M,300.2,310.0,1483,60.6,9,0,0,0,0,0,0
239,H00239,L,299.0,310.2,2546,52.7,81,0,0,0,0,0,0
240,H00240,M,298.0,309.9,1710,39.5,220,0,0,0,0,0,0
241,L00241,L,299.0,310.5,2474,45.1,74,0,0,0,0,0,0
242,L00242,L,298.4,309.5,1353,43.3,240,0,0,0,0,0,0
243,H00243,M,299.7,308.8,1528,34.6,93,0,0,0,0,0,0
244,M00244,M,303.4,309.9,2051,45.7,106,0,0,0,0,0,0
245,L00245,L,297.1,310.4,2288,38.0,68,0,0,0,0,0,0
246,H00246,L,297.2,310.2,2193,26.0,5,0,0,0,1,0,0
247,H00247,L,299.5,309.1,2157,34.9,205,0,0,0,0,0,0
248,H00248,M,297.3,310.2,2770,34.9,15,0,0,0,0,0,0
249,M00249,L,298.0,310.7,2061,20.7,59,0,0,0,0,0,0
250,H00250,L,300.7,310.2,1545,53.3,141,0,0,0,0,0,0
251,H00251,M,299.9,309.3,2225,34.7,32,0,0,0,0,0,0
252,H00252,M,300.9,310.1,2833,36.2,247,0,0,0,0,0,0
253,H00253,M,301.2,311.7,2359,62.5,100,0,0,0,0,0,0
254,L00254,M,302.7,309.0,2858,30.3,196,0,0,0,0,0,0
255,L00255,M,300.8,311.1,1502,39.1,167,0,0,0,0,0,0
256,H00256,L,302.4,307.8,2287,24.1,205,0,0,0,0,0,0
257,M00257,L,300.2,309.5,1663,33.6,39,0,0,0,0,0,0
258,L00258,M,300.8,309.6,1695,34.8,8,0,0,0,0,0,0
259,H00259,L,300.8,311.1,1431,51.2,90,0,0,0,0,0,0
260,L00260,H,300.6,311.8,1822,31.7,243,0,0,0,0,0,0
261,L00261,L,300.4,311.1,2343,48.5,194,0,0,0,0,0,0
262,M00262,L,303.6,310.5,1755,67.0,201,0,0,0,0,0,0
263,H00263,H,301.4,311.1,1909,57.5,47,0,0,0,0,0,0
264,H00264,M,299.1,308.6,2494,11.5,202,0,0,0,0,0,0
265,M00265,L,304.7,310.9,1515,44.9,225,0,0,0,0,0,0
266,M00266,M,299.2,308.9,1669,55.7,192,0,0,0,0,0,0
267,H00267,M,300.0,309.3,1259,31.7,9,0,0,0,0,0,0
268,H00268,L,298.3,310.4,2055,39.1,244,0,0,0,0,0,0
269,M00269,L,301.4,308.8,2717,36.9,5,0,0,0,0,0,0
270,L00270,M,303.4,311.2,2736,49.5,199,0,0,0,0,0,0
271,L00271,M,297.0,310.0,2102,35.2,61,0,0,0,0,0,0
272,M00272,L,299.4,308.7,1829,59.1,30,0,0,0,0,0,0
273,L00273,M,302.2,311.5,2751,52.3,5,0,0,0,0,0,0
274,M00274,M,297.9,309.7,2716,24.3,94,0,0,0,0,0,0
275,L00275,L,301.1,309.8,2108,24.4,33,0,0,0,0,0,0
276,L00276,M,297.4,309.8,1473,42.1,231,0,0,0,0,0,0
277,H00277,L,300.8,307.1,1161,37.9,244,0,0,0,0,0,0
278,H00278,L,300.2,311.3,2196,39.2,92,0,0,0,0,0,0
279,L00279,M,306.6,310.0,2334,34.3,66,0,0,0,0,0,0
280,L00280,M,301.5,310.2,1413,29.4,189,0,0,0,0,0,0
281,H00281,M,295.7,310.7,1529,40.3,213,0,0,0,0,0,0
282,H00282,L,299.9,309.7,1229,44.7,11,0,0,0,0,0,0
283,H00283,L,301.6,308.9,2444,50.4,37,0,0,0,0,0,0
284,M00284,L,299.2,309.1,1574,52.0,210,0,0,0,0,0,0
285,L00285,L,299.1,310.9,1765,40.4,134,1,0,1,0,0,0
286,H00286,L,299.2,310.0,1585,43.6,63,0,0,0,0,0,0
287,L00287,L,301.1,311.0,2071,23.2,214,0,0,0,0,0,0
288,M00288,L,297.5,311.2,2251,47.2,118,1,0,0,0,0,0
289,M00289,M,298.9,310.9,2697,53.4,119,0,0,0,0,0,0
290,H00290,L,302.1,311.3,1944,46.6,122,0,0,0,0,0,0
291,M00291,L,299.0,309.3,2284,39.5,246,0,0,0,0,0,0
292,L00292,L,298.9,310.6,2140,30.4,76,0,0,0,0,0,0
293,H00293,L,297.2,309.5,1601,30.4,131,1,0,0,0,0,0
294,L00294,L,301.3,308.9,2587,38.1,20,1,0,1,0,0,0
295,L00295,L,300.9,310.5,1409,44.6,77,0,0,0,0,0,0
296,M00296,M,301.9,310.8,1971,19.3,163,0,0,0,0,0,0
297,M00297,L,299.8,309.7,2524,26.8,241,0,0,0,0,0,0
298,M00298,M,300.6,310.0,1857,49.4,134,0,0,0,0,0,0
299,M00299,H,300.6,310.7,2001,57.3,76,0,0,0,0,0,0
300,M00300,M,297.2,309.4,2357,38.3,162,0,0,0,0,0,0
301,H00301,L,304.7,310.8,1807,46.6,124,1,0,0,0,0,0
302,L00302,H,302.0,309.1,1324,38.8,176,0,0,0,0,0,0
303,L00303,L,300.2,310.4,1861,41.2,96,0,0,0,0,0,0
304,L00304,L,299.6,308.8,2791,29.0,120,0,0,0,0,0,0
305,L00305,M,302.6,311.3,2559,45.6,138,0,0,0,0,0,0
306,M00306,M,300.2,310.7,1734,32.6,242,0,0,0,0,0,0
307,L00307,L,301.8,312.0,2445,42.4,102,0,0,0,0,0,0
308,H00308,L,298.8,309.1,1335,47.5,88,0,0,0,0,0,0
309,H00309,L,298.2,310.7,1801,46.3,237,0,0,0,0,0,0
310,L00310,L,299.7,310.0,1316,31.9,102,0,0,0,0,0,0
311,L00311,L,300.0,308.5,1292,42.7,23,0,0,0,0,0,0
312,H00312,H,300.8,310.1,1642,34.2,21,0,0,0,0,0,0
313,H00313,H,302.9,310.6,1221,47.4,170,0,0,0,0,0,0
314,M00314,M,302.2,312.0,2517,48.4,178,0,0,0,0,0,0
315,H00315,L,302.6,309.5,1648,47.8,239,0,0,0,0,0,0
316,M00316,M,298.5,310.5,1296,55.0,176,0,0,0,0,0,0
317,M00317,H,299.4,310.3,2786,45.4,121,0,0,0,0,0,0
318,M00318,M,301.9,309.8,2674,55.5,237,1,0,0,0,0,0
319,M00319,L,302.4,309.9,2511,47.5,119,0,0,0,0,0,0
320,M00320,L,301.5,310.7,2258,33.3,21,0,0,0,0,0,0
321,L00321,L,298.9,309.9,2040,42.7,78,0,0,0,0,0,0
322,H00322,L,297.9,309.8,1956,51.1,17,0,0,0,0,0,0
323,M00323,M,300.5,309.5,1995,51.8,43,0,0,0,0,0,0
324,H00324,M,298.2,308.5,2316,36.2,108,0,0,0,0,0,0
325,H00325,L,300.9,310.9,2040,36.0,31,0,0,0,0,0,0
326,M00326,L,302.5,309.5,2484,46.7,185,0,0,0,0,0,0
327,L00327,L,300.4,311.2,2542,32.9,55,0,0,0,0,0,0
328,M00328,L,297.4,311.3,1962,38.6,227,0,0,0,0,0,0
329,L00329,L,299.0,312.4,2120,41.8,73,0,0,0,0,0,0
330,H00330,M,301.7,310.4,2614,39.2,8,0,0,0,0,0,0
331,L00331,L,300.9,310.6,1216,48.9,190,0,0,0,0,0,0
332,L00332,M,301.1,310.6,1987,48.2,235,0,0,0,0,0,0
333,L00333,L,303.5,310.3,2076,42.3,88,0,0,0,0,0,0
334,H00334,L,300.7,311.2,2707,29.5,120,0,0,0,0,0,0
335,H00335,L,300.6,309.9,1490,54.6,131,0,0,0,0,0,0
336,L00336,M,301.7,310.6,2851,33.0,37,0,0,0,0,0,0
337,L00337,L,297.7,309.9,1251,35.1,237,0,0,0,0,0,0
338,M00338,M,299.1,308.7,2487,32.3,99,0,0,0,0,0,0
339,L00339,L,298.5,310.7,2101,25.6,249,0,0,0,0,0,0
340,M00340,M,301.3,307.3,2283,50.3,41,0,0,0,0,0,0
341,L00341,M,298.2,310.5,2056,58.5,228,0,0,0,0,0,0
342,M00342,L,301.1,311.1,2605,27.7,230,0,0,0,0,0,0
343,H00343,M,299.6,310.6,1491,22.0,134,0,0,1,0,0,0
344,L00344,L,299.3,309.2,1977,41.7,169,0,0,0,0,0,0
345,L00345,M,301.8,311.5,2352,43.7,117,0,0,0,0,0,0
346,L00346,L,297.3,311.8,1828,18.8,59,0,0,0,0,0,0
347,L00347,L,299.0,310.7,1283,29.7,89,0,0,0,0,0,0
348,M00348,M,305.9,311.9,2203,53.3,147,0,0,0,0,0,0
349,L00349,M,303.7,312.1,2024,46.2,190,0,0,0,0,0,0
350,H00350,L,296.4,309.4,2646,53.3,236,0,0,1,0,0,0
351,H00351,M,299.0,309.1,2145,29.7,123,0,0,0,0,0,0
352,L00352,L,300.1,310.7,1534,40.1,124,0,0,0,0,0,0
353,H00353,L,297.2,306.9,1747,39.4,110,0,0,0,0,0,0
354,L00354,M,304.0,309.8,1158,50.8,20,0,0,0,0,0,0
355,L00355,L,300.1,309.3,1285,33.7,126,0,0,0,0,0,0
356,H00356,L,299.6,309.8,2463,35.0,132,0,0,0,0,0,0
357,L00357,M,300.8,308.8,2125,45.1,120,0,0,0,0,0,0
358,H00358,L,300.7,309.8,2128,47.9,29,0,0,0,0,0,0
359,M00359,M,298.3,310.6,2821,35.5,62,0,0,0,0,0,0
360,L00360,L,302.6,311.7,2825,42.4,239,0,0,0,0,0,0
361,M00361,L,300.3,310.5,1192,49.5,186,0,0,0,0,0,0
362,H00362,L,302.6,308.2,2278,43.2,37,0,0,0,0,0,0
363,M00363,M,298.8,310.1,2204,35.6,163,0,0,0,0,0,0
364,M00364,M,296.4,311.4,2855,43.1,37,0,0,0,0,0,0
365,H00365,L,302.9,309.8,2846,46.5,22,0,0,0,0,0,0
366,M00366,L,301.5,310.7,1936,40.8,150,0,0,0,0,0,0
367,M00367,H,302.3,311.2,2392,45.4,57,0,0,0,0,0,0
368,H00368,L,302.5,310.2,1262,49.6,175,0,0,0,0,0,0
369,M00369,M,300.0,310.4,1881,44.2,242,0,0,0,0,0,0
370,H00370,L,299.3,310.6,2433,48.7,133,0,0,0,0,0,0
371,M00371,M,299.8,309.6,1161,38.4,106,0,0,0,0,0,0
372,H00372,L,301.1,309.8,2644,35.2,173,0,0,0,0,0,0
373,H00373,M,300.6,309.1,2513,54.2,86,0,0,0,0,0,0
374,M00374,M,296.3,309.5,2021,17.6,142,0,0,0,0,0,0
375,M00375,L,299.8,310.8,1395,44.2,0,0,0,0,0,0,0
376,M00376,L,302.8,310.5,2423,37.0,99,0,0,0,0,0,0
377,L00377,M,300.0,308.9,2743,46.9,230,0,0,0,0,0,0
378,L00378,M,304.4,309.0,1658,28.2,91,0,0,0,0,0,0
379,L00379,L,298.1,309.4,2477,43.7,201,0,0,0,0,0,0
380,H00380,L,300.7,308.6,2686,45.9,32,0,0,0,0,0,0
381,M00381,M,298.0,310.3,2534,44.0,109,0,1,0,0,0,0
382,H00382,L,298.3,309.4,1193,31.3,151,0,0,0,0,0,0
383,L00383,M,298.3,310.5,2492,34.0,69,0,0,0,0,0,0
384,M00384,L,304.4,311.0,1756,47.0,141,0,1,0,0,0,0
385,H00385,M,299.5,308.3,2662,39.0,245,0,0,0,0,0,0
386,M00386,H,298.6,309.4,2467,20.1,95,0,0,0,0,0,0
387,H00387,H,300.0,308.5,1658,35.3,82,0,0,0,0,0,0
388,M00388,L,299.6,308.2,2694,51.9,197,0,0,0,0,0,0
389,L00389,M,301.6,310.5,2499,38.6,83,0,0,0,0,0,0
390,L00390,L,295.9,310.2,2426,26.8,216,0,0,0,0,0,0
391,M00391,L,298.1,309.4,1457,36.4,124,0,0,0,0,0,0
392,H00392,L,301.7,309.0,2496,39.8,83,0,0,0,0,0,0
393,L00393,L,299.0,308.9,2781,32.5,165,0,0,0,0,0,0
394,L00394,H,298.5,310.2,2016,53.5,138,0,0,0,0,0,0
395,L00395,L,298.4,309.8,2061,37.0,190,0,0,0,0,0,0
396,M00396,M,301.4,309.1,2815,37.8,159,0,0,0,0,0,0
397,M00397,M,301.4,310.4,1185,38.5,156,0,0,0,0,0,0
398,H00398,M,301.9,310.3,2790,22.0,29,0,0,0,0,0,0
399,H00399,L,297.7,309.0,1860,43.8,156,0,0,0,0,0,0
400,H00400,L,297.6,309.5,2464,34.1,85,0,0,0,0,0,0
401,M00401,M,302.3,310.9,2715,15.6,138,0,0,0,0,0,0
402,M00402,L,300.4,310.7,2090,25.0,176,0,0,0,0,0,0
403,H00403,L,298.8,309.3,2778,39.5,211,0,0,0,1,0,0
404,H00404,L,299.7,311.7,2662,52.3,104,0,0,0,0,0,0
405,M00405,L,297.5,309.8,2110,47.2,77,0,0,0,0,0,0
406,H00406,M,298.9,310.8,1385,45.6,218,0,0,0,0,0,0
407,L00407,L,300.3,308.9,2558,41.0,191,0,0,0,0,0,0
408,M00408,L,300.7,309.8,1510,43.8,121,0,0,0,0,0,0
409,H00409,L,299.8,309.1,2429,41.0,165,0,0,0,0,0,0
410,M00410,L,299.6,308.3,2017,32.6,187,0,0,0,0,0,0
411,L00411,L,301.5,310.0,2532,33.0,195,0,0,0,0,0,0
412,M00412,L,299.8,309.7,2716,40.2,134,1,0,0,0,0,0
413,M00413,L,299.1,311.1,1174,32.4,93,0,0,0,0,0,0
414,M00414,M,298.5,309.4,1964,23.2,73,0,0,0,0,0,0
415,M00415,L,296.5,310.3,2101,46.0,134,0,0,0,0,0,0
416,L00416,L,301.3,309.6,2133,44.4,4,0,0,0,0,0,0
417,M00417,L,302.9,309.0,2174,22.9,195,0,0,0,0,0,0
418,M00418,L,298.3,310.8,1507,27.7,46,0,0,0,0,0,0
419,H00419,H,297.5,309.4,1267,43.4,35,0,0,0,0,0,0
420,M00420,L,298.8,309.6,1628,28.5,142,0,0,0,0,0,0
421,H00421,L,300.6,308.8,1826,40.3,38,0,0,0,0,0,0
422,L00422,L,299.0,308.3,1608,48.4,37,0,0,0,0,0,0
423,L00423,H,299.0,310.5,1262,35.4,35,0,0,0,0,0,0
424,L00424,L,299.8,309.9,2368,46.6,114,0,0,0,0,0,0
425,L00425,M,300.2,310.9,2825,34.9,1,0,0,0,0,0,0
426,H00426,L,300.7,310.5,2193,36.7,14,0,0,0,0,0,0
427,M00427,H,299.4,308.8,2459,44.2,83,0,0,0,0,0,0
428,L00428,M,299.4,310.0,1607,46.7,54,0,0,0,0,0,0
429,M00429,L,296.2,310.0,2621,27.5,225,0,0,0,0,0,0
430,H00430,L,301.9,311.0,2764,26.8,76,0,0,0,0,0,0
431,H00431,L,300.5,311.2,1789,24.8,187,1,0,0,0,0,0
432,H00432,L,303.0,308.3,2258,56.8,24,0,0,0,0,0,0
433,L00433,L,301.0,311.1,1725,35.6,13,0,0,0,0,0,0
434,M00434,L,299.9,311.0,2447,33.0,232,0,0,0,0,0,0
435,M00435,L,297.0,309.2,1949,42.9,239,0,0,0,0,0,0
436,M00436,L,296.7,310.0,1552,23.4,245,0,0,0,0,0,0
437,H00437,L,302.1,307.9,1402,36.3,136,0,0,0,0,0,0
438,L00438,L,301.1,309.9,2779,40.1,176,0,0,0,0,0,0
439,H00439,L,302.9,309.0,2107,30.3,117,0,0,0,0,0,0
440,H00440,H,301.9,310.5,1811,28.4,162,0,0,0,0,0,0
441,M00441,L,299.3,310.4,2538,36.2,213,0,0,0,0,0,0
442,H00442,M,295.4,309.9,1818,35.1,4,0,0,0,0,0,0
443,M00443,L,301.2,310.2,1877,34.8,235,0,0,0,0,0,0
444,L00444,L,298.0,309.2,2433,25.1,100,0,0,0,0,0,0
445,M00445,L,299.6,308.9,2607,25.0,205,0,0,0,0,0,0
446,L00446,L,300.8,312.1,1761,52.6,144,0,0,0,0,0,0
447,M00447,M,298.7,311.0,2295,26.9,68,0,0,0,0,0,0
448,H00448,M,298.3,310.1,2817,37.9,204,0,0,0,0,0,0
449,H00449,L,299.4,309.8,2690,38.4,53,0,0,0,0,0,0
450,L00450,H,295.9,312.4,2128,35.2,174,0,0,0,0,0,0
451,L00451,L,297.9,311.7,1828,38.4,222,0,0,0,0,0,0
452,L00452,H,297.9,309.7,1718,36.4,176,0,0,0,0,0,0
453,M00453,H,299.5,309.0,1692,35.8,73,0,0,0,0,0,0
454,M00454,L,298.1,310.1,1668,50.5,239,0,0,0,0,0,0
455,L00455,L,299.0,309.6,1161,30.5,61,0,0,0,0,0,0
456,H00456,L,299.1,309.1,1159,33.6,150,0,0,1,0,0,0
457,M00457,M,304.3,311.4,1306,49.1,92,0,0,1,1,0,0
458,M00458,L,301.5,310.5,2161,34.1,15,0,0,0,1,0,0
459,M00459,H,299.8,309.6,1874,35.5,208,0,0,0,0,0,0
460,L00460,M,300.9,309.6,1290,34.0,134,0,0,0,0,0,0
461,L00461,L,301.8,310.0,1788,50.5,42,0,0,0,0,0,0
462,L00462,L,300.6,309.5,1286,48.9,205,0,0,0,0,0,0
463,L00463,M,297.9,309.4,1840,28.1,171,0,0,0,0,0,0
464,L00464,L,299.7,312.1,2773,54.1,136,0,0,0,0,0,0
465,H00465,M,298.0,309.1,2573,18.3,70,0,0,0,0,0,0
466,H00466,L,299.3,307.8,1592,23.2,205,0,0,0,0,0,0
467,L00467,L,299.7,310.7,2615,24.2,79,0,0,0,0,0,0
468,M00468,L,302.1,311.1,2440,29.0,187,0,0,0,0,0,0
469,L00469,M,298.4,310.2,1825,35.7,137,0,0,0,0,0,0
470,H00470,L,298.3,308.4,2686,29.3,126,0,0,0,0,0,0
471,H00471,M,298.6,309.9,1426,27.9,123,0,0,0,0,0,0
472,M00472,L,298.8,309.5,2857,44.6,132,0,0,0,0,0,0
473,H00473,M,299.4,311.3,2529,36.4,50,0,0,0,0,0,0
474,L00474,L,300.7,309.2,2082,47.3,6,0,0,0,0,0,0
475,M00475,L,298.4,310.2,2827,48.6,21,0,0,0,0,0,0
476,L00476,M,300.2,310.6,2266,41.0,23,0,0,0,0,0,0
477,L00477,L,300.3,309.1,1790,46.3,125,0,0,0,0,0,0
478,M00478,L,301.1,309.4,2309,37.5,103,0,0,0,0,0,0
479,L00479,L,299.6,310.4,1260,26.9,41,0,0,0,0,0,0
480,H00480,M,301.7,306.8,2217,25.2,149,0,0,0,0,0,0
481,L00481,H,300.7,311.4,2040,19.9,246,0,0,0,0,0,0
482,M00482,L,300.6,309.0,1360,47.0,162,0,0,0,0,0,0
483,M00483,L,298.9,310.0,1492,40.8,237,0,0,0,0,0,0
484,M00484,M,300.5,308.6,2532,9.7,115,0,0,0,0,0,0
485,L00485,L,300.7,311.3,1510,45.7,182,0,0,0,0,0,0
486,M00486,H,298.8,310.0,2504,39.9,245,0,0,0,0,0,0
487,M00487,L,302.4,310.2,1560,30.2,130,0,0,0,0,0,0
488,L00488,H,305.2,310.6,1908,30.0,110,0,0,0,0,0,0
489,H00489,M,298.7,311.1,1657,36.4,105,0,0,0,0,0,0
490,L00490,M,299.1,308.9,1381,51.2,198,0,0,0,0,0,0
491,M00491,M,299.1,309.7,1953,39.7,18,0,0,0,0,0,0
492,M00492,L,297.4,311.3,2343,32.1,169,0,1,0,0,0,0
493,L00493,L,298.2,309.6,2577,61.5,173,0,0,0,0,0,0
494,H00494,L,301.7,311.4,1383,49.2,71,0,0,0,0,0,0
495,M00495,M,299.8,310.2,1669,49.0,124,0,0,0,0,0,0
496,M00496,M,303.8,309.6,1451,49.7,214,0,0,0,0,0,0
497,M00497,M,299.4,310.7,1249,51.8,147,0,0,0,0,0,0
498,L00498,L,300.8,309.8,1402,44.2,32,0,0,0,0,0,0
499,M00499,L,298.2,310.9,1457,40.2,133,0,0,0,0,0,0
500,H00500,L,299.8,309.5,1943,41.1,14,0,0,0,0,0,0
501,M00501,M,300.2,310.9,1952,26.2,68,0,0,0,0,0,0
502,M00502,L,295.8,310.4,1536,17.6,205,0,0,0,0,0,0
503,H00503,L,298.4,309.7,2296,47.1,200,0,0,0,0,0,0
504,M00504,M,301.3,308.2,1281,58.2,89,0,1,0,0,0,0
505,L00505,L,301.2,310.5,2409,36.2,223,0,0,0,0,0,0
506,L00506,L,297.5,311.1,1370,53.9,30,1,0,0,0,0,0
507,L00507,L,299.3,310.2,1211,55.4,5,0,0,0,0,0,0
508,H00508,M,295.3,307.8,1981,34.8,128,0,0,0,0,0,0
509,M00509,L,300.0,311.1,1881,52.1,146,0,0,0,0,0,0
510,L00510,M,302.5,310.4,1552,46.3,14,0,0,0,0,0,0
511,H00511,L,302.6,310.6,1320,36.8,33,0,0,0,0,0,0
512,M00512,M,302.5,309.9,2649,45.3,191,0,0,0,0,0,0
513,H00513,L,301.1,308.1,2767,42.9,82,0,0,0,0,0,0
514,L00514,L,302.3,310.6,1163,20.4,176,0,0,0,0,0,0
515,L00515,M,299.6,309.8,1419,64.9,202,0,0,0,0,0,0
516,L00516,M,299.0,309.3,2227,29.3,81,0,0,0,0,0,0
517,H00517,L,302.3,311.7,2586,42.0,215,0,0,0,0,0,0
518,H00518,M,300.6,310.6,2304,58.3,173,0,0,0,0,0,0
519,L00519,L,296.4,310.2,2783,37.3,50,0,0,0,0,0,0
520,H00520,H,302.4,309.1,1862,32.6,200,0,0,0,0,0,0
521,L00521,M,299.6,309.0,2021,41.3,10,0,0,0,0,0,0
522,L00522,L,298.7,310.5,2690,36.5,234,0,0,0,0,0,0
523,M00523,M,302.0,308.0,1778,52.2,3,0,0,0,0,0,0
524,H00524,L,301.7,310.6,1450,31.6,81,0,0,0,0,0,0
525,L00525,L,298.1,310.6,1853,34.3,235,0,0,0,0,0,0
526,L00526,H,299.7,311.4,1576,39.1,214,0,0,0,0,0,0
527,H00527,M,298.2,311.0,1265,27.1,40,0,0,0,0,0,0
528,M00528,L,298.2,311.1,1385,34.5,228,0,0,0,0,0,0
529,M00529,L,294.0,309.4,2736,34.6,191,0,0,0,0,0,0
530,L00530,L,298.0,308.5,1162,27.3,0,0,0,0,0,0,0
531,H00531,H,299.7,310.2,2391,33.8,216,0,0,0,0,0,0
532,M00532,L,294.3,310.4,2502,47.4,8,0,0,1,0,0,0
533,H00533,L,297.3,311.0,1217,20.0,166,0,0,0,0,0,0
534,H00534,L,301.2,311.5,1892,50.1,64,0,0,0,0,0,0
535,L00535,L,297.2,308.8,1986,34.8,115,0,0,0,0,0,0
536,M00536,L,299.7,310.9,1540,43.3,16,0,0,0,0,0,0
537,L00537,L,296.7,307.8,2265,50.0,66,0,0,0,0,0,0
538,M00538,L,300.8,310.3,1253,30.6,86,0,0,0,0,0,0
539,M00539,L,299.3,310.7,2763,44.5,0,0,0,0,0,0,0
540,M00540,H,298.2,308.5,2599,26.9,151,0,0,0,0,0,0
541,M00541,L,294.7,310.6,1763,26.0,204,0,0,0,0,0,0
542,M00542,M,298.2,308.9,1922,37.5,121,0,0,0,0,0,0
543,H00543,M,301.3,309.6,1453,38.4,147,0,0,0,0,0,0
544,L00544,M,303.1,310.9,1528,49.6,191,0,0,0,0,0,0
545,H00545,M,299.6,309.7,2521,25.2,147,0,0,0,0,0,0
546,M00546,L,299.8,309.7,2348,45.9,123,0,0,0,0,0,0
547,L00547,L,298.6,310.3,2565,35.8,203,0,0,0,0,0,0
548,M00548,L,302.5,310.8,2578,38.6,80,0,0,0,0,0,0
549,L00549,L,299.5,310.0,1237,18.5,84,0,0,0,0,0,0
550,H00550,M,301.8,311.6,1779,37.7,167,0,0,0,0,0,0
551,L00551,M,300.5,309.7,2826,47.4,215,0,0,0,0,0,0
552,L00552,M,300.2,311.2,1774,36.8,157,1,0,0,0,0,0
553,L00553,L,298.0,310.5,2422,36.2,150,0,0,0,0,0,0
554,L00554,H,303.6,310.7,1515,58.3,22,0,0,0,0,0,0
555,L00555,L,302.9,308.8,2262,39.3,119,0,0,0,0,0,0
556,M00556,L,304.5,311.2,2026,22.0,55,0,0,0,0,0,0
557,L00557,L,297.8,310.1,1881,24.0,46,0,0,0,0,0,0
558,L00558,M,300.5,312.3,2148,54.5,144,0,0,0,0,0,0
559,H00559,L,298.4,310.3,1605,34.7,1,0,0,0,0,0,0
560,L00560,H,300.9,310.0,1564,47.9,105,0,0,0,0,0,0
561,H00561,H,300.6,309.5,1604,36.0,215,0,0,0,0,0,0
562,M00562,M,299.2,310.0,2736,43.8,32,0,0,0,0,0,0
563,L00563,L,299.5,311.4,1660,35.3,248,0,0,0,0,0,0
564,H00564,M,304.2,310.8,2348,38.4,248,1,0,0,0,0,0
565,H00565,M,299.7,310.3,2084,44.4,236,0,0,0,0,0,0
566,M00566,L,295.6,310.9,1358,27.2,107,0,0,0,0,0,0
567,L00567,L,298.9,309.6,2802,42.7,14,0,0,0,0,0,0
568,L00568,L,297.8,309.5,2486,41.7,31,0,0,0,0,0,0
569,H00569,L,298.2,309.4,1520,24.4,105,0,0,0,0,0,0
570,L00570,L,301.4,311.0,2486,66.7,161,0,0,0,0,0,0
571,H00571,H,301.8,311.1,1952,36.2,187,0,0,0,0,0,0
572,L00572,L,298.3,309.2,2677,29.3,213,0,0,0,0,0,0
573,H00573,L,298.9,309.3,1235,54.7,30,0,0,0,0,0,0
574,L00574,H,298.6,309.9,1796,27.4,14,0,0,0,0,0,0
575,M00575,L,303.0,309.0,1970,33.8,147,0,0,0,0,0,0
576,L00576,M,301.8,310.2,2439,41.4,105,1,0,0,0,0,0
577,L00577,L,301.4,311.4,2393,34.0,214,0,0,0,0,0,0
578,M00578,L,297.9,310.4,1444,45.2,30,0,0,0,0,0,0
579,L00579,L,296.6,311.0,1655,45.4,1,0,0,0,0,0,0
580,M00580,L,302.5,308.7,2336,32.1,12,0,0,0,0,0,0
581,L00581,L,303.8,309.5,2300,54.7,233,0,0,0,0,0,0
582,H00582,M,296.5,308.1,1976,36.9,95,0,0,0,0,0,0
583,H00583,L,304.5,309.9,1266,42.0,112,0,0,1,0,0,0
584,L00584,M,299.8,312.2,2579,36.1,143,0,0,0,0,0,0
585,L00585,L,300.3,311.8,1798,35.5,14,0,0,0,0,0,0
586,L00586,L,297.4,310.4,1505,39.3,24,0,0,0,0,0,0
587,H00587,M,296.5,310.1,1925,58.5,75,0,0,0,0,0,0
588,L00588,L,295.5,310.5,2172,44.2,27,0,0,0,0,0,0
589,H00589,M,302.1,308.8,2395,29.5,104,0,0,0,0,0,0
590,M00590,H,299.8,310.2,2549,40.8,11,0,0,0,0,0,0
591,H00591,M,300.9,307.9,2487,34.4,120,0,0,0,0,0,0
592,H00592,L,302.3,307.4,2323,49.7,212,0,0,0,0,0,0
593,M00593,L,299.8,309.7,1385,38.9,203,0,0,0,0,0,0
594,H00594,M,303.4,312.4,2341,25.8,242,0,0,0,0,0,0
595,L00595,M,298.3,311.7,2668,44.1,181,0,0,0,0,0,0
596,L00596,L,299.2,311.1,2585,31.7,185,0,0,0,0,0,0
597,H00597,L,298.2,310.0,2091,44.0,112,0,0,0,0,0,0
598,L00598,L,301.7,311.6,1218,49.6,143,0,0,0,0,0,0
599,H00599,L,302.2,309.5,2737,37.1,189,0,0,0,0,0,0
600,L00600,L,299.1,308.8,1416,38.4,73,0,0,0,0,0,0
601,L00601,L,297.2,309.4,2323,41.7,247,0,0,0,0,0,0
602,H00602,M,302.5,308.4,1964,33.4,137,0,0,0,0,0,0
603,L00603,H,298.2,312.3,2698,40.9,243,0,0,0,0,0,0
604,H00604,M,299.2,310.5,1531,42.1,193,0,0,0,0,0,0
605,L00605,L,297.9,309.1,2785,31.1,90,0,0,0,0,0,0
606,L00606,L,300.6,309.9,1523,52.0,51,0,0,0,0,0,0
607,M00607,H,298.5,309.9,1834,22.8,29,0,0,0,0,0,0
608,M00608,H,301.4,311.4,1655,48.1,96,0,0,0,0,0,0
609,H00609,H,298.9,312.2,1386,53.8,15,0,0,0,0,0,0
610,M00610,M,301.1,311.1,2760,47.9,137,0,0,0,0,0,0
611,H00611,L,298.2,310.7,1474,29.4,142,0,0,0,0,0,0
612,M00612,M,302.5,310.3,2423,48.7,25,0,0,0,0,0,0
613,L00613,L,299.0,310.1,1739,61.0,188,0,0,0,0,0,0
614,H00614,L,300.2,310.1,1939,38.2,247,0,0,0,0,0,0
615,H00615,M,297.6,310.1,2624,40.0,14,0,0,0,0,0,0
616,L00616,L,300.0,309.8,1903,47.7,133,0,0,0,0,0,0
617,H00617,L,297.7,309.6,2595,31.3,208,0,0,0,0,0,0
618,H00618,L,299.9,308.9,2389,24.7,108,0,0,0,0,0,0
619,M00619,L,298.1,309.8,1881,44.2,128,0,0,0,0,0,0
620,H00620,M,299.7,308.7,1170,40.4,113,0,0,0,0,0,0
621,L00621,L,300.9,309.4,1454,29.6,86,0,0,0,0,0,0
622,M00622,L,297.3,309.9,2526,43.9,225,0,0,0,0,0,0
623,M00623,L,299.9,310.3,1753,36.5,162,0,0,0,0,0,0
624,L00624,L,300.8,310.2,1956,43.8,123,0,0,0,0,0,0
625,L00625,L,300.8,310.5,2159,41.9,106,0,0,0,0,0,0
626,M00626,M,303.8,310.4,1594,41.3,88,0,0,0,0,0,0
627,H00627,L,298.5,311.8,2785,39.9,128,0,0,0,0,0,0
628,M00628,M,300.0,311.7,1415,22.5,88,0,0,0,0,0,0
629,L00629,H,303.5,309.6,2146,25.0,37,0,0,0,0,0,0
630,M00630,M,297.3,310.9,2341,58.0,207,0,0,0,0,0,0
631,L00631,L,295.4,309.8,2231,53.8,238,0,0,0,0,0,0
632,M00632,L,301.1,308.3,1750,37.2,40,0,0,0,0,0,0
633,H00633,M,302.1,310.7,2858,44.3,139,0,0,0,0,0,0
634,M00634,L,295.8,309.5,2830,23.3,191,0,0,0,0,0,0
635,M00635,M,299.4,309.3,1782,25.1,137,0,0,0,0,0,0
636,L00636,M,298.0,309.4,1906,10.5,154,0,0,0,0,0,0
637,L00637,H,300.6,309.2,1473,29.2,247,0,0,0,0,0,0
638,L00638,H,299.9,311.8,2439,33.5,166,0,0,0,0,0,0
639,M00639,L,302.6,308.8,2235,47.1,233,0,0,0,0,0,0
640,H00640,L,297.3,309.8,1238,37.7,198,0,0,0,0,0,0
641,L00641,H,300.8,308.3,1565,42.7,69,0,0,0,0,0,0
642,L00642,L,301.2,309.3,2757,36.3,44,0,0,0,0,0,0
643,M00643,L,300.1,308.7,1831,38.7,10,0,0,0,0,0,0
644,L00644,M,296.0,310.5,2858,36.3,23,0,0,0,0,0,0
645,H00645,L,300.8,308.5,2249,42.6,56,0,0,0,0,0,0
646,H00646,M,298.5,311.4,1554,12.6,39,0,0,0,0,0,0
647,L00647,M,296.5,308.7,1514,40.0,88,0,0,0,0,0,0
648,L00648,L,300.7,309.0,2843,38.4,36,0,0,0,0,0,0
649,M00649,H,301.5,310.7,1534,56.7,2,0,0,0,0,0,0
650,H00650,M,298.8,311.9,1158,42.3,195,0,0,0,0,0,0
651,H00651,M,301.7,309.6,1664,55.9,67,0,0,0,0,0,0
652,L00652,L,301.7,310.6,2542,32.1,120,0,0,0,0,0,0
653,M00653,L,300.0,309.0,1458,32.5,232,0,0,0,0,0,0
654,H00654,M,301.2,309.5,1319,56.8,128,0,0,0,0,0,0
655,H00655,L,302.0,309.9,1296,37.6,93,0,0,0,0,0,0
656,M00656,L,301.1,309.2,2691,31.9,206,0,0,0,0,0,0
657,M00657,M,295.4,311.1,2856,40.2,44,0,0,0,0,0,0
658,H00658,L,295.0,310.8,1229,41.9,30,0,0,0,0,0,0
659,H00659,L,302.1,309.5,1953,52.3,36,0,0,0,0,0,0
660,M00660,L,298.6,307.5,1601,32.0,113,0,0,0,0,0,0
661,H00661,L,299.0,309.3,2639,47.4,196,0,0,0,0,0,0
662,L00662,M,303.8,311.3,2127,57.5,42,0,0,0,0,0,0
663,L00663,L,298.5,309.9,1956,51.2,84,1,0,0,0,0,0
664,M00664,L,299.7,311.0,2728,58.1,98,0,0,0,0,0,0
665,M00665,M,300.0,311.7,1906,40.1,3,0,0,0,0,0,0
666,M00666,H,299.6,310.6,2585,46.0,198,0,0,0,0,0,0
667,L00667,M,302.7,311.1,2735,32.3,121,0,0,0,0,0,0
668,H00668,L,299.3,309.4,1444,64.6,28,0,0,0,0,0,0
669,L00669,L,301.4,311.2,2303,49.0,99,0,0,0,0,0,0
670,H00670,M,300.1,309.8,2338,42.3,98,0,0,0,0,0,0
671,L00671,L,301.9,309.2,1762,39.5,95,0,0,0,0,0,0
672,H00672,M,297.3,312.1,2032,18.7,105,0,0,0,0,0,0
673,L00673,L,295.5,310.0,1599,18.3,243,0,0,0,0,0,0
674,M00674,L,300.1,309.3,2680,29.1,138,0,0,0,0,0,0
675,L00675,M,298.3,310.4,1218,34.6,241,0,0,0,0,0,0
676,H00676,M,302.9,308.9,1705,46.5,32,0,0,0,0,0,0
677,L00677,M,299.8,308.7,2058,48.1,180,0,0,0,0,0,0
678,L00678,L,300.4,309.8,2835,40.0,232,0,0,0,0,0,0
679,L00679,L,299.4,308.6,1649,43.2,120,0,0,0,0,0,0
680,M00680,L,298.7,309.5,2308,38.2,16,0,0,0,0,0,0
681,L00681,L,300.1,308.7,1979,51.0,139,0,0,0,0,0,0
682,M00682,L,302.0,311.0,1651,32.7,0,0,0,0,0,0,0
683,M00683,L,299.4,311.7,2123,36.9,183,0,0,0,0,0,0
684,L00684,L,299.2,308.6,2518,41.9,22,0,0,0,0,0,0
685,L00685,H,301.6,312.1,1879,32.3,6,0,0,0,0,0,0
686,L00686,M,296.6,310.8,2050,25.1,77,0,0,0,0,0,0
687,H00687,H,302.4,310.2,1809,43.6,168,0,0,0,0,0,0
688,L00688,L,298.4,308.5,2811,62.5,235,0,0,0,0,0,0
689,M00689,H,301.9,308.4,1910,41.1,52,0,0,0,0,0,0
690,L00690,L,300.6,310.0,1203,47.5,231,0,0,0,0,0,0
691,H00691,L,295.8,309.8,1481,36.6,6,1,0,0,0,0,0
692,L00692,M,300.0,309.7,2108,44.0,205,0,0,0,0,0,0
693,H00693,L,302.6,310.0,2593,25.9,97,0,0,0,0,0,0
694,H00694,L,299.4,309.3,1805,29.2,193,0,0,0,0,0,0
695,L00695,L,299.6,309.8,1462,46.1,83,0,0,0,0,0,0
696,M00696,L,298.5,310.0,2311,37.6,208,0,0,0,0,0,0
697,H00697,M,302.4,312.6,1504,23.3,73,0,0,0,1,0,0
698,L00698,M,299.1,307.7,2675,35.8,180,0,0,0,0,0,0
699,L00699,M,303.6,310.4,1374,49.2,4,0,0,0,0,0,0
700,M00700,L,302.3,310.1,1763,33.7,96,0,0,0,0,0,0
701,H00701,M,302.7,310.0,1248,17.3,100,0,0,0,0,0,0
702,H00702,L,300.2,310.4,1456,57.6,163,0,0,0,0,0,0
703,L00703,L,299.0,312.0,1944,41.1,43,0,0,0,0,0,0
704,L00704,H,301.0,310.3,1540,56.3,109,0,0,0,0,0,0
705,M00705,L,303.1,308.5,2264,43.5,121,0,0,0,0,0,0
706,M00706,M,303.5,310.4,1523,33.5,138,0,0,0,0,0,0
707,H00707,L,296.3,309.8,1353,43.5,191,0,0,0,0,0,0
708,H00708,M,305.4,309.4,1758,43.2,148,0,0,0,0,0,0
709,L00709,M,300.5,310.2,1782,58.3,131,0,0,0,0,0,0
710,H00710,L,301.6,309.9,2290,52.9,88,0,0,0,0,0,0
711,M00711,L,298.2,309.8,1215,46.9,232,0,0,0,0,0,0
712,M00712,M,298.1,309.9,1280,43.8,34,0,0,0,0,0,0
713,L00713,L,297.1,308.8,1928,40.8,34,0,0,0,0,0,0
714,M00714,L,303.4,310.7,2050,34.2,34,0,0,0,0,0,0
715,M00715,M,298.6,309.9,1977,50.8,166,0,0,0,0,0,0
716,M00716,L,299.8,310.3,2559,35.8,32,0,0,0,0,0,0
717,M00717,M,299.4,309.1,1241,37.6,76,0,0,0,0,0,0
718,L00718,L,298.0,308.9,2250,40.7,67,0,0,0,0,0,0
719,L00719,L,299.6,309.6,2425,33.7,120,0,0,0,0,1,0
720,H00720,M,300.2,310.0,1888,35.5,171,0,0,0,0,0,0
721,M00721,L,302.5,309.6,2493,40.0,231,0,0,0,0,0,0
722,H00722,L,297.9,310.1,1802,39.2,50,0,0,0,0,0,0
723,L00723,L,298.8,307.8,1203,54.6,247,1,0,0,0,0,0
724,L00724,L,301.1,312.0,2825,24.7,37,0,0,0,0,0,0
725,L00725,L,300.1,309.2,1807,45.6,41,0,0,0,0,0,0
726,L00726,L,300.1,308.8,2318,35.2,172,0,0,0,0,0,0
727,L00727,L,298.1,311.1,1828,36.5,29,0,0,0,0,0,0
728,L00728,L,301.6,308.8,2259,16.2,218,0,1,0,0,0,0
729,L00729,M,302.8,310.2,2314,32.5,162,0,0,0,0,0,0
730,M00730,M,302.6,308.8,1194,45.2,27,0,0,0,0,0,0
731,H00731,L,299.6,309.7,2813,33.1,168,0,0,0,0,0,0
732,L00732,M,294.8,309.7,1266,35.2,105,0,0,0,0,0,0
733,M00733,M,300.5,309.2,1296,37.0,172,0,0,0,1,0,0
734,M00734,L,300.2,310.9,1808,42.0,47,1,0,0,0,0,0
735,H00735,M,298.0,311.4,2194,56.6,54,0,0,0,0,0,0
736,L00736,L,298.4,309.2,1685,39.3,135,0,0,0,0,0,0
737,H00737,M,298.0,310.1,2331,68.9,153,0,0,0,0,0,0
738,L00738,L,300.5,308.7,2649,65.9,106,0,0,0,0,0,0
739,M00739,L,298.4,310.1,2221,56.4,225,0,0,0,1,0,0
740,M00740,M,300.3,310.8,1568,50.2,124,0,0,0,0,0,0
741,M00741,L,304.8,310.1,2283,43.5,114,0,0,0,0,0,0
742,M00742,L,299.6,309.4,2162,55.2,156,0,0,0,0,0,0
743,H00743,L,297.7,309.7,1720,61.1,54,0,0,0,0,0,0
744,L00744,L,297.1,309.5,2147,41.1,193,0,0,0,0,0,0
745,L00745,M,300.7,309.8,2702,42.7,69,0,0,0,0,0,0
746,H00746,M,304.0,309.3,2477,47.7,47,0,0,0,0,0,0
747,L00747,L,298.2,310.2,1631,39.0,207,0,0,0,0,0,0
748,M00748,L,295.7,308.8,2740,54.8,6,0,0,0,0,0,0
749,L00749,M,303.4,307.2,2310,27.7,74,0,0,0,0,0,0
750,M00750,L,305.0,311.1,2250,43.4,122,0,0,0,0,0,0
751,H00751,M,301.5,309.9,1419,28.1,79,0,1,0,0,0,0
752,L00752,L,300.9,310.1,2071,39.6,133,0,0,0,0,0,0
753,H00753,L,300.1,309.3,1841,32.6,164,0,0,0,0,0,0
754,L00754,L,301.4,309.6,2258,39.4,136,0,0,0,0,0,0
755,M00755,L,301.3,308.9,1961,23.2,2,0,0,0,0,0,0
756,H00756,L,300.6,311.2,2641,46.0,180,0,0,0,0,0,0
757,L00757,L,298.1,309.5,2824,36.2,92,0,0,0,0,0,0
758,M00758,L,300.6,308.5,2855,50.6,116,0,0,0,0,0,0
759,H00759,L,299.8,310.7,1391,39.5,135,0,0,0,0,0,0
760,H00760,L,298.4,311.1,2080,48.4,167,0,0,0,0,0,0
761,L00761,L,300.6,309.8,2237,35.3,16,0,0,0,0,0,0
762,L00762,L,299.0,311.5,2413,48.0,125,0,0,0,0,0,0
763,L00763,L,300.1,310.3,2268,61.1,229,0,0,0,0,0,0
764,M00764,L,300.9,309.9,2831,32.4,107,0,0,0,0,0,0
765,L00765,M,301.2,309.9,1547,48.1,197,0,0,0,0,0,0
766,H00766,M,299.1,310.5,2037,27.6,46,0,0,0,0,0,0
767,H00767,L,300.9,311.1,1198,38.6,10,0,0,0,0,0,0
768,L00768,L,301.4,310.5,2626,21.5,137,0,0,0,0,0,0
769,L00769,L,301.9,310.3,1294,46.6,60,1,0,0,0,0,0
770,H00770,M,300.6,310.1,2066,34.1,129,1,0,0,0,0,0
771,M00771,L,301.2,310.7,1547,47.5,244,0,0,0,0,0,0
772,L00772,L,299.2,309.4,1920,43.0,156,0,0,0,0,0,0
773,L00773,M,305.2,308.5,1820,37.6,69,0,0,0,0,0,0
774,H00774,L,299.9,310.2,2476,47.8,50,0,0,0,0,0,0
775,L00775,L,302.2,309.0,1577,50.6,240,0,0,0,0,0,0
776,M00776,L,299.0,308.5,2190,35.8,72,0,0,0,0,0,0
777,H00777,M,300.7,311.6,1230,51.0,127,0,0,0,0,0,0
778,L00778,L,300.7,306.7,1333,37.7,193,0,0,0,0,0,0
779,H00779,M,301.1,310.6,1616,12.6,67,1,0,0,0,0,0
780,L00780,M,298.3,308.9,1432,42.2,56,0,0,0,0,0,0
781,L00781,L,300.8,309.2,2244,33.5,168,0,0,0,0,0,0
782,L00782,L,299.0,310.4,1239,36.2,231,0,0,0,0,0,0
783,M00783,L,301.6,312.3,1858,19.8,93,0,0,0,0,0,0
784,M00784,M,298.2,310.7,1791,43.0,191,0,0,0,0,0,0
785,H00785,M,300.6,309.0,2765,33.1,131,0,0,0,0,0,0
786,L00786,L,299.9,310.0,2538,34.8,128,0,0,0,0,0,0
787,L00787,M,303.7,309.7,1352,50.6,234,0,0,0,0,0,0
788,M00788,L,302.2,307.9,2404,18.9,202,0,0,0,0,0,0
789,L00789,L,302.7,310.1,1748,43.7,6,0,0,0,0,0,0
790,M00790,H,298.5,309.3,1155,43.9,81,0,0,0,0,0,0
791,L00791,M,299.2,310.7,1506,42.4,135,0,0,0,0,0,0
792,H00792,L,300.0,309.7,2622,51.1,93,0,0,0,0,0,0
793,L00793,M,302.3,311.5,2319,48.8,78,0,0,0,0,0,0
794,L00794,H,300.8,310.4,1204,41.3,185,0,0,0,0,0,0
795,M00795,M,298.5,310.2,2240,32.5,9,0,0,0,0,0,0
796,L00796,M,298.6,312.0,1296,35.5,109,0,0,0,0,0,0
797,L00797,M,302.4,310.3,1735,39.8,193,0,0,0,0,0,0
798,M00798,L,300.8,311.6,2129,16.7,105,0,0,0,0,0,0
799,H00799,M,300.1,308.9,2824,35.0,114,0,0,0,0,0,0
800,H00800,L,299.9,308.0,1885,52.0,206,0,0,0,0,0,0
801,M00801,M,301.8,310.2,2405,36.1,149,0,0,0,0,0,0
802,M00802,L,297.9,311.2,2641,48.1,179,0,0,0,0,0,0
803,M00803,M,300.1,308.9,1844,48.7,225,0,0,0,0,0,0
804,M00804,L,300.2,309.6,2269,52.1,176,0,0,0,0,0,0
805,M00805,L,297.5,308.3,2664,36.8,66,0,0,0,0,0,0
806,H00806,L,299.6,310.0,2003,37.5,3,0,0,0,0,0,0
807,H00807,H,304.6,310.0,1397,43.1,88,0,0,0,0,0,0
808,M00808,H,298.3,310.6,1281,32.0,184,0,0,0,0,0,0
809,L00809,L,300.3,309.5,2698,33.0,68,0,0,0,0,0,0
810,M00810,H,295.8,309.7,2243,50.0,203,0,0,0,0,0,0
811,L00811,M,299.7,310.6,1498,33.0,52,0,0,0,0,0,0
812,M00812,M,297.9,310.2,1591,45.1,182,0,0,0,0,0,0
813,M00813,L,299.3,310.4,1405,44.0,151,0,0,0,0,0,0
814,H00814,H,300.9,310.9,2559,39.9,82,0,0,0,0,0,0
815,L00815,L,297.7,310.7,1654,42.7,223,0,0,0,0,0,0
816,L00816,M,300.5,312.1,2774,46.8,126,0,0,0,0,0,0
817,H00817,M,298.4,310.4,1565,54.4,139,0,0,0,0,0,0
818,H00818,M,297.3,310.4,1468,30.6,228,0,0,0,0,0,0
819,H00819,M,302.0,309.7,1465,30.2,182,0,0,0,0,0,0
820,H00820,L,298.1,310.1,2839,39.0,46,0,0,0,0,0,0
821,L00821,L,299.2,308.7,2135,43.5,26,0,0,0,0,1,0
822,L00822,L,298.9,309.4,2147,42.8,145,1,0,0,0,0,0
823,M00823,L,300.4,311.1,2835,57.2,216,0,0,0,0,0,0
824,M00824,L,300.1,308.4,1479,30.4,50,0,0,0,0,0,0
825,H00825,M,299.7,311.4,2305,23.5,86,0,0,0,0,0,0
826,H00826,M,298.6,309.7,2317,45.1,187,0,0,0,0,0,0
827,H00827,L,299.5,309.1,2420,42.2,184,0,0,0,0,0,0
828,M00828,L,300.6,309.7,2236,38.6,120,0,0,0,0,0,0
829,M00829,L,300.2,310.6,2855,48.1,66,0,0,0,0,0,0
830,M00830,L,302.2,310.1,2676,23.7,1,0,0,0,0,0,0
831,M00831,L,301.5,311.9,2409,22.7,138,0,0,0,0,0,0
832,M00832,M,302.2,310.4,2570,20.0,237,0,0,0,0,0,0
833,M00833,L,302.7,310.5,1950,32.9,244,0,0,0,0,0,0
834,M00834,M,300.4,310.5,1272,52.2,100,0,0,0,0,0,0
835,H00835,L,301.7,310.1,1419,25.2,221,0,0,0,0,0,0
836,H00836,M,300.7,309.8,1157,40.4,140,0,0,0,0,0,0
837,H00837,M,302.7,310.1,1879,43.0,167,0,0,0,0,0,0
838,H00838,H,296.5,310.2,1491,55.5,133,0,0,0,0,0,0
839,M00839,M,299.4,309.9,1835,31.4,11,0,0,0,0,0,0
840,L00840,H,300.8,311.3,2811,31.0,230,0,0,0,0,0,0
841,M00841,M,301.1,311.2,2488,50.4,42,0,0,0,0,0,0
842,L00842,M,300.0,308.8,1977,29.3,71,0,0,0,0,0,0
843,H00843,L,296.7,311.0,2734,52.1,72,0,0,0,0,0,0
844,M00844,L,299.6,310.0,1485,43.6,3,0,0,0,0,0,0
845,H00845,L,301.6,309.7,1897,22.3,164,0,0,0,0,0,0
846,M00846,M,299.4,310.7,2010,46.5,163,0,0,0,0,0,0
847,H00847,L,300.2,310.3,1405,44.5,31,0,0,0,0,0,0
848,L00848,M,303.8,309.1,1265,37.6,184,0,0,0,0,0,0
849,L00849,H,299.6,310.8,1940,33.7,139,0,0,0,0,0,0
850,L00850,L,299.7,309.9,2562,56.2,145,0,0,0,0,0,0
851,M00851,L,300.4,310.8,2258,15.5,188,0,0,1,0,0,0
852,L00852,H,300.5,310.0,2805,24.9,30,0,0,0,0,0,0
853,M00853,L,300.3,310.8,1199,34.7,238,0,0,0,0,0,0
854,L00854,M,300.8,310.9,2337,44.8,167,0,0,0,0,0,0
855,L00855,L,297.6,311.2,2321,40.0,106,0,0,0,0,0,0
856,M00856,M,299.8,309.4,1704,32.9,173,0,0,0,0,0,0
857,M00857,L,297.5,311.8,2309,45.3,166,0,0,0,0,0,0
858,L00858,M,300.1,309.9,2391,22.6,62,0,0,0,0,0,0
859,M00859,L,301.2,308.8,1655,43.6,220,0,0,0,0,0,0
860,L00860,L,299.7,310.2,2545,37.0,239,0,0,0,0,0,0
861,M00861,L,298.1,309.8,1383,46.7,54,0,0,0,0,0,0
862,H00862,L,299.1,309.4,1924,44.9,39,0,0,0,0,0,0
863,H00863,H,303.6,310.1,2288,47.6,156,0,0,0,0,0,0
864,H00864,M,302.9,310.8,1338,33.9,218,0,0,0,0,0,0
865,H00865,L,298.9,310.3,2590,32.6,138,0,0,0,0,0,0
866,H00866,L,298.9,311.3,2370,41.9,96,0,0,0,0,0,0
867,L00867,L,299.8,309.9,1699,25.4,240,0,0,0,0,0,0
868,H00868,M,302.5,310.4,1673,62.2,38,0,0,0,0,0,0
869,H00869,M,296.5,310.2,2809,56.1,209,0,0,0,0,0,0
870,H00870,L,298.9,311.9,2729,24.4,171,0,0,0,0,0,0
871,H00871,M,300.8,309.0,1970,42.3,19,0,0,0,0,0,0
872,M00872,M,300.6,309.4,1163,51.8,219,0,0,0,0,0,0
873,L00873,H,299.1,312.1,2116,36.1,213,0,0,0,0,0,0
874,H00874,H,299.5,309.8,2009,32.5,95,0,0,0,0,0,0
875,H00875,M,300.7,308.4,2737,51.8,84,0,0,0,0,0,0
876,H00876,M,299.2,312.0,2418,53.5,100,0,0,0,0,0,0
877,L00877,L,297.9,309.0,2475,23.9,26,0,0,0,0,0,0
878,M00878,M,299.6,310.1,2637,41.2,37,0,0,0,0,0,0
879,L00879,L,300.4,311.1,2815,38.8,217,0,0,0,0,0,0
880,M00880,L,295.8,310.9,1582,22.4,86,0,0,0,0,0,0
881,H00881,L,300.8,309.1,1761,23.9,97,0,0,0,0,0,0
882,H00882,M,301.9,312.4,1611,30.8,75,0,0,0,0,1,0
883,L00883,L,299.3,310.5,2027,40.2,10,0,0,0,0,0,0
884,L00884,L,299.3,310.0,1433,52.9,163,0,0,0,0,0,0
885,M00885,L,298.5,309.0,1772,12.2,159,0,0,0,0,0,0
886,M00886,L,299.7,310.5,1949,41.2,230,0,0,0,0,0,0
887,L00887,L,298.9,311.5,2777,30.5,228,0,0,0,0,0,0
888,M00888,M,302.9,309.7,2761,45.3,106,0,0,0,0,0,0
889,L00889,M,300.2,308.2,1866,50.2,189,0,0,0,0,0,0
890,M00890,L,295.7,309.3,1683,50.5,123,0,0,0,0,0,0
891,L00891,M,301.1,309.7,1831,39.0,15,0,0,0,0,0,0
892,L00892,M,303.4,308.5,2541,36.6,41,0,0,0,0,0,0
893,L00893,L,301.0,310.5,2170,53.3,158,0,0,0,0,0,0
894,M00894,M,302.4,310.7,2330,36.7,232,0,0,0,0,0,0
895,M00895,H,301.4,309.3,1883,40.6,69,0,0,0,0,0,0
896,M00896,L,302.0,310.8,2636,35.4,12,0,0,0,0,0,0
897,L00897,L,301.9,309.1,2753,43.4,35,0,0,0,0,0,0
898,M00898,H,301.9,308.7,1310,26.3,74,0,0,0,0,0,0
899,M00899,M,300.6,308.9,1323,37.1,138,0,0,0,0,0,0
900,L00900,L,296.6,309.2,2054,40.9,123,0,0,0,0,0,0
901,H00901,L,297.8,310.8,2672,50.3,125,0,0,0,0,0,0
902,L00902,L,297.9,310.6,2723,38.3,47,0,0,0,0,0,0
903,M00903,M,294.9,309.1,2509,15.5,249,0,0,0,0,0,0
904,L00904,L,299.1,309.3,1175,34.1,147,0,0,0,0,0,0
905,H00905,L,302.8,311.8,2677,54.6,156,0,0,0,0,0,0
906,L00906,M,297.1,310.8,2472,41.6,18,0,0,0,0,0,0
907,M00907,L,301.5,308.6,1586,32.8,124,0,0,0,0,0,0
908,H00908,L,301.1,311.3,1908,29.9,221,0,0,0,0,0,0
909,M00909,L,300.5,312.3,1160,43.7,133,0,0,0,0,0,0
910,H00910,M,302.4,310.0,2411,33.1,55,0,0,0,0,0,0
911,H00911,L,299.9,309.7,1768,40.3,208,0,0,0,0,0,0
912,L00912,M,303.0,309.6,2583,32.3,126,0,0,0,0,0,0
913,L00913,L,299.6,309.7,2507,31.1,209,0,0,0,0,0,0
914,M00914,L,300.7,310.8,2486,36.1,99,0,0,0,0,0,0
915,L00915,L,299.7,309.4,2174,38.8,118,0,0,0,0,0,0
916,L00916,L,298.2,310.8,1672,39.4,145,0,0,0,0,0,0
917,H00917,M,297.3,310.0,2843,37.2,234,0,0,0,0,0,0
918,L00918,L,301.2,309.4,1237,51.0,203,0,0,0,0,1,0
919,H00919,M,302.7,310.4,1391,35.9,41,0,0,0,0,0,0
920,H00920,L,300.5,309.8,2158,54.4,59,0,0,0,0,0,0
921,H00921,H,301.0,309.4,2305,38.4,55,0,0,0,0,0,0
922,M00922,M,296.9,310.0,1747,33.4,2,0,0,0,0,0,0
923,M00923,M,300.8,310.0,2795,43.0,238,0,0,0,0,0,0
924,M00924,L,295.8,309.5,2501,47.5,209,0,0,0,0,0,0
925,H00925,L,297.6,309.2,1260,31.8,207,0,0,0,0,0,0
926,M00926,L,302.7,310.1,1438,25.7,166,0,0,0,0,0,0
927,M00927,H,300.0,310.2,2590,50.0,42,0,0,0,0,0,0
928,L00928,L,300.2,310.4,1223,53.4,155,0,0,0,0,0,0
929,M00929,M,301.1,310.4,1257,45.4,169,0,0,0,0,0,0
930,M00930,M,301.6,311.3,2689,32.5,136,0,0,0,0,0,0
931,H00931,L,299.5,308.9,2840,38.5,83,0,0,0,0,0,0
932,H00932,M,300.6,311.6,1950,28.0,17,0,0,0,0,0,0
933,H00933,M,299.9,308.7,1886,50.3,88,0,0,0,0,0,0
934,H00934,M,296.9,311.2,2278,42.2,249,0,0,0,0,0,0
935,H00935,L,299.3,310.5,2555,44.5,20,0,0,0,0,0,0
936,H00936,L,300.8,309.5,2769,41.3,236,0,0,1,0,0,0
937,M00937,L,299.2,307.6,1226,40.0,153,0,0,0,0,0,0
938,H00938,M,299.2,308.5,1352,42.1,22,0,0,0,0,0,0
939,H00939,M,301.6,309.4,2000,40.0,137,0,0,0,0,0,0
940,L00940,L,300.3,310.4,2674,51.7,244,0,0,0,0,0,0
941,M00941,H,300.7,309.5,2414,26.0,171,1,0,0,0,0,0
942,M00942,L,296.8,310.0,1949,31.3,12,0,0,0,0,0,0
943,M00943,M,300.9,309.6,1856,36.4,180,0,0,0,0,0,0
944,H00944,H,297.8,310.2,2545,38.1,245,0,0,0,0,0,0
945,H00945,M,300.0,308.6,2378,50.0,36,0,0,0,0,0,0
946,H00946,M,297.9,309.7,1561,26.4,183,0,0,0,0,0,0
947,L00947,L,301.9,310.5,2387,45.4,186,0,0,0,0,0,0
948,H00948,L,303.7,312.5,1590,38.6,139,0,0,0,0,0,0
949,L00949,M,299.7,310.8,2704,48.5,227,0,0,0,0,0,0
950,M00950,L,299.7,309.8,2844,43.9,2,1,0,0,0,0,0
951,H00951,L,302.1,309.4,2385,38.7,141,0,0,0,0,0,0
952,L00952,M,301.1,310.5,1202,30.1,162,0,0,0,0,0,0
953,L00953,L,299.9,309.2,2684,43.4,97,0,0,0,0,0,0
954,H00954,H,300.7,310.1,2261,36.0,231,0,0,0,0,0,0
955,M00955,M,304.1,310.3,1821,38.9,92,0,0,0,0,0,0
956,M00956,M,298.7,309.8,1158,47.8,157,0,0,0,0,0,0
957,M00957,M,298.8,311.0,1840,54.8,70,1,0,0,0,0,0
958,L00958,M,301.6,309.9,1232,23.7,117,0,0,0,0,0,0
959,L00959,M,304.2,309.6,2836,47.9,193,0,0,0,0,0,0
960,L00960,M,300.4,309.5,2198,53.0,145,1,0,0,0,0,0
961,L00961,L,296.6,308.7,1374,38.4,25,0,0,0,0,0,0
962,M00962,M,300.8,308.6,2670,28.5,208,0,0,0,0,0,0
963,H00963,M,299.0,310.6,1579,43.6,173,0,0,0,0,0,1
964,L00964,L,301.0,311.5,2601,38.2,139,0,0,0,0,0,0
965,L00965,L,297.3,312.1,2367,75.1,185,0,0,0,0,0,0
966,M00966,M,297.0,311.1,2291,43.3,241,0,0,0,0,0,0
967,H00967,L,299.4,310.5,1984,35.2,56,0,0,0,0,0,0
968,H00968,H,303.3,310.3,2044,25.3,159,0,0,0,0,0,0
969,M00969,H,297.3,311.3,1909,30.3,112,0,0,0,0,0,0
970,M00970,L,299.4,309.6,2144,48.9,220,0,0,0,0,0,0
971,H00971,M,297.1,311.8,1227,22.7,239,0,0,0,0,0,0
972,L00972,L,300.6,310.0,2325,23.0,63,0,0,0,0,0,0
973,H00973,M,300.4,310.3,2229,50.0,201,0,0,0,0,0,0
974,M00974,L,297.2,310.0,1506,36.2,227,0,0,0,1,0,0
975,L00975,M,302.6,311.1,2432,37.3,65,0,0,0,0,0,0
976,L00976,L,296.2,310.0,1684,45.8,164,0,0,0,0,0,0
977,M00977,L,303.2,310.4,1823,37.6,141,0,0,0,0,0,0
978,M00978,L,302.7,308.8,2767,24.0,137,0,0,0,0,0,0
979,M00979,L,300.6,309.8,1720,33.4,103,0,0,0,0,0,0
980,H00980,L,301.8,311.0,1727,44.7,192,0,0,0,0,0,0
981,H00981,L,299.6,309.2,1555,40.7,63,0,0,0,0,0,0
982,L00982,L,296.9,310.0,1264,55.0,168,1,0,0,0,0,0
983,M00983,M,300.5,310.0,1623,44.1,118,0,0,0,0,0,0
984,L00984,M,296.9,309.4,1903,31.4,20,0,0,0,0,0,0
985,L00985,M,300.0,311.0,2507,54.1,196,0,0,0,0,0,0
986,L00986,H,297.5,310.5,2794,54.7,8,0,0,0,0,0,0
987,L00987,L,302.0,310.9,2482,33.0,136,0,0,0,0,0,0
988,M00988,L,300.8,311.1,1480,45.6,145,0,0,0,0,0,0
989,L00989,L,301.4,310.0,2717,46.7,119,0,0,0,0,0,0
990,M00990,M,300.7,311.6,1874,43.4,68,0,0,0,0,0,0
991,M00991,H,303.8,308.8,2132,26.2,61,0,0,0,0,0,0
992,H00992,L,302.0,309.8,2677,69.9,143,0,0,0,0,0,0
993,M00993,L,303.4,310.1,1237,35.7,225,0,0,0,0,0,0
994,H00994,L,298.2,308.3,2057,43.6,120,0,0,0,0,0,0
995,M00995,M,298.9,311.4,1723,49.2,3,0,0,0,0,0,0
996,M00996,M,295.2,309.1,1152,35.9,148,0,0,0,0,0,0
997,M00997,L,299.2,310.1,2556,52.4,118,0,0,0,0,0,0
998,H00998,L,299.9,310.8,2797,40.0,113,0,0,0,0,0,0
999,H00999,M,300.9,312.3,1673,33.6,100,0,0,0,0,0,0
1000,L01000,M,298.9,308.3,2738,25.7,231,0,0,0,0,0,0
1001,H01001,L,301.5,310.6,2321,36.2,171,0,0,0,0,0,0
1002,H01002,M,301.3,309.7,1655,43.6,205,0,0,0,0,0,0
1003,H01003,L,299.1,310.6,1795,36.8,218,0,0,0,0,0,0
1004,H01004,M,298.1,310.9,1233,46.5,112,0,0,0,0,0,0
1005,L01005,M,300.1,310.4,2571,56.6,75,0,0,0,0,0,0
1006,H01006,L,300.2,310.1,1333,37.0,154,0,0,0,0,0,0
1007,M01007,L,298.8,308.9,1318,51.4,247,0,0,0,0,0,0
1008,M01008,M,299.5,309.0,2734,41.8,161,0,0,0,0,1,0
1009,H01009,L,297.2,310.8,1257,43.1,3,0,0,0,0,0,0
1010,H01010,M,301.4,309.1,1342,40.1,234,0,0,0,0,0,0
1011,M01011,M,301.4,310.4,2001,43.9,235,0,0,0,0,0,0
1012,M01012,M,300.1,311.3,2387,31.8,50,0,0,0,0,0,0
1013,L01013,L,301.5,308.7,2533,32.7,129,0,0,0,0,0,0
1014,M01014,L,300.3,311.3,2268,34.0,233,0,0,0,0,0,0
1015,M01015,M,303.2,311.3,2716,22.5,233,0,0,0,0,0,0
1016,H01016,L,297.4,310.3,2329,27.9,159,0,0,0,0,0,0
1017,M01017,M,300.4,309.4,2697,39.1,129,0,0,0,0,0,0
1018,L01018,M,301.8,310.5,1421,34.3,57,0,0,0,0,0,0
1019,M01019,L,303.0,309.8,2336,39.5,149,0,0,0,0,0,0
1020,H01020,M,301.6,309.3,1705,46.3,18,0,0,0,0,0,0
1021,H01021,L,297.9,310.1,2055,42.5,217,0,0,0,0,0,0
1022,M01022,L,296.7,309.1,1887,38.9,19,0,0,0,0,0,0
1023,H01023,H,299.7,308.8,1914,21.5,99,0,0,0,0,0,0
1024,L01024,H,300.7,309.5,1894,40.5,145,0,0,0,0,0,0
1025,L01025,L,301.9,308.3,1920,33.2,243,0,0,0,0,0,0
1026,M01026,H,297.8,311.2,1948,46.9,177,0,0,0,0,0,0
1027,M01027,L,301.2,310.5,2353,32.0,13,0,0,0,0,0,0
1028,M01028,L,294.6,309.1,2396,28.6,19,0,0,0,0,0,0
1029,H01029,L,298.5,309.5,1265,54.2,44,0,0,0,0,0,0
1030,L01030,H,301.7,310.8,2110,22.0,87,0,0,0,0,0,0
1031,L01031,L,297.6,311.3,2178,56.9,46,0,0,0,0,0,0
1032,H01032,L,297.8,310.1,1922,41.1,238,0,0,0,0,0,0
1033,L01033,L,298.9,309.7,1215,36.6,56,0,0,0,0,0,0
1034,M01034,M,300.4,308.4,1676,35.7,30,0,0,0,0,0,0
1035,M01035,L,297.8,309.7,1598,48.8,179,0,0,0,0,0,0
1036,M01036,L,299.9,308.9,2322,42.2,99,0,0,0,0,0,0
1037,L01037,L,299.1,308.8,1250,41.7,206,0,0,0,0,0,0
1038,M01038,M,302.3,311.2,2440,39.3,45,0,0,0,0,0,0
1039,H01039,M,299.0,309.9,1879,35.4,134,0,0,0,0,0,0
1040,H01040,L,300.1,310.1,1703,52.5,48,0,0,0,0,0,0
1041,L01041,M,300.3,310.4,1215,35.3,150,0,0,0,0,0,0
1042,H01042,L,299.2,309.8,2523,27.2,220,0,0,0,0,0,0
1043,H01043,M,301.5,310.1,1269,43.1,40,0,0,0,0,0,0
1044,L01044,L,302.0,310.0,1394,25.7,131,0,0,0,0,0,0
1045,M01045,L,299.0,309.6,1538,54.7,94,0,0,0,0,0,0
1046,M01046,L,300.6,310.3,1436,44.1,81,0,0,0,0,0,0
1047,M01047,M,298.1,309.9,2221,18.8,108,0,0,0,0,0,0
1048,L01048,M,301.1,310.1,1949,43.8,158,0,0,0,0,0,0
1049,H01049,L,300.5,310.0,1974,36.3,46,0,0,0,0,0,0
1050,M01050,M,299.3,312.0,1567,52.7,99,0,0,0,0,0,0
1051,M01051,L,300.7,311.0,2119,38.6,17,0,0,0,0,0,0
1052,L01052,L,301.2,310.8,1500,38.8,201,0,0,0,0,0,0
1053,M01053,L,302.5,310.5,1304,36.0,6,0,0,0,0,0,0
1054,L01054,M,300.8,310.4,2511,37.0,37,0,0,0,0,0,0
1055,H01055,M,301.8,309.7,2434,19.2,172,1,0,0,0,0,0
1056,L01056,L,303.8,311.1,2702,34.3,27,0,0,0,0,0,0
1057,L01057,L,297.9,310.3,1352,30.0,186,0,0,0,0,0,0
1058,L01058,L,302.3,310.6,2114,35.8,17,0,0,0,0,0,0
1059,L01059,L,298.2,309.7,1589,50.9,222,0,0,0,0,0,0
1060,H01060,L,298.6,309.1,2339,56.2,245,0,0,0,0,0,0
1061,H01061,L,300.0,311.1,1528,42.1,8,0,0,0,0,0,0
1062,M01062,L,298.7,310.1,2611,34.0,106,0,0,0,0,0,0
1063,H01063,L,298.4,309.5,1197,25.8,15,0,0,0,0,0,0
1064,H01064,L,299.9,310.3,1378,35.1,61,0,0,0,0,0,0
1065,M01065,L,299.3,309.9,2139,27.5,127,0,0,0,0,0,0
1066,H01066,L,298.7,311.5,1830,37.8,39,0,0,0,0,0,0
1067,L01067,M,298.1,309.6,2195,39.4,216,0,0,0,0,0,0
1068,L01068,L,302.9,310.4,2448,41.9,100,0,0,0,0,0,0
1069,M01069,M,297.6,311.1,2286,41.0,93,0,0,0,1,0,0
1070,M01070,L,299.7,310.7,2047,20.7,238,0,0,1,0,0,0
1071,M01071,L,302.2,310.5,2718,30.4,57,0,0,0,0,0,0
1072,L01072,L,301.6,309.5,2118,30.6,193,0,0,0,0,0,0
1073,H01073,L,300.5,310.1,2104,35.5,196,0,0,0,0,0,0
1074,L01074,L,298.8,310.5,2262,41.0,105,0,0,0,0,0,0
1075,M01075,H,300.0,310.2,1795,32.3,93,0,0,0,0,0,0
1076,H01076,L,297.8,311.5,1160,71.6,18,0,0,0,0,0,0
1077,H01077,L,299.4,309.8,2200,52.3,205,0,1,0,0,0,0
1078,L01078,M,299.4,310.0,1605,29.6,26,0,0,0,0,0,0
1079,M01079,L,299.6,312.6,2204,53.3,29,0,0,0,0,0,0
1080,L01080,M,298.4,310.8,1752,56.6,44,0,0,0,0,0,0
1081,H01081,L,296.6,309.0,2620,27.5,205,0,0,0,0,0,0
1082,L01082,H,302.5,310.5,2601,28.2,158,0,0,0,0,0,0
1083,L01083,L,302.1,310.8,2854,41.2,35,0,0,0,0,0,0
1084,M01084,L,301.7,309.2,2732,50.6,166,0,0,0,0,0,0
1085,M01085,M,300.8,309.7,2114,43.3,49,0,0,0,0,0,0
1086,H01086,L,300.3,308.8,1740,22.8,93,0,0,0,0,0,0
1087,L01087,L,298.6,310.3,1663,32.1,37,1,0,0,0,0,0
1088,L01088,M,298.8,308.4,1548,34.1,238,0,0,0,0,0,0
1089,L01089,L,302.9,309.2,2705,48.4,138,0,0,0,0,0,0
1090,H01090,L,303.4,308.6,1536,25.8,80,0,0,0,0,0,0
1091,H01091,M,299.6,310.3,1767,27.4,73,0,0,0,0,0,0
1092,M01092,L,300.0,309.7,2503,40.6,15,0,0,0,0,0,0
1093,M01093,M,301.5,310.4,2775,40.0,178,0,0,0,0,0,0
1094,M01094,H,300.2,308.2,1287,49.0,202,0,0,0,0,0,0
1095,L01095,L,300.3,309.2,2853,33.8,166,0,0,0,0,0,0
1096,L01096,L,299.9,310.8,1802,50.8,91,1,0,0,0,0,0
1097,M01097,L,298.1,308.8,1631,49.1,212,0,0,0,0,0,0
1098,L01098,L,299.3,311.0,1449,39.0,219,0,0,0,0,0,0
1099,M01099,H,299.7,309.8,1181,34.6,247,0,0,0,0,0,0
1100,H01100,L,295.0,309.2,1606,56.9,246,0,0,0,0,0,0
1101,M01101,L,300.2,309.2,1691,44.7,150,0,0,0,0,0,0
1102,H01102,M,304.6,310.2,2558,37.1,109,0,0,0,0,0,0
1103,L01103,M,299.1,312.2,2505,30.3,64,0,0,0,0,0,0
1104,M01104,L,300.1,312.7,1193,53.0,48,0,0,0,0,0,0
1105,L01105,L,298.3,308.7,1696,33.5,188,0,0,0,0,0,0
1106,H01106,M,297.8,310.7,2133,34.6,181,0,0,0,0,0,0
1107,H01107,H,299.4,311.7,1573,32.4,140,0,0,0,0,0,0
1108,H01108,M,301.3,308.8,1194,36.2,199,0,0,0,0,0,0
1109,L01109,L,299.5,309.4,1529,44.0,82,0,0,0,0,0,0
1110,L01110,L,299.3,310.3,1646,34.9,151,0,0,0,0,0,0
1111,L01111,L,301.0,310.0,2033,39.0,103,0,0,0,0,0,0
1112,L01112,L,300.4,308.6,2108,32.9,176,0,0,0,0,0,0
1113,H01113,H,300.6,310.7,1287,44.9,122,0,0,0,0,0,0
1114,H01114,M,302.4,310.4,2732,39.0,164,0,0,0,0,0,0
1115,M01115,H,302.1,310.9,1557,27.7,216,0,0,0,0,0,0
1116,M01116,L,303.0,310.5,1334,38.7,106,0,0,0,0,0,0
1117,L01117,M,297.6,310.5,1638,42.3,25,0,0,0,0,0,0
1118,H01118,M,301.7,310.0,1167,35.9,109,0,0,0,0,0,0
1119,H01119,M,303.3,311.2,2245,19.2,169,0,0,0,0,0,0
1120,H01120,L,296.7,308.7,1784,52.5,218,0,0,0,0,0,0
1121,M01121,L,300.0,308.9,1320,29.9,223,0,0,0,0,0,0
1122,M01122,M,298.9,311.1,2250,46.2,235,0,0,0,0,0,0
1123,H01123,L,300.0,309.7,1549,36.2,2,0,0,0,0,0,0
1124,H01124,H,302.3,309.1,2059,39.0,104,0,0,0,0,0,0
1125,H01125,L,297.2,310.8,2694,38.0,188,0,0,0,0,0,0
1126,M01126,M,300.5,310.7,2374,50.0,170,0,0,0,0,0,0
1127,H01127,M,298.9,308.0,2754,42.3,72,0,1,0,0,0,0
1128,H01128,M,302.4,310.7,1388,41.4,64,1,0,0,0,1,0
1129,L01129,L,300.8,309.4,2490,27.8,145,0,0,0,0,0,0
1130,L01130,H,299.7,310.5,2696,55.0,66,0,0,0,0,0,0
1131,M01131,M,298.6,309.9,1469,24.8,141,0,0,0,0,0,0
1132,H01132,L,305.3,310.6,2723,53.0,191,0,0,0,0,0,0
1133,H01133,M,300.6,310.0,1671,21.7,31,0,0,0,0,0,0
1134,L01134,L,297.2,308.8,1677,58.1,195,0,0,0,0,0,0
1135,M01135,L,298.4,308.4,1626,44.1,187,0,0,0,0,0,0
1136,L01136,L,300.8,308.7,2498,34.8,100,0,0,0,0,0,0
1137,L01137,M,298.5,308.9,2639,26.2,148,0,0,0,0,0,0
1138,L01138,L,298.8,310.4,1908,39.8,105,0,0,0,0,0,0
1139,L01139,M,302.0,311.0,1191,44.6,154,0,0,0,0,0,0
1140,H01140,L,301.8,309.7,1383,40.6,132,0,0,0,0,0,0
1141,H01141,L,298.9,309.1,1705,35.9,66,0,0,0,0,0,0
1142,L01142,H,302.3,310.0,1586,32.7,213,0,0,0,0,0,0
1143,M01143,M,298.6,308.0,1825,51.8,211,0,0,0,0,0,0
1144,M01144,H,303.4,310.6,2835,36.8,168,0,0,0,0,0,0
1145,M01145,L,301.1,309.9,2453,43.7,107,0,0,0,0,0,0
1146,M01146,L,300.6,310.1,2377,45.5,1,0,0,0,0,0,0
1147,L01147,M,299.2,309.5,1892,27.6,42,0,0,0,0,0,0
1148,H01148,M,298.8,309.4,2057,39.0,128,0,0,0,0,0,0
1149,M01149,L,295.3,308.4,1952,53.1,150,0,0,0,0,0,0
1150,L01150,L,299.4,310.9,2479,42.9,190,0,0,0,0,0,0
1151,M01151,M,300.0,308.7,2000,44.5,175,0,0,0,0,0,0
1152,M01152,L,296.3,309.3,2146,35.8,24,0,0,0,0,0,0
1153,L01153,M,301.6,309.1,1995,50.9,89,0,0,0,0,0,0
1154,H01154,L,299.7,310.8,1659,59.5,120,0,0,0,0,0,0
1155,H01155,L,302.4,309.4,2469,32.2,66,0,0,0,0,0,0
1156,L01156,H,298.6,311.0,1171,47.9,94,0,0,0,0,0,0
1157,H01157,L,302.5,310.6,2157,26.2,90,0,0,0,0,0,0
1158,L01158,L,299.1,309.1,1391,46.1,204,0,0,0,0,0,0
1159,L01159,M,299.9,309.9,1992,44.4,174,0,0,0,0,0,0
1160,L01160,L,300.4,308.3,1727,28.6,224,0,0,0,0,0,0
1161,H01161,L,299.9,310.4,2567,49.3,88,0,0,0,0,0,0
1162,L01162,M,300.6,309.3,2600,30.0,118,0,0,0,0,1,0
1163,M01163,L,296.2,308.9,1602,59.3,55,0,0,0,0,0,0
1164,H01164,L,299.7,309.7,1656,41.4,58,0,0,0,0,0,0
1165,H01165,L,299.8,309.5,2779,38.5,143,0,0,0,0,0,0
1166,H01166,L,296.0,310.3,1362,33.3,174,0,0,0,0,0,0
1167,H01167,M,301.3,311.9,2414,46.1,229,0,0,0,0,0,0
1168,M01168,M,298.2,311.3,2142,43.4,89,0,0,0,0,0,0
1169,H01169,L,301.9,308.8,1558,41.4,53,0,0,0,0,0,0
1170,H01170,M,300.2,311.5,1771,32.5,46,0,0,0,0,0,0
1171,L01171,H,298.9,310.0,1708,37.3,179,0,0,0,0,0,0
1172,H01172,L,302.0,307.5,2021,32.6,145,0,0,0,0,0,0
1173,M01173,M,303.3,309.8,1817,22.9,208,0,0,0,0,0,0
1174,M01174,L,300.1,308.4,1741,38.6,45,0,0,0,0,0,0
1175,M01175,M,302.7,309.6,2218,28.9,117,0,0,0,0,0,0
1176,M01176,H,299.6,311.9,1856,60.2,216,0,0,0,0,0,0
1177,H01177,L,301.9,308.7,2410,58.8,121,0,0,0,0,0,0
1178,H01178,L,299.3,308.7,1872,43.5,153,0,0,0,0,0,0
1179,M01179,L,303.7,309.9,1929,21.7,17,0,0,0,0,0,0
1180,M01180,L,302.2,309.2,2768,44.6,48,0,0,0,0,0,0
1181,H01181,L,300.9,309.7,2286,37.8,192,0,0,0,0,0,0
1182,M01182,M,294.9,310.1,1656,51.1,109,0,0,0,0,0,0
1183,L01183,L,300.9,308.5,2816,50.2,134,0,0,0,0,0,0
1184,M01184,L,297.5,310.2,1599,32.4,157,0,0,0,0,0,0
1185,M01185,M,300.7,309.2,2741,36.3,96,0,0,0,0,0,0
1186,L01186,L,302.6,311.1,1899,35.6,152,0,0,0,0,0,0
1187,L01187,H,301.4,309.1,1687,35.8,24,0,0,0,0,0,0
1188,H01188,M,301.7,309.3,2382,24.2,154,0,0,0,0,0,0
1189,H01189,L,299.3,309.1,2463,43.8,34,0,0,0,0,0,0
1190,L01190,L,297.0,309.6,1647,40.8,106,0,0,0,0,0,0
1191,L01191,L,298.5,308.6,2356,36.7,81,0,0,0,1,0,0
1192,H01192,M,299.3,310.5,1865,42.7,120,0,0,0,0,0,0
1193,M01193,L,300.0,309.5,1549,43.3,157,0,1,0,0,0,0
1194,L01194,M,302.5,310.8,2381,51.7,13,0,0,0,0,0,0
1195,H01195,M,301.5,310.1,2596,49.0,162,0,0,0,0,0,0
1196,M01196,L,304.4,311.7,2563,50.3,33,0,0,0,0,0,0
1197,L01197,M,298.0,309.7,2539,31.0,211,0,0,0,0,0,0
1198,M01198,L,302.3,309.6,1733,28.8,142,0,0,0,0,0,0
1199,H01199,H,301.8,310.6,2609,49.5,6,0,0,0,0,0,0
1200,L01200,L,299.8,307.9,2070,57.1,140,0,0,0,0,0,0
1201,M01201,M,298.1,309.5,2485,48.5,227,0,0,0,0,0,0
1202,L01202,L,298.8,309.9,1488,43.3,167,0,0,0,0,0,0
1203,M01203,M,298.7,310.7,2320,40.1,187,0,0,0,0,0,0
1204,H01204,L,303.4,310.9,1606,68.6,244,0,0,0,0,0,0
1205,H01205,L,301.7,311.1,2584,48.3,33,0,0,0,0,0,0
1206,L01206,L,301.7,309.7,1794,38.0,12,0,0,0,0,0,0
1207,M01207,L,300.2,309.3,1431,59.8,249,0,0,0,0,0,0
1208,L01208,M,299.5,310.1,1563,57.2,3,0,0,0,0,0,0
1209,L01209,M,300.7,309.7,2763,25.7,140,0,0,0,0,0,0
1210,M01210,L,300.2,308.3,2270,27.7,47,0,0,0,0,0,0
1211,M01211,L,299.8,310.2,1312,37.9,107,0,0,0,0,0,0
1212,M01212,L,300.7,309.1,1992,52.8,140,0,0,0,0,0,0
1213,H01213,L,297.9,309.8,2610,34.2,214,0,0,0,0,0,0
1214,L01214,L,300.5,309.7,2369,29.8,92,0,0,0,0,0,0
1215,L01215,L,299.8,312.1,2801,48.1,32,0,0,0,0,0,0
1216,H01216,L,298.6,310.9,1310,20.7,22,0,0,1,0,0,0
1217,M01217,L,301.3,310.6,1404,36.5,66,0,0,0,0,0,0
1218,H01218,H,303.6,311.0,2243,29.3,159,0,0,0,0,0,0
1219,H01219,L,302.6,309.7,1561,39.9,182,0,0,0,0,0,0
1220,H01220,L,299.4,308.8,1863,30.5,2,0,0,0,0,0,0
1221,L01221,M,301.3,307.8,1185,38.5,139,0,0,0,0,0,0
1222,H01222,M,301.7,310.5,2478,44.2,123,0,0,0,0,0,0
1223,L01223,L,300.2,310.6,1879,41.3,55,0,0,0,0,0,0
1224,L01224,M,300.0,309.2,1619,34.6,195,0,0,0,0,0,0
1225,L01225,M,300.7,309.4,1458,36.6,32,0,0,0,0,0,0
1226,M01226,L,305.0,309.2,2370,62.5,31,0,0,0,0,0,0
1227,L01227,L,300.5,309.2,1630,48.8,144,0,0,0,0,0,0
1228,L01228,L,297.5,309.5,2509,37.7,179,0,0,0,0,0,0
1229,M01229,L,297.9,310.3,1853,41.8,72,0,0,0,0,0,0
1230,L01230,L,299.7,311.1,1938,44.5,4,0,0,0,0,0,0
1231,H01231,M,297.5,310.0,1440,32.4,20,0,0,0,0,0,0
1232,H01232,L,299.7,311.3,1579,40.0,2,0,0,0,0,0,0
1233,L01233,L,304.5,312.4,1747,29.3,116,0,0,0,0,0,0
1234,M01234,L,299.0,310.4,1581,30.1,230,0,0,0,0,0,0
1235,H01235,L,297.8,309.9,2707,48.8,194,0,0,0,0,0,0
1236,M01236,M,299.6,307.7,1795,50.1,36,0,0,0,0,0,0
1237,M01237,L,299.8,310.6,2683,51.5,235,0,0,0,0,0,0
1238,H01238,H,298.0,310.1,1654,39.3,34,0,0,0,0,0,0
1239,M01239,L,297.5,310.1,1822,35.1,32,0,0,0,0,0,0
1240,H01240,L,302.7,309.8,1956,40.1,181,0,0,0,0,0,0
1241,M01241,M,301.0,309.6,2728,22.1,2,0,0,0,0,0,0
1242,H01242,L,299.0,309.0,2582,53.9,175,0,0,0,0,0,0
1243,L01243,L,297.7,310.8,2575,12.9,145,0,0,0,0,0,0
1244,H01244,M,299.0,307.3,1190,49.7,130,0,0,0,0,0,0
1245,H01245,L,297.5,310.4,1533,30.1,92,0,0,0,0,0,0
1246,H01246,M,298.8,308.5,2035,39.9,100,0,0,0,0,0,0
1247,H01247,H,304.1,311.3,2464,31.5,132,0,0,0,0,0,0
1248,M01248,L,300.5,309.7,1332,31.6,8,0,0,0,0,0,0
1249,L01249,L,298.8,310.6,1913,15.6,203,0,0,0,1,0,0
1250,H01250,L,301.4,310.2,2213,27.3,15,0,0,0,0,0,0
1251,M01251,L,298.1,311.2,2772,49.1,90,0,0,0,0,0,0
1252,L01252,M,299.2,311.8,2398,27.8,72,0,0,0,0,0,0
1253,L01253,M,296.3,311.2,2458,27.3,177,0,0,0,0,0,0
1254,L01254,L,302.5,310.6,1287,38.9,245,0,0,0,0,0,0
1255,L01255,L,299.6,309.7,1484,16.7,184,0,0,0,0,0,0
1256,H01256,L,298.4,310.5,1287,36.5,56,0,0,0,0,0,0
1257,H01257,L,301.3,311.0,2647,42.6,106,0,0,0,0,0,0
1258,M01258,M,297.9,309.6,1637,43.7,85,0,0,0,0,0,0
1259,M01259,L,298.0,310.1,1725,29.6,16,0,0,0,0,0,0
1260,M01260,M,299.2,309.2,1778,52.1,64,0,0,0,0,0,0
1261,L01261,M,297.6,310.9,2783,50.2,56,0,0,0,0,0,0
1262,L01262,M,298.7,310.5,2319,22.7,190,1,0,0,0,0,0
1263,H01263,L,299.6,308.7,2047,47.1,194,0,0,0,0,0,0
1264,L01264,M,299.8,310.3,1558,41.5,4,0,0,0,0,0,0
1265,L01265,M,297.4,309.8,2683,45.1,149,0,0,0,0,0,0
1266,L01266,M,299.5,310.1,2258,33.8,128,0,0,0,0,0,0
1267,M01267,L,301.2,309.3,2736,27.1,174,0,0,0,0,0,0
1268,M01268,L,301.5,311.3,2780,38.5,176,0,0,0,0,0,0
1269,H01269,M,299.0,309.3,2182,43.8,131,0,0,0,0,0,0
1270,L01270,L,299.6,312.1,2008,44.0,149,0,0,0,0,0,0
1271,L01271,L,299.5,310.1,2262,43.4,87,0,0,0,0,0,0
1272,H01272,H,297.2,309.7,2262,29.2,182,0,0,0,0,0,0
1273,L01273,L,298.9,310.4,1368,53.7,31,0,0,0,0,0,0
1274,L01274,L,301.6,310.3,1991,51.9,109,0,0,0,0,0,0
1275,M01275,L,301.6,312.0,1499,42.5,65,0,0,0,0,0,0
1276,H01276,M,300.8,310.5,1554,30.5,99,0,0,0,0,0,0
1277,H01277,L,294.7,308.1,2334,42.6,196,1,0,0,0,0,0
1278,H01278,M,298.4,309.4,1192,35.7,247,0,0,0,0,0,0
1279,H01279,L,300.9,310.8,2647,36.5,70,0,0,0,0,0,0
1280,M01280,L,303.4,309.8,1407,46.7,227,0,0,0,0,0,0
1281,M01281,M,300.0,309.5,2332,35.8,231,0,0,0,0,0,0
1282,L01282,L,300.2,309.3,2305,54.1,234,0,0,0,0,0,0
1283,L01283,H,299.8,309.1,2732,46.3,7,0,0,0,0,0,0
1284,L01284,L,297.4,310.3,2001,50.1,35,0,0,0,0,0,0
1285,L01285,L,300.7,309.3,2774,31.0,234,0,0,0,0,0,0
1286,M01286,L,297.0,311.3,2218,33.8,11,0,0,0,0,0,0
1287,H01287,L,299.8,309.2,2494,27.6,155,0,0,0,0,0,0
1288,M01288,H,300.2,308.7,2163,53.2,1,0,0,0,0,0,0
1289,L01289,M,300.1,310.0,2367,68.8,110,0,0,0,0,0,0
1290,M01290,L,297.4,308.0,2691,45.2,77,0,0,0,0,0,0
1291,H01291,L,298.6,307.6,2436,42.6,146,0,0,1,0,0,0
1292,H01292,M,301.4,310.6,1584,35.2,84,0,0,0,0,0,0
1293,M01293,L,300.1,310.1,1679,56.2,221,0,0,0,0,0,0
1294,M01294,L,298.6,307.9,2470,39.6,48,0,0,0,0,0,0
1295,M01295,H,297.9,310.1,2674,33.5,111,0,0,0,0,0,0
1296,L01296,H,301.6,309.7,2792,25.2,36,0,0,0,0,0,0
1297,M01297,H,300.1,308.5,1218,29.6,179,0,0,0,0,1,0
1298,M01298,M,297.7,310.7,2198,40.7,212,0,0,0,0,0,0
1299,M01299,M,299.6,311.5,1717,21.7,219,0,0,0,0,0,0
1300,H01300,L,298.4,311.9,1662,27.7,59,0,0,0,0,0,0
1301,H01301,L,300.6,310.3,1332,56.6,224,0,0,0,0,0,0
1302,L01302,L,302.5,310.0,1203,48.3,41,0,0,0,0,0,0
1303,L01303,M,297.8,311.8,2254,36.7,6,0,0,0,0,0,0
1304,H01304,M,300.3,310.3,1309,49.4,41,0,0,0,0,0,0
1305,H01305,M,300.3,309.7,2559,32.3,184,0,0,0,0,0,0
1306,H01306,H,295.7,309.3,2622,47.8,15,0,0,0,0,0,0
1307,M01307,M,301.7,310.6,1887,36.4,228,0,0,0,0,0,0
1308,M01308,H,304.2,308.4,1413,59.7,114,0,0,0,0,0,0
1309,H01309,L,300.3,311.2,1770,28.6,152,0,0,0,0,0,0
1310,M01310,M,302.7,308.6,2155,55.3,165,0,0,0,0,0,0
1311,M01311,L,297.5,309.2,2482,38.7,43,0,0,0,0,0,0
1312,L01312,L,298.6,310.3,2217,21.2,37,0,0,0,0,0,0
1313,H01313,H,300.1,311.7,1350,43.1,233,0,0,0,0,0,0
1314,H01314,M,298.3,309.7,2457,47.0,233,0,0,0,0,0,0
1315,M01315,L,300.1,308.9,1296,55.0,44,0,0,0,0,0,0
1316,H01316,L,302.0,311.1,2613,47.6,242,0,0,0,0,0,0
1317,L01317,M,298.2,309.6,2577,30.7,157,0,0,0,0,0,0
1318,L01318,M,302.1,308.3,1860,50.4,208,0,0,0,0,0,0
1319,L01319,H,296.2,310.6,2357,40.5,143,0,0,0,0,0,0
1320,H01320,L,298.9,309.8,1696,24.2,131,0,0,0,0,0,0
1321,H01321,L,299.6,309.8,2382,39.2,93,0,0,0,0,0,0
1322,H01322,L,298.1,310.7,2021,28.2,211,0,0,0,0,0,0
1323,H01323,L,298.9,310.8,1724,38.6,34,0,0,0,0,0,0
1324,H01324,L,302.8,309.2,1231,47.3,60,0,0,0,0,0,0
1325,L01325,H,302.5,310.1,1412,28.7,132,0,0,0,0,0,0
1326,M01326,L,301.4,308.4,2072,42.9,108,0,0,0,0,0,0
1327,L01327,L,302.1,309.7,2212,50.8,77,0,0,0,0,0,0
1328,H01328,L,298.8,309.1,1435,33.8,127,0,0,0,0,0,0
1329,L01329,L,297.6,309.8,1172,37.2,168,0,0,0,0,0,0
1330,H01330,M,298.4,309.6,2769,50.7,40,0,0,0,0,0,0
1331,H01331,M,298.7,309.8,2647,51.1,103,0,0,0,0,0,0
1332,L01332,M,298.8,308.3,1452,28.4,27,0,0,0,0,0,0
1333,H01333,L,301.1,308.7,1355,29.6,137,0,0,0,0,0,0
1334,M01334,L,300.6,309.8,2605,47.9,117,0,0,0,0,0,0
1335,H01335,L,299.6,311.5,1244,37.7,124,0,0,0,0,0,0
1336,M01336,L,299.8,310.7,1624,38.4,179,0,0,0,0,0,0
1337,M01337,M,302.2,310.4,2748,22.4,221,0,0,0,0,0,0
1338,H01338,L,297.4,309.4,2549,35.4,113,0,0,0,0,0,0
1339,L01339,M,301.6,309.1,1286,38.4,159,0,0,0,0,0,0
1340,M01340,L,295.8,310.6,1300,47.2,203,0,0,0,0,0,0
1341,L01341,M,298.9,308.8,2802,36.3,44,0,0,0,0,0,0
1342,M01342,H,303.0,311.6,1852,47.3,15,0,0,0,0,0,0
1343,H01343,M,300.6,310.0,1351,38.3,89,0,0,0,0,0,0
1344,H01344,L,299.1,312.0,2092,52.6,191,0,0,0,0,0,0
1345,M01345,H,301.8,311.7,2423,39.9,34,0,0,0,0,0,0
1346,H01346,M,301.2,310.4,2772,34.8,104,0,0,0,0,0,0
1347,M01347,L,301.1,310.4,1223,32.7,207,0,0,0,0,0,0
1348,H01348,L,299.6,309.4,2495,29.6,144,0,0,0,0,0,0
1349,L01349,M,301.9,311.3,1698,43.1,111,0,0,0,0,0,0
1350,H01350,M,298.7,309.6,1786,59.6,214,0,0,0,0,0,0
1351,L01351,L,298.6,308.3,2149,47.9,169,0,0,0,0,0,0
1352,H01352,L,303.7,311.2,2147,44.1,149,0,0,0,0,0,0
1353,L01353,H,299.0,310.5,2339,27.7,177,0,0,0,0,0,0
1354,H01354,L,295.9,309.5,2174,28.2,20,0,0,0,0,0,0
1355,L01355,L,302.1,310.3,2511,49.5,225,0,0,0,0,0,0
1356,M01356,L,302.7,310.0,1440,44.6,45,0,0,0,0,0,0
1357,M01357,M,299.5,311.5,1220,33.6,56,0,0,0,0,0,0
1358,L01358,L,295.8,309.0,1257,22.8,4,0,0,0,0,0,0
1359,H01359,M,299.9,311.5,2663,38.0,229,0,0,0,0,0,0
1360,L01360,L,304.1,311.3,1747,31.0,51,0,0,0,0,0,0
1361,H01361,M,300.4,309.4,2354,34.7,158,0,0,0,0,0,0
1362,M01362,M,301.5,310.4,2198,27.2,160,0,0,0,0,0,0
1363,H01363,L,301.7,310.5,2324,48.1,174,0,0,0,0,0,0
1364,M01364,L,301.9,313.0,2438,33.9,130,0,0,0,0,0,0
1365,H01365,L,303.7,309.2,1352,45.1,52,0,0,0,0,0,0
1366,H01366,L,302.2,308.1,2736,43.9,82,1,0,0,0,0,0
1367,H01367,M,299.8,308.0,2648,34.2,183,0,0,0,0,0,0
1368,L01368,L,297.8,310.2,2393,38.1,17,0,0,0,0,0,0
1369,L01369,M,300.9,311.0,1718,57.6,155,0,0,0,0,0,0
1370,M01370,L,299.6,309.1,2255,29.7,142,0,0,0,0,0,0
1371,M01371,L,301.4,309.8,1313,31.6,49,0,0,0,0,0,0
1372,L01372,L,298.3,309.6,2079,19.0,160,0,0,0,0,0,0
1373,M01373,L,299.4,308.9,2442,38.5,27,0,0,0,0,0,0
1374,L01374,L,300.0,310.6,2356,19.0,45,0,0,1,0,0,0
1375,H01375,M,298.1,308.3,1329,35.1,112,0,0,0,0,0,0
1376,M01376,L,300.1,310.6,1747,21.9,115,0,0,0,0,0,0
1377,M01377,L,301.6,309.6,1621,47.3,71,0,0,0,0,0,0
1378,L01378,M,303.8,311.0,2284,38.3,119,0,0,0,0,0,0
1379,M01379,M,298.5,310.2,2843,6.7,231,0,0,0,0,0,0
1380,M01380,L,301.8,308.4,2218,30.3,112,0,0,0,0,0,0
1381,H01381,M,296.0,310.3,2723,35.2,93,0,0,0,0,0,0
1382,M01382,L,300.0,309.6,1681,45.3,0,0,0,0,0,0,0
1383,H01383,M,300.1,311.1,1758,48.7,198,0,0,0,0,0,0
1384,L01384,M,301.6,310.7,1580,43.9,182,0,0,0,0,0,0
1385,M01385,M,299.0,311.1,2531,43.0,57,0,0,0,0,0,0
1386,H01386,M,300.5,309.7,2232,44.1,205,0,0,0,0,0,0
1387,L01387,L,302.2,309.1,2124,46.5,148,0,0,0,0,0,0
1388,M01388,M,297.7,310.0,2124,40.1,55,0,0,0,0,0,0
1389,L01389,L,296.1,310.7,1373,37.8,69,0,0,0,0,0,0
1390,M01390,L,302.2,309.0,1959,41.8,144,0,0,0,0,0,0
1391,L01391,L,298.0,310.3,1338,51.7,77,0,0,0,0,0,0
1392,L01392,H,300.9,310.4,1208,16.5,134,0,0,0,0,0,0
1393,H01393,M,303.9,311.4,2181,17.1,78,0,0,0,0,0,0
1394,L01394,L,301.7,309.0,2657,45.6,71,0,0,0,0,0,0
1395,M01395,M,298.1,310.5,1974,31.0,187,0,0,0,0,0,0
1396,M01396,M,297.1,309.5,1555,40.7,247,0,0,0,0,0,0
1397,H01397,L,298.4,309.2,1763,39.7,175,0,0,0,0,0,0
1398,M01398,L,300.3,311.9,2645,61.6,9,0,0,0,0,0,0
1399,M01399,M,299.5,310.4,2194,46.8,220,0,0,0,0,0,0
1400,M01400,L,302.7,311.5,1533,50.0,126,0,0,0,0,0,0
1401,L01401,L,301.3,309.3,1561,36.9,40,0,0,0,0,0,0
1402,L01402,M,298.5,311.7,2478,31.9,146,0,0,0,0,0,0
1403,M01403,H,301.7,309.6,1877,31.5,189,0,0,0,0,0,0
1404,H01404,M,303.0,310.8,2483,52.3,193,0,0,0,0,0,0
1405,L01405,M,299.4,309.1,1380,45.2,135,0,0,0,0,1,0
1406,H01406,L,301.0,308.9,1385,40.8,157,0,0,0,0,0,0
1407,M01407,L,298.3,310.0,1812,57.1,106,0,0,0,0,0,0
1408,M01408,M,299.7,311.5,2753,38.6,163,0,0,0,0,1,0
1409,L01409,L,298.2,311.3,1195,32.3,177,0,0,0,0,0,0
1410,M01410,M,302.5,310.1,1371,36.6,81,0,0,0,0,0,0
1411,L01411,L,299.0,309.7,1901,50.7,129,0,0,0,0,0,0
1412,M01412,L,300.9,310.3,1305,26.3,4,0,0,0,0,0,0
1413,M01413,L,301.3,308.9,2268,39.5,173,0,0,0,0,0,0
1414,L01414,H,306.2,310.1,2782,56.1,76,0,0,0,0,0,0
1415,L01415,L,299.5,310.0,1967,44.1,39,0,0,0,0,0,0
1416,L01416,L,298.4,310.1,2256,38.0,184,0,0,0,0,0,0
1417,M01417,L,299.9,310.5,2418,59.3,10,0,0,0,0,0,0
1418,M01418,M,298.3,310.8,1724,43.5,117,0,0,0,0,0,0
1419,H01419,L,299.0,307.6,1159,23.9,199,0,0,0,0,0,0
1420,L01420,L,301.5,309.2,1238,38.3,238,0,0,0,0,0,0
1421,M01421,L,298.7,309.3,2850,52.2,165,0,0,0,0,0,0
1422,M01422,M,301.1,309.8,2058,41.7,16,0,0,0,0,0,0
1423,L01423,L,301.2,309.9,1475,55.5,74,0,0,0,0,0,0
1424,H01424,L,300.5,310.6,1435,29.3,120,0,0,0,0,0,0
1425,L01425,L,301.3,310.3,1364,39.1,25,0,0,0,0,0,0
1426,H01426,L,299.4,311.2,2145,43.6,38,0,0,0,0,0,0
1427,M01427,M,296.0,309.7,2245,27.6,97,0,0,0,0,0,0
1428,H01428,L,300.1,309.3,2381,39.9,194,0,0,0,0,0,0
1429,M01429,H,300.2,309.9,2312,44.2,241,0,0,0,0,0,0
1430,L01430,H,299.3,310.0,2552,27.4,152,1,0,0,0,0,0
1431,L01431,L,301.3,310.1,2814,25.2,87,0,0,0,0,0,0
1432,L01432,M,301.5,309.7,2131,51.9,244,0,0,0,0,0,0
1433,H01433,M,300.4,311.1,1551,41.2,115,0,0,0,0,0,0
1434,M01434,M,300.2,311.0,1761,16.6,214,0,0,0,0,0,0
1435,L01435,L,302.4,311.1,1672,33.2,157,0,0,0,0,0,0
1436,L01436,L,297.9,309.0,1489,40.8,173,0,0,0,0,0,0
1437,M01437,L,299.3,310.7,2349,17.3,40,0,0,0,0,0,0
1438,L01438,M,302.0,311.6,1978,30.8,103,0,0,0,0,0,0
1439,M01439,L,301.1,311.1,2055,36.8,247,0,0,0,0,0,0
1440,M01440,L,299.5,309.5,1506,36.8,218,0,0,0,0,0,0
1441,M01441,L,300.8,309.7,1527,29.5,177,0,0,0,0,0,0
1442,M01442,L,298.9,308.4,2489,38.6,107,0,0,0,0,0,0
1443,M01443,L,300.3,311.3,2835,35.9,171,0,0,0,0,0,0
1444,H01444,L,301.4,309.0,1224,38.1,9,0,0,0,0,0,0
1445,L01445,L,302.6,309.5,2272,43.1,72,0,0,0,0,0,0
1446,H01446,H,301.3,310.6,1414,21.4,129,0,0,0,0,0,0
1447,L01447,L,302.7,310.1,2060,47.1,119,0,0,0,0,0,0
1448,H01448,M,297.1,310.4,2163,45.3,148,0,1,0,0,0,0
1449,M01449,L,295.6,309.4,2256,44.8,202,0,0,0,0,0,0
1450,L01450,L,295.6,308.7,2755,38.2,117,0,0,0,0,0,0
1451,L01451,M,302.2,310.2,1377,38.0,201,0,0,0,0,0,0
1452,H01452,M,301.2,309.1,2857,38.8,24,0,0,0,0,0,0
1453,H01453,L,298.6,310.5,1280,40.7,231,0,0,0,0,0,0
1454,L01454,H,299.2,309.1,2183,47.9,196,0,0,0,0,0,0
1455,H01455,H,300.7,309.9,2741,47.6,21,0,0,0,0,0,0
1456,H01456,H,298.6,311.7,1694,37.2,196,0,0,0,0,0,0
1457,H01457,L,298.4,310.2,1393,45.9,200,0,0,0,0,0,0
1458,M01458,L,298.7,309.2,2399,44.9,10,0,0,0,0,0,0
1459,M01459,M,298.5,310.5,1377,46.9,171,0,0,0,1,0,0
1460,H01460,M,300.1,309.9,1394,36.1,4,0,0,0,0,0,0
1461,H01461,L,303.3,309.2,1593,52.8,5,0,0,0,0,0,0
1462,M01462,M,298.0,310.0,1764,48.1,224,0,0,0,0,0,0
1463,M01463,L,299.9,311.2,2036,29.1,15,0,0,0,0,0,0
1464,L01464,L,300.9,310.6,1974,32.0,247,0,0,0,0,0,0
1465,L01465,L,301.1,309.8,2634,55.2,45,0,0,0,0,0,0
1466,M01466,M,299.0,308.8,2085,21.4,151,0,0,0,0,0,0
1467,H01467,L,301.2,310.7,1531,39.7,13,0,0,0,0,0,0
1468,H01468,M,300.8,310.5,2365,61.0,23,0,0,0,0,0,0
1469,H01469,L,299.1,308.4,1788,50.7,108,0,0,0,0,0,0
1470,H01470,M,297.3,308.5,1671,50.3,75,0,0,0,0,1,0
1471,L01471,H,297.7,311.6,1991,28.1,150,0,0,0,0,0,0
1472,M01472,M,301.5,310.3,2751,48.0,166,0,0,0,0,0,0
1473,H01473,H,302.9,308.6,1307,55.3,5,0,0,0,0,0,0
1474,L01474,L,300.0,311.1,2429,36.9,246,0,0,0,0,0,0
1475,H01475,L,302.8,311.2,1696,40.0,232,0,0,0,0,0,0
1476,M01476,L,299.9,309.3,1655,50.1,20,0,0,0,0,0,0
1477,L01477,L,297.7,309.1,1970,37.8,111,0,0,0,0,0,0
1478,M01478,M,299.6,310.1,1316,24.8,200,0,0,0,0,0,0
1479,M01479,L,303.0,310.2,1171,12.7,45,0,0,0,0,0,0
1480,L01480,L,298.8,309.8,1216,43.2,104,0,0,0,0,0,0
1481,L01481,L,299.7,308.9,1859,35.0,227,0,0,0,0,0,0
1482,L01482,L,302.4,309.6,1761,12.5,168,0,0,0,0,0,0
1483,L01483,L,302.2,309.6,1997,32.0,231,0,0,0,0,0,0
1484,L01484,M,300.6,308.5,2785,36.1,237,0,0,0,0,0,0
1485,L01485,L,301.1,311.0,1736,35.2,186,0,0,0,0,0,0
1486,L01486,L,302.1,308.9,2037,51.3,196,0,0,0,0,0,0
1487,H01487,M,300.6,311.3,1166,46.6,111,0,0,0,0,0,0
1488,M01488,M,302.6,310.2,1808,38.5,169,0,0,0,0,0,0
1489,L01489,L,301.3,309.4,1911,27.3,222,0,0,0,0,0,0
1490,H01490,M,299.7,310.4,1404,47.1,186,0,0,0,0,0,0
1491,H01491,L,300.9,309.9,2361,54.7,162,0,0,0,0,0,0
1492,H01492,L,299.2,311.3,1477,57.3,40,0,0,0,0,0,0
1493,M01493,L,298.1,312.1,2553,37.3,66,0,0,0,0,0,0
1494,L01494,L,297.7,310.4,1495,45.9,82,0,0,0,0,0,0
1495,H01495,M,299.6,309.8,1389,33.5,82,0,0,0,0,0,0
1496,M01496,L,300.6,311.6,2646,31.8,64,0,0,0,0,0,0
1497,M01497,L,303.6,309.8,1456,47.2,85,0,0,0,0,0,0
1498,M01498,M,300.8,309.5,1325,27.5,146,0,0,0,0,0,0
1499,H01499,L,300.4,311.2,1462,35.2,217,0,0,0,0,0,0
1500,L01500,L,299.8,310.8,2055,51.5,78,0,0,0,0,0,0
1501,H01501,M,299.3,309.5,1693,35.0,146,0,0,0,0,0,0
1502,H01502,L,300.3,310.3,1484,29.7,24,0,0,0,0,0,0
1503,L01503,M,299.4,309.7,2552,59.9,166,0,0,0,0,0,0
1504,L01504,L,299.4,310.6,2807,45.6,222,0,0,0,0,0,0
1505,L01505,M,301.6,310.5,1985,23.6,93,0,0,0,0,0,0
1506,M01506,L,298.2,308.7,2713,43.4,119,0,0,0,0,0,0
1507,L01507,M,299.5,310.0,2049,38.8,160,0,0,0,0,0,0
1508,H01508,L,298.6,308.5,1850,48.1,247,0,0,0,0,0,0
1509,L01509,M,300.2,308.6,2506,45.0,207,0,0,0,0,0,0
1510,H01510,L,301.7,309.5,2313,39.6,167,0,0,0,0,0,0
1511,M01511,L,300.7,309.4,2458,42.6,11,1,0,0,0,0,0
1512,H01512,L,299.6,308.3,2516,43.2,91,0,0,0,0,0,0
1513,H01513,M,301.9,308.8,1418,44.0,157,0,0,0,0,0,0
1514,L01514,H,301.8,308.5,1955,36.2,247,0,0,0,0,0,0
1515,L01515,L,300.1,309.3,1335,25.6,69,1,0,0,0,0,0
1516,H01516,L,303.2,310.5,1259,37.8,169,0,0,0,0,0,0
1517,L01517,M,300.8,311.5,1916,35.4,141,0,0,0,0,0,0
1518,M01518,L,300.8,311.1,1184,39.4,4,0,0,0,0,0,0
1519,M01519,H,297.6,310.4,2395,51.0,163,0,0,0,0,0,0
1520,L01520,M,296.6,310.4,2795,54.6,186,0,0,0,0,0,0
1521,M01521,M,300.1,309.9,2687,47.2,184,0,0,0,0,0,0
1522,L01522,L,302.0,309.9,1947,48.1,214,0,0,0,0,0,0
1523,H01523,L,300.7,311.4,2272,39.1,59,0,0,0,0,0,0
1524,H01524,M,301.9,310.6,1780,36.1,223,0,0,0,0,0,0
1525,M01525,H,299.2,310.2,1159,47.4,222,0,0,0,0,0,0
1526,L01526,H,300.2,308.2,2758,49.7,77,1,0,0,0,0,0
1527,L01527,L,300.0,310.7,1358,49.6,223,1,0,1,0,0,0
1528,M01528,L,296.4,310.7,2809,38.6,190,0,0,0,0,0,0
1529,H01529,L,303.6,309.4,1187,40.8,176,0,0,0,0,0,0
1530,M01530,M,302.4,310.2,1243,59.4,218,0,0,0,0,0,0
1531,H01531,L,301.9,309.9,2406,15.7,192,0,0,0,0,0,0
1532,L01532,L,302.6,309.5,2036,49.8,112,0,0,0,0,0,0
1533,H01533,L,299.1,310.4,2336,36.6,51,0,0,0,0,0,0
1534,M01534,L,301.6,308.9,1988,36.6,136,0,0,0,0,0,1
1535,L01535,H,299.1,312.0,1801,37.1,143,0,0,0,0,0,0
1536,M01536,L,300.3,310.5,1391,21.5,34,0,0,0,0,0,0
1537,M01537,L,296.5,309.9,1831,37.9,73,0,0,0,0,0,0
1538,H01538,L,299.7,311.0,1247,52.8,112,0,0,0,0,0,0
1539,M01539,L,296.9,310.8,2556,37.1,15,0,0,0,0,0,0
1540,H01540,L,297.5,309.3,1728,38.4,221,0,0,0,0,0,0
1541,L01541,L,299.9,309.5,2462,31.1,160,0,0,0,0,0,0
1542,H01542,M,298.6,307.7,1765,40.2,50,0,0,0,0,0,0
1543,L01543,L,300.7,308.9,1290,14.4,60,0,0,0,0,0,0
1544,H01544,L,303.3,310.7,1352,32.1,78,0,0,0,0,0,0
1545,M01545,L,298.8,310.2,2661,43.9,58,0,0,0,0,0,0
1546,H01546,M,299.5,309.5,2577,26.7,126,0,0,0,0,0,0
1547,H01547,L,301.3,310.3,1566,27.6,102,0,0,0,0,0,0
1548,L01548,M,298.7,309.5,1951,35.3,199,1,0,0,0,0,0
1549,M01549,L,298.6,308.5,2479,45.0,3,0,0,0,0,0,0
1550,H01550,M,299.1,309.1,2095,50.1,235,0,0,0,0,0,0
1551,M01551,L,301.8,312.3,1286,40.0,129,0,0,0,0,0,0
1552,H01552,H,296.5,309.8,1924,36.9,70,0,0,0,0,0,0
1553,H01553,L,298.3,309.9,2054,44.1,248,0,0,0,0,0,0
1554,M01554,L,303.1,310.5,1767,37.8,185,0,0,0,0,0,0
1555,H01555,M,293.8,311.0,2071,47.3,101,0,0,0,0,0,0
1556,M01556,L,299.7,309.8,2303,54.9,61,0,0,0,0,0,0
1557,H01557,H,303.1,311.1,1774,38.4,97,0,0,0,0,0,0
1558,L01558,L,303.8,309.8,1983,28.6,24,0,0,0,0,0,0
1559,M01559,M,301.6,310.0,2289,39.4,70,0,0,0,0,0,0
1560,H01560,M,302.3,309.5,1287,60.1,24,0,0,0,0,0,0
1561,H01561,H,298.1,310.8,1564,43.2,122,0,0,0,0,0,0
1562,L01562,H,298.3,308.6,2334,30.2,65,0,0,0,0,0,0
1563,M01563,M,303.4,310.2,1769,40.4,25,0,0,0,0,0,0
1564,H01564,M,299.5,310.6,1397,39.3,227,0,0,0,0,0,0
1565,L01565,L,296.2,311.0,2307,31.7,239,0,0,0,0,0,0
1566,H01566,L,300.8,310.5,1675,52.6,101,0,0,0,0,0,0
1567,M01567,M,299.6,309.1,2763,46.2,105,0,0,0,0,0,0
1568,H01568,H,300.2,310.6,2444,51.6,182,0,0,0,0,0,0
1569,H01569,M,295.2,310.7,1374,9.1,237,0,0,0,0,0,0
1570,H01570,H,294.7,310.6,2294,42.8,130,0,0,0,0,0,0
1571,H01571,M,300.6,309.8,1884,40.8,173,0,0,0,0,0,0
1572,L01572,L,299.4,309.8,1870,30.2,156,0,0,0,0,0,0
1573,L01573,L,299.1,311.0,1612,44.4,185,0,0,0,0,0,0
1574,M01574,L,300.8,310.0,2065,30.4,138,0,0,0,0,0,0
1575,L01575,L,298.4,309.0,1389,23.9,234,0,0,0,0,0,0
1576,L01576,L,299.5,309.6,1170,47.3,148,0,0,0,0,0,0
1577,M01577,H,299.1,311.5,1597,38.5,42,0,0,0,0,0,0
1578,L01578,M,301.8,308.7,2502,23.6,3,0,0,0,0,0,0
1579,L01579,L,296.2,311.3,1597,54.4,68,1,0,0,0,0,0
1580,M01580,L,298.7,310.0,2778,40.6,197,0,0,0,0,0,0
1581,M01581,L,302.2,308.7,1404,32.0,21,0,0,0,0,0,0
1582,M01582,L,298.3,310.8,2335,23.7,109,0,1,0,0,0,0
1583,H01583,L,300.2,309.3,1452,29.0,102,0,0,0,0,0,0
1584,H01584,L,303.3,310.1,1926,23.7,5,0,0,0,0,0,0
1585,M01585,L,300.3,308.2,2361,57.1,205,0,0,0,0,0,0
1586,M01586,L,304.3,311.3,1773,60.0,149,0,0,0,0,0,0
1587,M01587,H,302.8,309.7,2203,52.3,15,0,0,0,0,0,0
1588,H01588,L,298.7,309.4,2609,23.4,223,0,0,0,0,0,0
1589,H01589,L,297.5,310.2,2488,45.4,163,0,0,0,0,0,0
1590,L01590,L,298.8,310.9,2036,63.3,177,0,0,0,0,0,0
1591,L01591,L,300.8,309.8,1537,32.0,57,0,0,0,0,0,0
1592,M01592,M,300.7,310.9,1829,39.1,198,0,0,0,0,0,0
1593,H01593,M,301.3,310.0,1629,58.0,86,0,0,0,0,0,0
1594,H01594,L,298.1,310.1,1757,43.5,122,0,0,0,0,0,0
1595,H01595,M,298.4,309.2,1284,46.7,178,0,0,0,0,0,0
1596,M01596,L,301.1,311.1,2211,33.2,77,0,0,0,0,0,0
1597,L01597,M,304.0,310.7,1437,25.4,46,0,0,0,0,0,0
1598,M01598,L,297.8,310.5,2242,44.8,180,0,0,0,0,0,0
1599,L01599,L,299.9,311.1,1895,35.0,133,0,0,0,0,0,0
1600,L01600,M,299.3,309.0,2240,33.4,233,1,0,0,0,0,0
1601,M01601,M,300.3,310.1,2741,32.0,152,0,0,0,0,0,0
1602,L01602,M,297.6,311.1,1341,48.3,130,0,0,0,0,0,0
1603,L01603,L,300.2,310.0,2293,44.8,12,0,0,0,0,0,0
1604,H01604,L,302.4,310.1,1550,59.1,114,0,0,0,0,0,0
1605,L01605,H,296.8,310.1,2573,51.6,52,0,0,0,0,0,0
1606,M01606,L,302.0,310.5,2696,41.5,241,0,0,0,0,0,0
1607,M01607,L,297.6,308.1,2058,41.0,66,0,0,0,0,0,0
1608,L01608,L,300.5,310.1,1807,50.6,30,0,0,0,0,0,0
1609,H01609,L,301.0,310.4,2187,41.5,126,0,1,0,0,0,0
1610,H01610,L,300.8,310.4,2719,52.4,245,0,0,0,0,0,0
1611,L01611,L,299.3,311.6,2771,41.8,66,0,0,0,0,0,0
1612,L01612,L,301.3,309.4,1618,46.7,80,0,0,0,0,0,0
1613,M01613,H,297.5,311.6,2042,55.1,182,0,0,0,0,0,0
1614,L01614,L,301.8,309.6,1303,24.4,230,0,0,0,0,0,0
1615,H01615,L,299.1,308.7,2343,54.1,193,0,0,0,0,0,0
1616,L01616,L,300.6,311.5,2106,54.7,132,0,0,0,0,0,0
1617,M01617,M,299.3,311.1,1828,37.7,136,0,0,0,0,0,0
1618,M01618,L,303.1,310.1,2559,41.2,28,0,0,0,0,0,0
1619,M01619,M,300.9,309.4,1846,37.0,162,0,0,0,0,0,0
1620,M01620,L,301.3,309.8,1455,34.5,103,0,0,0,0,0,0
1621,M01621,M,301.6,310.3,2798,52.8,227,0,0,0,0,0,0
1622,L01622,L,299.5,311.4,2829,26.1,162,0,0,0,0,0,0
1623,L01623,L,300.6,308.7,2491,41.6,49,0,0,0,0,0,0
1624,L01624,M,300.3,309.8,1503,27.2,29,0,0,0,0,0,0
1625,L01625,M,301.3,309.7,2056,34.9,14,0,0,0,0,0,0
1626,M01626,L,299.1,309.5,2384,29.0,28,0,0,0,0,0,0
1627,H01627,L,298.6,309.4,1947,41.1,152,0,0,0,0,0,0
1628,L01628,L,302.4,311.6,1843,45.5,74,0,0,0,0,0,0
1629,H01629,M,301.6,309.2,2628,52.0,228,0,0,0,0,0,0
1630,L01630,L,298.3,310.1,2840,40.0,56,0,0,0,0,0,0
1631,L01631,L,303.8,308.8,2003,59.8,111,0,0,0,0,0,0
1632,H01632,L,298.9,310.9,1341,35.8,247,0,0,0,0,0,0
1633,M01633,M,300.2,309.5,1742,47.9,50,0,0,0,0,0,0
1634,L01634,M,302.3,307.8,2508,54.0,67,0,0,0,0,0,0
1635,L01635,M,302.3,311.0,2054,36.8,123,0,0,0,0,0,0
1636,L01636,L,298.6,309.4,2117,46.0,245,0,0,0,0,0,0
1637,H01637,H,301.0,311.3,2169,15.2,234,0,0,0,0,0,0
1638,M01638,M,299.4,311.1,2047,51.5,57,0,0,0,0,0,0
1639,H01639,M,300.8,309.9,2734,31.9,139,0,0,0,0,0,0
1640,H01640,L,299.7,310.4,1965,55.7,223,0,0,0,0,0,0
1641,M01641,L,299.2,310.1,1716,39.8,68,0,0,0,0,0,0
1642,H01642,M,298.1,308.6,2240,49.8,105,0,0,0,0,0,0
1643,M01643,L,302.4,311.4,1776,34.2,233,0,0,0,0,0,0
1644,L01644,L,298.5,309.7,1261,71.8,242,0,0,0,0,0,0
1645,M01645,M,302.9,310.0,1820,42.0,228,0,0,0,0,0,0
1646,L01646,M,299.4,310.0,2280,63.6,164,0,0,0,0,0,0
1647,H01647,H,301.0,309.8,1175,40.1,152,0,0,0,0,0,0
1648,H01648,M,303.1,310.6,2150,36.8,67,0,0,0,0,0,0
1649,L01649,L,299.1,309.9,1771,46.9,151,0,0,0,0,0,0
1650,H01650,L,300.9,309.5,2239,52.3,35,0,0,0,0,0,0
1651,M01651,L,301.0,309.6,2587,49.3,249,0,0,0,0,0,0
1652,L01652,L,298.7,311.7,1866,45.7,129,0,0,0,0,0,0
1653,H01653,L,300.4,310.1,1762,40.6,34,0,0,0,0,0,0
1654,L01654,L,301.5,311.6,2673,48.7,124,0,0,0,0,0,0
1655,M01655,L,303.4,309.0,2174,44.3,99,0,0,0,0,0,0
1656,M01656,M,299.2,309.4,1731,38.7,7,1,0,0,0,0,0
1657,H01657,H,300.7,309.5,2835,38.5,200,0,0,0,0,0,0
1658,M01658,M,299.7,309.9,1608,54.6,27,0,0,0,0,1,0
1659,L01659,M,300.4,309.3,1518,27.0,187,0,0,0,0,0,0
1660,M01660,M,298.8,309.9,1876,48.9,181,0,0,0,0,0,0
1661,L01661,H,299.7,310.2,1291,47.8,125,0,0,0,0,0,0
1662,L01662,M,303.0,311.0,1163,62.5,103,0,0,0,0,0,0
1663,M01663,M,300.3,308.7,2641,8.3,43,0,0,0,0,0,0
1664,H01664,H,300.2,310.9,1860,24.7,9,0,0,0,0,0,0
1665,M01665,H,298.3,310.7,1680,31.2,4,0,0,0,0,0,0
1666,L01666,L,302.2,309.0,2583,33.7,100,0,0,0,0,0,0
1667,L01667,L,301.7,309.2,1976,49.5,119,0,0,0,0,0,0
1668,M01668,L,300.3,310.4,2323,26.7,174,0,0,0,0,0,0
1669,H01669,L,303.8,309.4,1980,37.2,158,0,0,0,0,0,0
1670,H01670,L,298.9,311.4,2506,33.1,243,0,0,0,0,0,0
1671,L01671,L,297.9,310.0,2247,37.1,28,0,0,0,0,0,0
1672,L01672,L,299.8,308.8,1587,54.0,130,0,0,0,0,0,0
1673,H01673,L,298.3,308.9,1532,45.8,153,0,0,0,0,0,0
1674,M01674,M,300.5,308.5,2064,33.9,94,0,0,0,0,0,0
1675,L01675,L,300.1,309.9,2524,26.2,1,0,0,0,0,0,0
1676,L01676,M,302.3,309.9,2439,45.4,78,0,0,0,0,0,0
1677,H01677,M,299.1,310.5,1954,33.5,204,0,0,0,0,0,0
1678,M01678,L,300.7,311.3,2122,37.3,91,0,0,0,0,0,0
1679,H01679,H,300.4,310.0,2830,37.6,55,0,0,0,0,0,0
1680,M01680,L,301.7,311.3,2100,51.1,235,0,0,0,0,0,0
1681,M01681,L,297.7,309.3,2818,36.5,141,0,0,0,0,0,0
1682,M01682,L,298.2,308.5,1554,35.9,75,0,0,0,0,0,0
1683,L01683,L,298.8,310.8,2170,30.9,14,0,0,0,0,0,0
1684,H01684,L,297.8,310.7,2035,32.4,84,0,0,0,0,0,0
1685,H01685,L,301.2,310.3,2596,49.2,123,0,0,0,0,0,0
1686,M01686,L,301.2,310.7,2833,40.1,117,0,0,0,0,0,0
1687,L01687,L,302.2,307.7,2116,38.0,220,0,0,0,0,0,0
1688,L01688,L,299.7,309.5,1228,26.8,248,0,0,0,0,1,0
1689,H01689,M,299.1,311.1,1458,29.7,44,0,0,0,0,0,0
1690,L01690,L,298.1,309.7,1876,45.4,226,0,0,0,0,0,0
1691,L01691,L,302.6,310.7,2206,37.8,46,0,0,0,0,0,0
1692,M01692,L,299.6,312.6,2039,37.8,19,0,0,0,0,0,0
1693,L01693,L,298.5,311.0,2601,43.6,123,0,0,0,0,0,0
1694,M01694,L,301.5,309.6,2508,46.4,145,0,0,0,0,0,0
1695,H01695,M,299.3,308.2,2628,46.9,229,0,0,0,0,0,0
1696,L01696,L,297.9,310.7,1862,37.2,78,0,0,0,0,0,0
1697,H01697,M,298.3,308.0,2100,38.8,60,0,0,0,0,0,0
1698,H01698,M,300.2,309.2,2585,45.3,120,0,0,0,0,0,0
1699,L01699,L,297.9,309.3,1619,17.6,203,0,0,0,0,0,0
1700,L01700,L,299.8,309.9,2688,41.6,225,0,0,0,0,0,0
1701,H01701,H,298.3,310.3,1714,47.1,4,0,0,0,0,0,0
1702,L01702,M,298.1,309.1,2087,33.1,57,0,0,0,0,0,0
1703,M01703,L,299.0,311.1,1270,27.2,80,0,0,0,0,0,0
1704,M01704,M,300.3,311.4,1299,54.3,76,0,0,0,1,0,0
1705,L01705,M,300.6,309.8,1302,32.1,59,0,0,0,0,0,0
1706,H01706,L,301.8,311.1,2153,39.6,140,0,0,0,0,0,0
1707,L01707,M,298.4,309.3,2820,43.1,99,0,0,0,0,0,0
1708,L01708,L,302.8,309.0,2429,30.9,207,0,0,0,0,0,0
1709,H01709,L,305.4,311.1,1723,24.2,39,0,0,0,0,0,0
1710,H01710,H,299.2,310.3,2236,42.8,194,0,0,0,0,0,0
1711,M01711,M,296.5,310.4,2466,26.1,179,0,0,0,0,0,0
1712,H01712,L,296.5,311.8,1217,46.7,1,0,0,0,0,0,0
1713,M01713,L,299.0,310.7,1374,38.5,216,0,0,0,0,0,0
1714,H01714,M,298.6,312.4,1996,61.5,180,0,0,0,0,0,0
1715,L01715,M,300.0,310.1,2822,41.4,194,0,0,0,0,0,0
1716,M01716,M,301.0,311.5,2627,32.9,138,0,0,0,0,0,0
1717,M01717,H,297.4,309.9,1707,47.9,10,0,0,0,0,0,0
1718,M01718,M,299.7,308.8,2780,50.8,9,0,0,0,0,0,0
1719,L01719,L,299.0,310.8,2463,26.6,27,0,0,0,1,0,0
1720,L01720,L,304.1,310.0,2025,44.3,118,0,0,0,0,0,0
1721,L01721,L,297.2,312.1,1396,43.4,138,0,0,0,0,0,0
1722,L01722,M,298.5,310.6,2489,49.7,240,0,0,0,0,0,0
1723,L01723,M,300.1,311.0,2058,29.7,248,0,0,0,0,0,0
1724,M01724,L,298.5,308.4,1441,47.2,6,0,0,0,0,0,0
1725,L01725,L,302.3,310.7,2653,44.1,156,0,0,0,0,0,0
1726,M01726,L,298.0,309.9,1363,37.6,192,0,0,0,0,0,0
1727,L01727,L,298.2,309.2,1917,66.7,179,0,0,0,0,0,0
1728,H01728,L,302.4,311.4,2733,28.1,142,0,0,0,0,0,0
1729,M01729,L,297.6,308.7,1754,37.6,6,0,0,0,0,0,0
1730,H01730,L,301.7,310.4,2120,31.0,195,0,0,0,0,0,0
1731,M01731,L,299.1,309.4,2691,43.4,54,0,0,0,0,0,0
1732,H01732,L,298.8,310.3,2366,57.1,130,0,0,0,0,0,0
1733,L01733,L,299.0,309.7,2160,54.3,19,0,0,0,0,0,0
1734,L01734,M,297.8,309.8,2788,13.7,123,0,0,0,0,0,0
1735,L01735,L,301.8,310.1,2607,55.8,2,0,0,0,0,0,0
1736,M01736,M,300.3,309.0,1223,35.0,156,0,0,0,0,0,0
1737,H01737,M,301.8,311.0,2247,33.0,19,0,0,0,0,0,0
1738,L01738,L,302.4,310.7,1774,41.5,9,0,0,0,0,0,0
1739,H01739,L,301.1,309.0,1813,37.1,188,0,0,0,0,0,0
1740,H01740,H,297.1,311.4,2436,36.6,226,0,0,0,0,0,0
1741,L01741,M,298.1,310.8,2259,32.7,89,0,0,0,0,0,0
1742,L01742,H,301.7,310.1,1207,43.2,93,0,0,0,0,0,0
1743,H01743,M,300.1,308.6,2834,52.2,217,0,0,0,0,0,0
1744,L01744,L,301.3,309.4,1875,41.5,164,0,0,0,0,0,0
1745,L01745,L,299.8,308.1,2590,39.0,83,0,0,0,0,0,0
1746,L01746,L,299.1,310.2,2454,46.2,50,0,0,0,0,0,0
1747,M01747,L,301.3,310.8,2780,52.7,116,1,0,0,0,0,0
1748,H01748,L,296.5,309.3,1357,41.3,169,0,0,0,0,0,0
1749,H01749,M,299.4,310.0,2316,38.4,200,0,0,0,0,0,0
1750,M01750,L,300.1,311.0,1562,46.3,202,0,0,0,0,0,0
1751,H01751,L,300.4,309.4,2768,33.1,96,0,0,0,0,0,0
1752,L01752,M,297.4,310.6,2225,19.5,29,0,0,0,0,0,0
1753,H01753,M,297.5,312.1,2190,46.1,221,0,0,0,0,0,0
1754,L01754,L,299.2,310.7,1879,35.8,243,0,0,0,0,0,0
1755,M01755,M,299.9,309.0,1889,34.7,44,0,0,0,0,0,0
1756,L01756,M,303.1,310.0,1953,21.0,214,0,0,0,0,0,0
1757,H01757,L,298.2,310.7,1568,32.5,99,0,0,0,0,0,0
1758,H01758,L,299.0,310.5,2597,36.5,151,1,0,0,0,0,0
1759,H01759,L,303.2,308.9,2068,54.4,158,0,0,0,0,0,0
1760,M01760,L,302.1,310.4,1350,57.5,22,0,1,0,0,0,0
1761,M01761,L,297.8,309.8,2591,38.2,52,0,0,0,0,0,0
1762,H01762,H,301.4,309.5,2615,45.5,41,0,0,0,0,0,0
1763,L01763,M,301.7,310.6,2675,28.5,163,0,0,0,0,0,0
1764,M01764,M,300.4,311.8,2255,41.2,103,0,0,0,0,0,0
1765,H01765,H,297.7,309.3,2813,35.9,112,0,0,0,0,0,0
1766,H01766,M,298.8,310.5,1229,24.2,161,1,0,0,0,0,0
1767,M01767,L,298.7,309.9,1338,51.3,84,0,0,0,0,0,0
1768,M01768,L,301.1,310.6,2653,42.0,153,1,0,0,0,0,0
1769,M01769,M,299.1,310.1,2329,46.9,70,0,0,0,0,0,0
1770,L01770,L,299.5,309.4,1977,36.1,152,0,0,0,0,0,0
1771,L01771,L,298.8,309.4,2333,16.9,2,0,0,0,0,0,0
1772,H01772,M,296.9,310.5,1903,25.7,116,0,0,0,0,0,0
1773,M01773,H,305.2,310.1,1975,49.1,42,0,0,0,0,0,0
1774,L01774,L,300.8,310.6,2767,37.6,209,0,0,0,0,0,0
1775,M01775,M,302.9,308.4,2217,46.1,133,0,0,0,0,0,0
1776,H01776,L,297.8,311.1,2335,35.8,53,0,0,0,0,0,0
1777,L01777,M,303.0,311.4,2834,40.9,51,0,0,0,0,0,0
1778,L01778,L,299.2,310.2,2809,40.0,237,0,0,0,0,0,0
1779,L01779,M,301.1,310.7,1659,30.8,12,0,0,0,0,0,0
1780,H01780,L,302.0,311.0,2686,42.6,193,0,0,0,0,0,0
1781,M01781,M,303.0,309.8,1844,55.4,111,0,0,0,0,0,0
1782,L01782,L,299.9,310.2,2381,35.1,55,1,0,0,0,0,0
1783,H01783,L,298.0,310.5,2270,23.4,103,0,0,0,0,0,0
1784,M01784,L,300.0,309.5,1170,47.2,174,0,0,0,0,0,0
1785,H01785,L,301.2,310.1,2528,26.3,204,0,0,0,0,0,0
1786,M01786,L,298.9,308.0,2678,30.2,192,0,0,0,0,0,0
1787,H01787,L,299.2,309.4,2577,37.3,65,0,0,0,0,0,0
1788,M01788,M,296.9,311.5,2396,46.3,67,0,0,0,0,0,0
1789,L01789,M,298.0,310.4,1549,44.8,12,0,0,0,0,0,0
1790,M01790,L,300.9,309.2,2635,36.8,29,0,0,0,0,0,0
1791,H01791,M,301.8,308.8,1709,26.8,235,0,0,0,0,0,0
1792,H01792,L,302.2,312.5,2205,66.8,75,0,0,0,0,0,0
1793,M01793,L,304.6,309.3,1638,41.8,160,0,0,0,0,0,0
1794,L01794,L,303.0,309.5,1437,48.2,165,0,0,0,0,0,0
1795,L01795,L,299.7,310.6,2610,44.8,42,0,0,0,0,0,0
1796,M01796,L,298.1,309.2,2553,55.0,111,0,0,0,0,0,0
1797,M01797,H,299.5,310.4,1586,29.4,97,1,0,0,0,0,0
1798,H01798,L,298.9,310.0,1279,43.6,2,0,0,0,0,0,0
1799,L01799,L,300.3,308.8,1590,36.8,42,0,0,0,0,0,0
1800,M01800,L,301.8,310.1,2666,29.2,72,0,0,0,0,0,0
1801,L01801,M,301.0,310.3,1939,53.0,198,0,0,0,0,0,0
1802,M01802,M,303.2,308.9,2146,30.6,131,0,1,0,0,0,0
1803,M01803,M,300.8,310.5,2418,44.8,91,0,0,0,0,0,0
1804,L01804,H,297.4,310.7,2225,56.9,233,0,0,0,0,0,0
1805,M01805,H,298.9,309.0,1870,56.6,31,0,0,0,0,0,0
1806,M01806,M,300.8,310.5,2013,30.8,0,0,0,0,0,0,0
1807,H01807,L,300.5,310.2,1379,49.7,140,0,0,0,0,0,0
1808,M01808,M,302.6,309.7,1614,45.9,35,0,0,0,0,0,0
1809,M01809,L,300.0,309.7,1335,28.2,25,1,0,0,0,0,0
1810,M01810,M,299.6,310.4,1311,21.4,204,0,0,0,0,0,0
1811,H01811,M,296.9,309.4,2372,40.1,149,0,0,0,0,0,0
1812,L01812,M,298.4,310.6,1550,52.1,87,0,0,0,0,0,0
1813,H01813,L,300.6,309.2,2645,69.1,138,0,0,0,0,0,0
1814,H01814,M,300.4,309.3,2629,33.9,24,0,0,0,0,1,0
1815,L01815,H,301.2,308.7,1940,41.8,78,0,0,0,0,0,0
1816,H01816,L,300.9,308.3,2164,29.6,172,0,0,0,0,0,0
1817,L01817,L,299.8,310.2,1694,55.9,163,0,0,0,0,0,0
1818,H01818,M,298.0,308.0,1562,43.2,101,0,0,0,0,0,0
1819,L01819,H,300.0,310.3,1680,44.4,33,0,0,0,0,0,0
1820,M01820,L,299.9,309.9,2294,41.3,161,0,0,0,0,0,0
1821,H01821,L,302.7,311.9,1218,31.6,31,0,0,0,0,0,0
1822,H01822,L,302.7,310.6,1442,49.1,101,0,0,0,0,0,0
1823,H01823,L,299.0,310.5,1784,50.3,152,0,0,0,1,0,0
1824,H01824,H,298.8,309.3,2583,52.8,194,0,0,0,1,0,0
1825,M01825,M,297.3,309.4,2453,50.6,243,0,0,0,0,0,0
1826,H01826,M,299.7,309.6,1715,30.5,186,0,1,0,0,0,0
1827,M01827,L,299.1,310.0,1682,38.0,120,0,0,0,0,0,0
1828,M01828,M,305.2,309.4,2782,44.3,56,0,0,0,0,0,0
1829,M01829,L,297.8,310.6,1799,33.7,106,0,0,0,0,0,0
1830,M01830,L,300.1,309.6,1703,28.6,238,0,0,0,0,0,0
1831,L01831,L,298.7,311.1,2102,37.2,156,0,0,0,0,0,0
1832,L01832,L,300.0,309.2,1907,41.5,20,0,0,0,0,0,0
1833,H01833,L,299.3,310.7,2592,73.4,72,0,0,0,0,0,0
1834,L01834,L,301.6,311.9,1177,53.0,84,0,0,0,0,0,0
1835,L01835,L,300.9,311.8,2569,32.8,20,0,0,0,0,0,0
1836,H01836,L,301.6,309.1,1719,32.7,198,0,0,0,0,0,0
1837,H01837,M,298.5,311.2,1788,29.3,174,0,0,0,0,0,0
1838,H01838,L,302.2,307.8,1577,47.5,159,0,0,0,0,0,0
1839,L01839,H,299.0,308.4,1924,36.2,149,0,0,0,0,0,0
1840,L01840,L,297.2,310.6,2317,38.7,41,0,0,0,0,0,0
1841,H01841,M,299.6,310.4,2129,35.2,10,0,0,0,0,0,0
1842,M01842,M,300.2,310.6,2266,62.9,246,0,0,0,0,0,0
1843,H01843,H,297.5,309.5,1184,53.0,57,0,0,0,0,0,0
1844,M01844,M,301.7,308.9,2777,30.0,97,0,0,0,0,0,0
1845,M01845,L,298.4,308.2,2643,28.6,205,0,0,0,0,0,0
1846,H01846,L,298.3,309.1,1675,52.1,239,0,0,0,0,0,0
1847,H01847,L,300.0,310.7,2488,30.5,40,0,0,0,0,0,0
1848,H01848,L,301.7,310.9,2657,53.1,85,0,0,0,0,0,0
1849,L01849,L,297.6,310.3,1979,47.3,152,0,0,0,0,0,0
1850,M01850,M,301.9,310.2,1525,30.8,143,0,0,0,0,0,0
1851,L01851,L,295.7,311.7,1983,46.5,224,0,0,0,0,0,0
1852,L01852,M,300.7,311.4,1805,44.1,193,0,0,0,1,0,0
1853,H01853,H,297.7,310.9,2016,24.2,102,0,0,0,0,0,0
1854,L01854,M,298.4,311.2,2156,40.1,107,0,0,0,0,0,0
1855,H01855,M,303.5,310.3,1637,36.4,241,0,0,0,0,0,0
1856,M01856,M,298.0,310.5,2669,43.7,69,0,0,0,0,0,0
1857,H01857,L,299.9,309.2,2549,38.3,161,1,0,0,0,0,0
1858,L01858,L,297.9,310.4,2664,43.8,45,0,0,0,0,0,0
1859,L01859,H,301.5,309.4,2472,33.8,47,0,0,0,0,0,0
1860,H01860,H,300.8,311.2,1502,38.8,233,0,0,0,0,0,0
1861,H01861,M,301.1,310.6,1503,26.8,36,0,0,0,0,0,0
1862,L01862,L,302.3,309.6,2654,36.0,21,0,0,0,1,1,0
1863,M01863,M,299.3,310.7,2128,35.8,79,0,0,0,0,0,0
1864,M01864,L,302.1,311.1,1553,25.6,134,0,0,0,0,0,0
1865,H01865,L,303.0,309.1,2567,40.6,174,0,0,0,0,0,0
1866,M01866,L,300.6,309.7,1552,56.2,76,0,0,0,0,0,0
1867,L01867,L,297.8,309.0,1906,32.9,112,0,0,0,0,0,0
1868,H01868,L,297.6,310.0,2664,51.7,241,0,0,0,0,0,0
1869,L01869,L,300.9,311.3,2697,42.8,241,0,0,0,0,0,0
1870,L01870,L,297.8,310.0,1543,20.4,16,0,0,0,0,0,0
1871,M01871,L,297.3,310.6,1732,64.7,2,0,0,0,0,0,0
1872,H01872,M,301.8,309.5,1253,30.9,139,0,0,0,0,0,0
1873,H01873,M,299.1,310.9,1160,40.2,197,0,0,0,0,0,0
1874,M01874,L,304.8,309.9,2159,43.8,75,0,0,0,0,0,0
1875,L01875,L,298.7,310.8,2398,39.7,202,0,0,0,0,1,0
1876,L01876,M,299.0,310.9,2490,48.2,232,0,0,0,0,0,0
1877,L01877,L,300.7,308.9,1571,52.3,18,0,0,0,0,0,0
1878,L01878,L,300.4,309.3,1422,31.0,158,0,0,0,0,0,0
1879,H01879,M,299.8,309.6,1203,37.8,114,0,0,0,0,0,0
1880,H01880,H,299.8,311.8,2346,33.3,1,0,0,0,0,0,0
1881,M01881,L,306.5,311.4,1396,33.2,236,0,0,0,0,0,0
1882,M01882,L,303.3,310.1,1814,41.1,95,0,0,0,0,0,0
1883,H01883,L,301.7,312.7,1767,50.0,127,0,0,0,0,0,0
1884,H01884,L,297.5,308.7,2332,23.8,17,0,0,0,0,0,0
1885,L01885,L,299.9,309.8,2279,38.5,54,0,0,0,0,0,0
1886,L01886,L,301.3,311.2,1444,31.5,3,0,0,0,0,0,0
1887,M01887,L,301.5,310.0,1425,46.3,149,0,0,0,0,0,0
1888,H01888,H,302.6,309.2,1734,45.4,119,0,0,0,0,0,0
1889,M01889,M,298.7,310.4,2216,49.8,77,0,0,0,0,0,0
1890,H01890,M,299.9,312.7,1343,27.5,77,0,0,0,0,0,0
1891,L01891,M,298.5,309.2,2814,43.5,228,0,0,0,0,0,0
1892,M01892,L,302.7,309.3,1460,39.2,92,0,0,0,0,0,0
1893,M01893,M,301.4,308.9,1769,23.4,242,0,0,0,0,0,0
1894,H01894,L,299.0,309.6,2276,24.8,33,0,0,0,0,0,0
1895,L01895,L,300.4,311.1,1794,35.4,175,0,0,0,0,0,0
1896,M01896,M,300.1,311.6,1399,40.0,126,0,0,0,0,0,0
1897,L01897,M,298.2,308.7,2569,52.1,197,0,0,0,0,0,0
1898,M01898,M,301.9,310.6,1931,37.0,106,0,0,0,0,0,0
1899,L01899,L,300.2,310.8,2105,43.7,203,0,0,0,0,0,0
1900,H01900,H,298.9,309.3,2788,40.9,151,0,0,0,0,0,0
1901,M01901,H,298.2,310.7,1445,30.7,44,0,0,0,0,0,0
1902,M01902,L,301.7,310.4,1387,35.2,122,0,0,0,0,0,0
1903,L01903,L,300.5,311.1,2793,40.3,92,0,0,0,0,0,0
1904,L01904,L,298.6,307.8,2822,27.6,137,0,0,0,0,0,0
1905,M01905,H,299.0,310.3,1959,45.8,173,0,0,0,0,0,0
1906,H01906,L,300.0,310.8,1438,54.5,163,0,0,0,0,0,0
1907,L01907,L,300.1,311.0,1686,56.0,97,0,0,0,0,0,0
1908,L01908,L,300.4,310.8,2803,46.9,50,0,0,0,0,0,0
1909,L01909,L,296.5,308.8,1405,43.4,159,0,0,0,0,0,0
1910,M01910,M,300.2,311.4,1670,21.4,159,0,0,0,0,0,0
1911,M01911,L,297.6,310.7,2292,29.9,242,0,0,0,0,0,0
1912,M01912,H,302.8,310.0,1268,26.2,142,0,0,0,0,0,0
1913,M01913,M,302.1,310.0,2264,35.2,136,0,0,0,0,0,0
1914,H01914,M,302.3,311.8,1321,47.7,57,0,0,0,0,0,0
1915,H01915,L,295.1,310.7,1872,42.6,163,0,0,0,0,0,0
1916,M01916,L,299.4,310.2,1975,43.7,149,1,0,1,0,0,0
1917,H01917,L,299.8,309.2,2289,44.7,12,0,0,0,0,0,0
1918,L01918,L,301.1,309.8,2707,32.5,168,0,0,0,0,0,0
1919,L01919,L,301.8,309.1,1498,37.7,107,0,0,0,0,0,0
1920,L01920,H,302.6,308.2,1716,42.1,205,0,0,0,0,0,0
1921,M01921,L,295.4,310.2,1625,51.1,153,0,0,0,0,0,0
1922,L01922,L,298.4,308.2,2618,38.7,119,0,0,0,0,0,0
1923,H01923,L,300.1,309.4,1257,37.7,127,0,0,0,0,0,0
1924,M01924,L,301.7,309.7,1738,26.2,188,0,0,0,0,0,0
1925,H01925,H,301.6,308.5,2746,31.9,43,0,0,0,0,0,0
1926,L01926,L,300.9,311.0,2295,42.3,216,0,0,0,0,0,0
1927,L01927,L,298.7,309.9,2777,38.3,85,0,0,0,0,0,0
1928,L01928,M,299.0,307.7,2395,25.3,29,0,0,0,0,0,0
1929,M01929,L,298.7,310.8,2632,25.1,76,0,0,0,0,0,0
1930,H01930,L,298.0,311.8,2815,29.3,241,0,0,0,0,0,0
1931,M01931,L,298.0,310.2,2671,37.2,223,0,0,0,0,0,0
1932,M01932,L,297.8,310.6,1519,49.7,164,0,0,0,0,0,0
1933,L01933,L,300.7,310.3,1909,42.6,57,0,0,0,0,0,0
1934,M01934,L,300.2,310.6,2294,30.4,82,0,0,0,0,0,0
1935,M01935,M,298.1,309.5,2374,32.9,162,0,0,0,0,0,0
1936,L01936,L,296.6,309.3,2334,44.8,121,0,0,0,0,0,0
1937,M01937,M,299.3,308.9,2391,43.4,176,1,0,0,0,0,0
1938,L01938,M,303.0,310.1,1724,33.1,186,0,0,0,0,0,0
1939,L01939,L,300.0,310.6,2573,16.9,243,0,0,0,0,0,0
1940,L01940,L,301.6,310.6,2558,43.1,220,0,0,0,0,0,0
1941,L01941,L,300.4,309.6,1213,36.6,134,0,0,0,0,0,0
1942,M01942,M,299.9,309.8,1361,57.3,34,0,0,0,0,0,0
1943,L01943,M,297.1,309.8,2805,36.6,166,0,0,0,0,0,0
1944,L01944,M,299.2,309.5,1218,39.8,5,0,0,0,0,0,0
1945,M01945,L,298.9,308.1,2297,37.9,77,0,1,0,0,0,0
1946,M01946,H,303.0,309.8,1526,44.4,219,0,0,0,0,0,0
1947,H01947,L,300.4,309.7,2830,44.0,64,0,0,0,0,0,0
1948,M01948,L,302.6,310.0,2469,28.8,109,0,0,0,0,0,0
1949,M01949,L,302.3,309.5,2531,26.7,84,0,0,0,0,0,0
1950,H01950,L,298.3,310.3,2814,51.0,154,1,0,0,0,0,0
1951,M01951,L,300.0,312.7,1674,35.3,213,0,0,0,0,0,0
1952,M01952,M,303.4,310.8,1217,45.5,138,0,0,0,0,0,0
1953,M01953,M,301.1,309.5,2443,36.6,8,0,0,0,0,0,0
1954,M01954,M,301.0,309.8,2306,21.3,137,0,0,0,0,0,0
1955,H01955,L,301.8,309.9,2235,54.0,181,0,0,0,0,1,0
1956,M01956,M,301.0,310.1,1310,47.9,42,0,0,0,0,0,0
1957,M01957,L,301.1,310.0,2199,45.4,119,0,0,0,0,0,0
1958,H01958,L,300.6,309.5,1908,30.5,49,0,0,0,0,0,0
1959,L01959,L,299.3,309.5,1850,47.1,112,0,0,0,0,0,0
1960,H01960,L,297.9,310.6,2459,42.7,173,0,0,0,0,0,0
1961,L01961,L,296.3,309.7,2619,32.9,62,0,0,0,0,0,0
1962,H01962,L,299.3,310.6,1979,37.3,176,1,0,0,0,0,0
1963,H01963,L,300.9,309.8,1998,39.3,230,0,0,0,0,0,0
1964,M01964,H,300.5,308.2,1987,34.1,222,0,0,0,0,0,0
1965,L01965,L,301.3,308.9,1398,43.1,223,0,0,0,0,0,0
1966,M01966,H,299.7,308.4,2264,48.6,158,0,0,0,0,0,0
1967,L01967,M,305.4,310.2,2209,35.4,190,0,0,0,0,0,0
1968,H01968,L,304.1,308.3,2180,38.9,135,0,0,0,0,0,0
1969,H01969,M,297.0,309.5,2679,38.9,167,0,0,0,0,0,0
1970,L01970,L,301.3,309.6,2494,48.3,187,0,0,0,0,0,0
1971,M01971,M,301.9,309.8,1351,41.8,178,0,0,0,0,0,0
1972,M01972,L,295.8,310.9,1994,50.3,132,0,0,0,0,0,0
1973,M01973,H,300.3,311.1,2726,33.4,158,0,0,0,0,0,0
1974,M01974,M,301.0,309.3,1693,39.9,134,0,0,0,0,0,0
1975,H01975,M,300.0,310.0,2827,45.8,172,0,0,0,0,0,0
1976,H01976,M,300.8,309.6,2429,47.0,46,0,0,0,0,0,0
1977,H01977,L,300.2,310.4,1310,36.2,141,0,0,0,0,0,0
1978,H01978,L,301.4,309.9,2203,39.7,24,0,0,0,0,0,0
1979,H01979,L,303.1,310.5,2630,31.8,84,0,0,0,0,0,0
1980,M01980,L,301.5,308.9,1411,20.7,174,0,0,0,0,0,0
1981,M01981,L,302.4,310.2,1159,36.9,92,0,0,0,0,0,0
1982,M01982,M,297.9,308.6,1864,36.9,173,0,0,0,0,0,0
1983,M01983,L,304.1,309.2,1508,35.8,172,0,0,0,0,0,0
1984,H01984,H,300.6,310.1,2449,29.2,158,0,0,0,0,0,0
1985,H01985,M,299.2,308.0,1273,45.6,51,0,0,0,0,0,0
1986,H01986,L,300.8,307.8,1779,46.9,126,1,0,0,0,0,0
1987,L01987,H,298.9,308.8,1417,39.4,3,0,0,0,0,0,0
1988,M01988,L,300.3,309.1,1427,31.9,117,0,0,0,0,0,0
1989,M01989,M,300.6,309.2,2173,34.2,232,0,0,0,0,0,0
1990,H01990,L,298.6,309.5,1225,39.7,45,0,0,0,0,0,0
1991,M01991,L,300.3,310.3,1675,48.5,156,0,0,0,0,0,0
1992,M01992,L,298.6,312.0,1767,26.7,176,0,0,0,0,0,0
1993,H01993,L,298.6,309.4,2349,34.4,192,0,0,0,0,0,0
1994,L01994,L,298.0,310.4,2209,41.5,95,0,0,0,0,0,0
1995,L01995,L,299.3,311.2,2740,47.6,0,0,0,0,0,0,0
1996,L01996,L,298.9,311.1,1419,26.8,67,0,0,0,0,0,0
1997,H01997,H,300.9,309.2,1151,32.6,211,0,0,0,0,0,0
1998,M01998,L,302.2,310.9,2429,16.8,186,0,0,0,0,0,0
1999,H01999,L,301.3,311.3,2687,53.1,231,0,0,0,0,0,0
2000,H02000,M,301.9,311.5,1722,28.9,164,0,0,0,0,0,0
2001,M02001,M,301.8,311.6,2536,45.0,77,0,0,0,0,0,0
2002,L02002,H,298.1,308.9,2280,54.3,121,0,0,0,0,0,0
2003,L02003,L,299.3,310.2,2307,54.0,179,0,0,0,0,0,0
2004,H02004,L,303.6,309.3,2582,22.0,247,0,0,0,0,0,0
2005,L02005,L,298.9,308.7,2624,50.1,118,0,0,0,0,0,0
2006,H02006,L,303.7,310.5,1684,48.1,77,0,0,0,0,0,0
2007,H02007,M,299.2,310.2,2758,49.6,245,0,0,0,0,0,0
2008,M02008,L,295.9,310.2,1500,17.9,129,0,0,0,0,0,0
2009,M02009,H,299.5,309.5,2201,34.1,20,0,0,0,0,0,0
2010,M02010,L,301.7,312.4,1686,23.0,28,0,0,0,0,0,0
2011,H02011,H,303.3,311.5,2016,35.2,75,0,0,0,0,0,0
2012,M02012,L,297.0,309.6,2238,48.1,81,0,0,0,0,0,0
2013,L02013,M,301.7,310.0,2367,59.5,165,0,0,0,0,0,0
2014,L02014,H,301.8,310.5,2380,48.5,232,0,0,0,0,0,0
2015,H02015,H,302.6,311.0,2472,44.0,159,0,0,0,0,0,0
2016,H02016,L,294.7,310.5,2213,34.9,168,0,0,0,0,0,0
2017,M02017,L,303.3,310.1,1613,34.5,21,0,0,0,0,0,0
2018,H02018,M,300.9,308.6,1172,44.2,227,0,0,0,0,0,0
2019,H02019,L,300.9,312.0,1838,38.9,169,0,0,0,0,0,0
2020,L02020,L,302.1,309.4,1277,45.7,139,0,0,0,0,0,0
2021,L02021,L,296.0,311.1,2436,38.7,56,1,0,0,0,0,0
2022,M02022,L,302.0,310.0,1184,54.6,212,0,0,0,0,0,0
2023,H02023,L,304.7,311.3,1636,50.0,7,0,0,0,0,0,0
2024,H02024,L,297.3,308.7,1250,31.5,155,0,0,0,0,0,0
2025,L02025,L,299.9,309.4,1886,47.6,56,0,0,0,0,0,0
2026,H02026,L,300.1,309.9,1890,42.6,180,0,0,0,0,0,0
2027,L02027,L,300.7,309.1,1760,32.8,213,0,0,0,0,0,0
2028,M02028,L,300.9,309.5,2255,60.7,243,0,0,0,0,0,0
2029,L02029,L,298.7,311.3,2490,43.0,207,0,0,0,0,0,0
2030,H02030,H,300.1,310.6,1479,43.5,203,0,0,0,0,0,0
2031,M02031,H,303.5,311.4,1345,47.9,240,0,0,0,0,0,0
2032,L02032,H,300.8,310.1,1563,45.7,16,0,0,0,0,0,0
2033,L02033,M,300.7,309.8,2682,49.8,20,0,0,0,0,0,0
2034,M02034,L,298.6,308.7,2654,27.8,50,0,0,0,0,0,0
2035,M02035,M,302.7,311.0,1217,54.0,134,0,0,0,0,0,0
2036,L02036,L,299.6,309.8,2566,43.9,188,0,0,0,0,0,0
2037,H02037,M,295.9,310.2,2446,42.5,211,0,0,0,0,0,0
2038,L02038,L,300.8,309.4,2472,32.5,227,0,0,0,0,0,0
2039,M02039,M,301.4,312.8,2020,31.0,243,0,0,0,0,0,0
2040,L02040,L,299.4,310.1,2020,30.7,53,1,0,0,0,0,0
2041,M02041,L,295.5,309.3,1290,35.2,168,0,0,0,0,0,0
2042,M02042,M,297.8,308.8,1334,40.6,59,0,0,0,0,0,0
2043,H02043,L,299.8,310.5,2839,26.5,43,0,0,0,0,0,0
2044,M02044,L,299.2,309.2,2362,57.7,76,0,0,0,0,0,0
2045,M02045,L,300.9,309.5,2747,45.0,232,0,0,0,0,0,0
2046,H02046,L,301.2,308.5,2192,29.5,28,0,0,0,0,0,0
2047,M02047,L,299.1,310.1,1230,49.8,170,0,0,0,0,0,0
2048,H02048,H,297.2,310.1,1647,34.9,164,1,0,0,0,0,0
2049,H02049,L,302.9,311.9,2715,32.3,60,0,0,0,0,0,0
2050,M02050,L,301.1,309.5,2812,53.0,186,0,0,0,0,0,0
2051,M02051,L,301.3,307.8,1367,33.4,60,0,0,0,0,0,0
2052,L02052,M,300.8,309.8,1674,40.5,71,0,0,0,0,0,0
2053,H02053,M,302.2,311.3,2511,49.1,19,0,0,0,0,0,0
2054,L02054,M,299.2,310.6,1270,51.8,171,1,0,0,0,0,0
2055,M02055,M,301.7,311.1,1618,42.6,55,0,0,0,0,0,0
2056,L02056,H,301.3,310.5,2545,22.7,175,0,0,0,0,0,0
2057,H02057,M,301.3,309.6,2655,29.3,73,0,0,0,0,0,0
2058,L02058,M,297.6,308.9,1328,54.5,142,0,0,0,0,0,0
2059,H02059,L,300.3,309.0,1260,48.6,248,0,0,0,0,0,0
2060,M02060,M,300.8,309.4,1158,46.6,203,0,0,0,0,0,0
2061,M02061,L,303.6,310.6,1371,32.8,183,0,0,0,0,1,0
2062,H02062,M,300.2,309.9,1946,29.9,183,0,0,0,0,0,0
2063,M02063,M,302.2,308.2,2010,25.8,45,0,0,0,0,0,0
2064,M02064,M,297.0,310.3,1771,34.7,184,0,0,0,0,0,0
2065,M02065,M,298.6,311.2,2821,43.8,44,0,0,0,0,0,0
2066,M02066,L,300.9,308.4,2281,54.5,207,0,0,0,0,0,0
2067,H02067,L,300.9,310.5,2510,39.0,41,0,0,0,0,0,0
2068,L02068,L,298.6,307.9,1353,39.7,189,0,0,0,0,0,0
2069,L02069,H,301.9,309.1,1676,49.4,7,0,0,0,0,0,0
2070,M02070,M,299.7,308.7,1602,35.2,83,0,0,0,0,0,0
2071,L02071,M,299.6,310.7,2847,38.5,13,0,0,0,0,0,0
2072,L02072,M,299.8,311.7,2095,40.8,228,0,0,0,0,0,0
2073,M02073,M,302.7,311.1,1344,34.8,25,0,0,0,0,0,0
2074,M02074,H,302.2,311.0,1410,44.9,101,0,0,0,0,0,0
2075,L02075,M,303.8,309.1,2015,41.3,244,0,0,0,0,0,0
2076,H02076,M,301.1,310.6,2182,41.9,40,0,0,0,0,0,0
2077,M02077,M,303.9,310.2,2389,30.1,236,0,0,0,0,0,0
2078,H02078,L,300.5,308.8,2072,48.2,28,0,0,0,0,0,0
2079,L02079,M,299.7,311.1,2286,56.8,190,0,0,0,0,0,0
2080,M02080,L,299.1,310.4,2802,47.4,12,0,0,0,0,0,0
2081,H02081,L,299.6,309.8,1489,32.5,97,0,0,0,0,0,0
2082,M02082,M,299.7,310.8,1196,24.3,213,0,0,0,0,0,0
2083,L02083,L,298.6,310.1,1979,38.8,236,0,0,0,0,0,0
2084,H02084,H,298.8,311.2,1962,45.9,217,0,0,0,0,0,0
2085,L02085,L,301.2,311.9,1638,33.2,225,0,0,0,0,0,0
2086,L02086,L,299.0,309.7,2495,36.8,186,0,0,0,0,0,0
2087,M02087,L,296.6,309.7,1940,51.2,46,0,0,0,0,0,0
2088,H02088,L,296.5,309.5,2271,24.1,215,0,0,0,0,0,0
2089,L02089,L,295.8,310.0,2618,43.2,247,0,0,0,0,0,0
2090,L02090,L,297.2,311.4,1242,29.4,20,0,1,0,0,0,0
2091,H02091,L,297.6,308.9,2425,48.5,94,0,0,0,0,0,0
2092,L02092,L,298.1,308.6,2336,47.6,11,0,0,0,0,0,0
2093,L02093,L,300.6,310.2,2331,39.6,105,0,0,0,0,0,0
2094,H02094,M,297.5,310.0,1728,42.9,23,0,0,0,0,0,0
2095,H02095,L,298.2,310.2,1287,30.9,20,0,0,0,0,0,0
2096,H02096,M,296.3,308.0,2557,48.4,3,0,0,0,0,0,0
2097,H02097,M,298.7,311.5,1461,44.0,24,0,0,0,0,0,0
2098,M02098,L,301.4,310.2,1439,39.5,7,0,0,0,0,0,0
2099,H02099,H,300.0,312.4,1214,32.2,163,0,0,0,0,0,0
2100,M02100,M,300.2,310.4,2371,40.9,33,0,0,0,0,0,0
2101,M02101,M,300.0,309.6,2856,36.3,113,0,0,0,0,0,0
2102,M02102,L,297.4,310.3,2701,47.9,49,0,0,0,0,0,0
2103,L02103,M,299.2,311.5,1852,56.4,237,0,0,0,0,0,0
2104,M02104,M,300.4,309.3,2110,46.6,90,0,0,0,0,0,0
2105,M02105,L,301.9,310.6,2710,36.5,27,0,0,0,0,0,0
2106,L02106,L,300.7,310.4,2423,54.5,61,0,0,0,0,0,0
2107,L02107,L,301.8,310.6,1688,36.0,92,0,0,0,0,0,0
2108,L02108,M,297.8,309.1,2855,42.9,126,0,0,0,0,0,0
2109,H02109,L,297.0,310.6,1266,35.8,220,0,0,0,0,0,0
2110,L02110,M,296.5,310.6,2041,40.2,201,0,0,0,0,0,0
2111,L02111,L,301.6,311.6,1716,22.7,43,0,0,0,0,0,0
2112,M02112,M,297.1,311.8,1635,28.0,159,0,0,0,0,0,0
2113,L02113,L,302.1,310.4,2536,39.4,7,0,0,0,0,0,0
2114,H02114,L,299.1,310.2,2199,42.9,181,0,0,0,0,0,0
2115,L02115,L,303.3,309.0,1933,38.6,144,0,0,0,0,0,0
2116,H02116,L,299.1,309.8,2161,48.7,139,0,0,0,0,0,0
2117,L02117,L,299.2,309.5,2026,18.8,124,0,0,0,0,0,0
2118,L02118,L,300.1,311.0,1769,44.8,89,0,0,0,0,0,0
2119,L02119,L,299.2,310.3,2775,53.3,243,0,0,0,0,1,0
2120,L02120,H,300.8,309.0,2666,47.8,194,0,0,0,0,0,0
2121,H02121,M,297.9,309.2,2530,46.6,105,0,0,0,0,0,0
2122,H02122,L,300.4,312.6,2585,49.9,202,0,0,0,0,0,0
2123,M02123,L,298.5,309.6,2649,27.9,205,0,0,0,0,0,0
2124,H02124,L,299.6,310.7,1563,27.9,70,0,0,0,0,0,0
2125,L02125,M,297.2,310.0,2295,36.9,153,0,0,0,0,0,0
2126,M02126,L,301.7,309.8,2634,39.0,100,0,0,0,0,0,0
2127,M02127,L,299.3,311.2,1578,41.9,160,0,0,0,0,0,0
2128,M02128,L,301.8,309.5,1392,27.9,171,0,0,0,0,0,0
2129,L02129,M,298.5,309.7,2576,37.4,239,0,0,0,0,0,0
2130,H02130,L,300.0,311.4,1401,49.6,31,0,0,0,0,0,0
2131,L02131,M,301.9,309.6,2248,36.4,165,0,0,0,0,0,0
2132,M02132,L,297.6,308.6,1261,24.0,211,0,0,0,0,0,0
2133,L02133,L,298.2,308.9,2836,24.2,9,0,0,0,0,0,0
2134,L02134,L,301.6,310.5,1931,49.9,78,0,0,0,0,0,0
2135,H02135,L,302.7,309.3,2119,54.8,206,0,0,0,0,0,0
2136,H02136,L,300.0,311.1,2783,32.2,197,0,0,0,0,0,0
2137,M02137,L,298.1,310.0,1509,48.6,246,0,0,0,0,0,0
2138,L02138,L,299.4,310.8,1916,46.3,216,0,0,0,0,0,0
2139,L02139,L,303.9,310.4,2068,25.7,128,0,0,0,0,0,0
2140,H02140,L,297.3,311.1,1317,45.0,197,0,0,0,0,0,0
2141,L02141,H,301.1,311.9,2423,46.9,76,0,0,0,0,0,0
2142,L02142,L,300.3,310.6,1907,37.1,74,0,0,0,0,0,0
2143,L02143,M,297.7,310.5,1362,36.0,215,1,0,0,0,0,0
2144,H02144,L,299.4,311.1,2616,42.3,211,0,0,0,0,0,0
2145,M02145,L,296.4,309.4,1937,32.2,89,0,0,0,0,0,0
2146,M02146,L,300.6,310.5,1941,51.7,24,0,0,0,0,0,0
2147,L02147,L,300.9,309.1,1195,39.9,51,0,0,0,0,0,0
2148,M02148,L,297.3,309.2,2191,35.7,51,0,0,0,0,0,0
2149,H02149,L,301.1,309.5,2028,38.5,11,0,0,0,0,0,0
2150,H02150,M,298.7,311.3,1907,50.0,45,0,0,0,0,0,0
2151,M02151,L,298.5,309.9,2523,38.5,136,0,0,0,0,0,0
2152,M02152,L,298.0,309.2,2393,35.5,44,1,0,0,0,0,0
2153,L02153,L,301.3,310.8,1837,24.1,35,0,0,0,0,0,0
2154,M02154,L,296.7,308.4,1547,41.7,136,0,0,0,0,0,0
2155,L02155,M,296.8,308.1,1810,37.2,96,0,0,0,0,0,0
2156,L02156,L,298.8,309.7,1247,28.0,167,0,0,0,0,0,0
2157,H02157,L,298.9,309.7,2178,44.3,161,0,0,0,0,0,0
2158,H02158,L,301.3,311.0,1308,29.1,87,0,0,0,0,0,0
2159,H02159,L,299.8,311.2,1236,33.6,52,0,0,0,0,0,0
2160,H02160,M,299.8,309.9,2293,44.7,108,0,0,0,0,0,0
2161,M02161,M,296.8,309.8,1592,44.6,44,0,0,0,0,0,0
2162,H02162,L,299.5,309.2,1321,40.8,125,0,0,0,0,0,0
2163,M02163,L,295.2,309.9,2749,37.3,96,0,0,0,0,0,0
2164,H02164,M,300.5,307.4,2779,35.2,160,0,0,0,0,0,0
2165,M02165,L,301.4,309.5,1831,31.2,28,0,0,0,0,0,0
2166,L02166,L,298.4,309.9,1384,37.1,165,0,0,0,0,0,0
2167,M02167,M,300.8,309.2,2651,50.6,47,0,0,0,0,0,0
2168,M02168,L,299.1,309.4,1270,28.9,240,1,1,0,0,0,0
2169,H02169,L,302.5,309.7,1646,14.2,204,0,0,0,0,0,0
2170,M02170,L,300.5,310.0,1761,32.6,81,1,0,0,0,0,0
2171,L02171,M,297.9,310.9,1571,55.3,58,0,0,1,0,0,0
2172,L02172,L,302.3,310.4,1284,36.0,61,0,0,0,0,0,0
2173,H02173,H,301.7,310.9,1464,40.1,34,0,0,0,0,0,0
2174,L02174,M,299.2,310.6,1218,40.8,174,0,0,0,0,0,0
2175,M02175,L,301.0,310.1,1347,33.2,58,1,0,0,0,0,0
2176,L02176,L,301.0,312.2,1966,53.5,186,0,0,0,0,0,0
2177,H02177,L,299.1,309.3,1160,37.6,129,0,0,0,0,0,0
2178,M02178,L,300.1,309.1,2018,50.7,88,1,0,0,0,0,0
2179,H02179,M,300.5,309.8,2303,40.5,249,1,0,0,0,0,0
2180,M02180,L,298.6,309.9,1884,40.9,187,0,0,0,0,0,0
2181,L02181,L,302.7,310.1,2283,29.7,133,0,0,0,0,0,0
2182,H02182,M,296.0,309.0,2200,50.2,24,0,0,0,0,0,0
2183,H02183,L,301.4,312.0,2573,38.2,52,0,0,0,0,0,0
2184,M02184,M,297.6,309.7,2493,41.4,211,0,0,0,0,0,0
2185,H02185,M,299.5,309.0,2367,57.0,123,0,0,0,0,0,0
2186,M02186,L,296.8,310.3,2519,42.7,77,0,0,0,0,0,0
2187,M02187,L,297.4,311.1,1165,41.8,113,0,0,0,0,0,0
2188,M02188,M,299.8,311.6,2246,49.8,131,0,0,0,0,0,0
2189,M02189,M,300.1,307.6,2097,46.7,199,0,0,0,0,0,0
2190,L02190,L,302.1,310.8,2801,35.4,225,0,0,0,0,0,0
2191,M02191,L,299.2,311.8,2374,34.2,91,0,0,0,0,0,0
2192,H02192,L,301.2,309.4,2818,44.5,55,0,0,0,0,0,0
2193,L02193,L,300.0,309.8,2337,34.5,1,0,0,0,0,0,0
2194,H02194,L,301.2,309.1,1156,40.5,144,0,0,0,0,0,0
2195,L02195,L,297.8,309.4,1210,27.5,195,0,0,0,0,0,0
2196,M02196,L,300.2,308.9,2525,56.8,246,0,0,0,0,0,0
2197,L02197,L,300.7,310.9,2074,33.7,47,0,0,0,0,0,0
2198,L02198,H,299.0,309.9,1634,46.0,225,0,0,0,0,0,0
2199,H02199,M,300.8,307.0,1781,46.3,154,0,0,0,0,0,0
2200,H02200,L,301.0,309.4,2624,57.4,210,0,0,0,0,0,0
2201,M02201,L,299.0,309.3,2587,43.2,91,0,0,0,0,0,0
2202,L02202,L,301.6,310.9,2085,36.1,101,0,0,0,0,0,0
2203,L02203,L,295.4,309.9,2204,39.6,33,0,0,0,0,0,0
2204,L02204,H,296.2,309.9,1709,31.3,95,0,0,0,0,0,0
2205,M02205,L,297.9,310.6,1240,53.2,168,0,0,0,0,0,0
2206,M02206,H,300.6,311.1,2691,36.8,94,0,0,0,0,0,0
2207,M02207,L,298.5,310.3,1595,57.6,5,0,0,0,0,0,0
2208,M02208,M,297.3,309.3,2458,33.4,5,0,0,0,0,0,0
2209,M02209,L,299.8,308.5,2566,65.7,27,0,0,0,0,0,0
2210,H02210,L,300.2,311.4,2099,33.2,135,0,0,0,0,0,0
2211,L02211,L,298.7,313.4,2769,32.7,128,0,0,0,0,0,0
2212,L02212,M,297.6,310.1,2312,33.6,79,0,0,0,0,0,0
2213,L02213,M,300.0,310.3,1479,33.3,233,0,0,0,0,0,0
2214,L02214,M,301.6,311.5,2306,43.7,210,0,0,0,0,0,0
2215,L02215,M,297.6,308.3,2788,31.8,17,0,0,0,0,0,0
2216,L02216,M,303.2,311.0,2499,28.5,221,0,0,0,0,0,0
2217,L02217,L,298.9,310.4,2780,30.9,79,0,0,0,0,0,0
2218,L02218,L,298.7,309.2,2703,60.3,224,0,0,0,0,0,0
2219,H02219,M,300.3,309.5,2194,28.7,122,0,0,0,0,0,0
2220,L02220,M,300.2,308.7,2104,41.9,91,0,0,0,0,0,0
2221,H02221,M,295.5,311.1,1628,30.8,174,0,0,0,0,0,0
2222,M02222,L,299.8,309.0,2631,44.6,207,0,0,0,0,0,0
2223,L02223,L,301.2,310.4,1667,41.6,10,0,0,0,0,0,0
2224,M02224,H,302.1,308.4,1685,56.6,5,0,0,0,0,0,0
2225,M02225,L,299.8,311.4,1374,35.6,141,0,0,0,0,0,0
2226,M02226,L,299.3,309.8,1721,44.3,111,0,0,0,0,0,0
2227,H02227,M,301.4,311.1,2503,50.4,227,0,0,0,0,0,0
2228,M02228,H,303.6,309.8,2731,36.3,21,0,0,0,0,0,0
2229,M02229,L,300.2,309.4,1517,42.1,231,0,0,0,0,0,0
2230,M02230,M,299.6,308.7,2315,25.0,214,0,0,0,0,0,0
2231,L02231,H,302.5,311.1,2763,44.5,158,0,0,0,0,0,0
2232,L02232,H,297.7,309.6,2372,41.8,27,0,0,0,0,0,0
2233,H02233,H,300.1,310.3,2172,32.4,146,0,0,0,0,0,0
2234,H02234,L,304.8,309.3,2800,27.6,114,0,0,0,0,0,0
2235,L02235,L,300.9,310.0,2209,37.3,213,0,0,0,0,0,0
2236,H02236,L,301.5,310.2,1615,28.1,128,0,0,0,0,0,0
2237,L02237,L,299.3,308.2,1721,41.0,194,0,0,0,0,0,0
2238,M02238,L,301.2,309.3,1587,46.2,199,0,0,0,0,0,0
2239,M02239,L,302.4,311.6,1906,22.5,140,0,0,0,0,0,0
2240,H02240,L,297.0,309.2,1740,31.6,178,0,0,0,0,0,0
2241,L02241,L,299.8,310.9,2030,56.1,0,0,0,0,0,0,0
2242,L02242,L,300.7,310.3,1340,46.1,28,0,0,0,0,0,0
2243,H02243,M,299.9,310.5,1246,25.8,140,0,0,0,0,0,0
2244,L02244,L,299.0,310.6,1653,35.1,41,0,0,0,0,0,0
2245,M02245,L,302.8,310.0,2540,21.9,28,0,0,0,0,0,0
2246,H02246,L,300.4,309.4,2037,51.4,93,0,0,0,0,0,0
2247,H02247,L,298.6,309.3,1299,39.8,143,0,0,0,0,0,0
2248,L02248,H,302.0,309.7,1192,41.3,59,0,0,0,0,0,0
2249,H02249,L,302.8,311.3,2470,51.9,104,0,0,0,0,0,0
2250,L02250,L,302.3,308.6,2062,37.7,161,0,0,0,0,0,0
2251,L02251,L,299.2,309.7,1468,42.7,246,0,0,0,0,0,0
2252,L02252,L,299.3,308.5,1367,50.9,39,0,0,0,0,0,0
2253,L02253,L,297.9,309.4,1637,31.8,194,0,0,0,0,0,0
2254,L02254,L,300.5,309.9,1295,27.5,92,0,0,0,0,0,0
2255,H02255,L,302.2,311.4,1477,57.9,221,0,0,0,0,0,0
2256,M02256,M,301.1,311.5,1408,32.6,182,0,0,0,0,0,0
2257,M02257,M,303.5,308.2,1715,16.4,185,0,0,0,0,0,0
2258,H02258,L,296.1,308.5,1268,32.8,51,0,0,0,0,0,0
2259,H02259,L,300.3,309.8,2315,33.2,63,0,0,0,0,0,0
2260,M02260,L,301.7,310.8,1439,60.2,225,0,0,0,0,0,0
2261,M02261,L,298.8,308.4,2812,45.5,3,0,0,0,0,0,0
2262,M02262,L,297.7,309.6,1374,37.9,175,0,0,0,0,0,0
2263,M02263,M,297.6,311.0,2043,33.1,199,0,0,0,0,0,0
2264,M02264,L,300.2,311.2,2402,46.8,110,0,0,0,0,0,0
2265,L02265,M,297.5,309.7,1902,50.5,239,0,0,0,0,0,0
2266,H02266,L,302.9,308.0,2430,45.0,17,0,0,0,0,0,0
2267,L02267,H,301.0,311.0,1394,49.2,85,0,0,0,0,0,0
2268,M02268,M,299.6,309.1,1325,55.5,9,1,0,0,0,0,0
2269,M02269,M,299.8,310.5,2528,40.9,114,1,0,0,0,0,0
2270,M02270,L,302.2,309.1,1671,34.9,13,0,0,0,0,0,0
2271,L02271,M,302.7,310.1,2768,35.7,178,0,0,0,0,0,0
2272,L02272,M,298.1,310.3,2312,52.5,117,0,0,0,0,0,0
2273,M02273,M,298.5,311.3,1268,47.3,109,0,0,0,0,0,0
2274,L02274,L,299.3,308.6,2812,41.5,94,0,0,0,0,0,0
2275,L02275,M,298.8,309.1,2784,34.6,98,0,0,0,0,0,0
2276,M02276,L,296.4,311.6,2751,31.9,45,0,0,0,0,0,0
2277,L02277,L,298.4,310.2,1408,40.0,193,0,0,0,0,0,0
2278,H02278,M,298.6,309.1,2828,30.0,60,0,0,0,0,0,0
2279,H02279,L,297.6,310.7,1720,37.7,129,0,0,0,0,0,0
2280,H02280,L,300.9,309.0,2365,51.9,162,0,0,0,0,0,0
2281,H02281,L,299.7,310.2,2092,38.7,33,0,0,0,0,0,0
2282,M02282,M,301.2,309.3,2303,37.6,92,0,0,0,0,0,0
2283,M02283,L,298.0,311.2,1307,41.4,69,0,0,0,0,0,0
2284,M02284,L,301.3,309.1,2851,49.7,195,0,0,0,0,0,0
2285,H02285,L,300.3,307.3,1410,58.0,64,0,0,0,0,0,0
2286,H02286,M,298.9,309.6,1539,28.4,162,0,0,0,0,0,0
2287,L02287,L,303.2,309.3,1794,52.0,175,0,0,0,0,0,0
2288,L02288,M,300.2,309.8,2697,48.0,46,0,0,0,0,0,0
2289,H02289,L,298.9,310.6,1281,27.7,217,0,0,0,0,0,0
2290,H02290,M,300.6,308.8,1557,30.2,220,0,0,0,0,0,0
2291,H02291,H,298.1,309.2,2326,49.6,10,0,0,0,0,0,0
2292,H02292,L,299.6,310.0,1431,45.5,189,0,0,0,0,0,0
2293,L02293,L,304.1,309.3,1716,22.7,114,0,0,0,0,0,0
2294,H02294,M,296.5,310.1,1917,31.7,131,0,0,0,0,0,0
2295,L02295,L,298.9,310.5,2811,45.3,85,0,0,0,0,0,0
2296,H02296,L,299.7,310.0,1195,49.3,32,0,0,0,0,0,0
2297,H02297,M,299.3,311.1,1835,44.0,161,0,0,0,0,0,0
2298,H02298,H,299.0,309.1,2472,19.0,94,0,0,0,0,0,0
2299,L02299,L,303.4,309.4,1170,32.8,73,0,0,0,0,0,0
2300,L02300,L,298.9,311.5,2146,30.2,162,0,0,0,0,0,0
2301,M02301,L,300.8,309.3,2338,46.9,180,0,0,0,0,0,0
2302,H02302,L,298.8,312.5,1417,35.3,27,0,0,0,0,0,0
2303,M02303,M,300.8,311.0,1250,45.3,22,0,0,0,0,0,0
2304,M02304,M,301.9,309.2,1810,41.7,48,1,0,0,0,0,0
2305,L02305,M,299.9,310.6,1802,28.3,75,0,0,0,0,0,0
2306,L02306,L,298.9,310.3,2546,48.8,220,0,0,0,0,0,0
2307,M02307,L,299.8,308.5,1182,51.6,1,0,0,0,0,0,0
2308,H02308,L,301.1,311.5,1385,49.3,76,0,0,0,0,0,0
2309,L02309,L,301.7,310.8,1347,42.2,99,0,0,0,0,0,0
2310,H02310,M,300.5,311.5,1656,39.1,110,0,0,0,0,0,0
2311,H02311,L,299.8,311.0,1896,33.9,153,0,0,0,0,0,0
2312,M02312,M,302.6,310.3,1481,52.7,144,0,0,0,0,0,0
2313,M02313,M,298.7,311.1,2618,56.2,42,0,0,0,0,0,0
2314,M02314,H,299.2,308.7,1635,33.4,96,0,0,0,0,0,0
2315,M02315,M,303.6,312.0,1269,29.1,58,0,0,0,0,0,0
2316,L02316,M,299.8,310.7,1307,29.6,120,0,0,0,0,0,0
2317,L02317,L,301.3,308.0,2210,30.4,213,0,0,0,0,0,0
2318,M02318,L,298.2,308.5,1999,43.3,65,0,0,0,0,0,0
2319,L02319,L,302.0,310.3,1293,26.8,73,0,0,0,0,0,0
2320,M02320,L,297.7,309.1,2730,34.4,38,0,0,0,0,0,0
2321,H02321,M,297.6,310.5,1790,34.7,25,0,0,0,0,0,0
2322,H02322,M,301.8,309.0,1842,41.7,221,0,0,0,0,0,0
2323,H02323,L,299.3,308.7,2201,37.9,149,0,0,0,0,0,0
2324,M02324,L,299.5,309.5,2098,44.5,202,0,0,0,0,0,0
2325,H02325,L,300.9,313.3,2752,38.8,21,0,0,0,0,0,0
2326,L02326,M,299.4,308.9,1903,42.0,87,0,0,0,0,0,0
2327,H02327,M,297.9,311.3,2024,59.3,185,0,0,0,0,0,0
2328,H02328,M,298.9,309.2,2417,41.4,28,0,0,0,0,0,0
2329,H02329,L,298.1,309.9,2852,42.7,114,0,0,0,0,0,0
2330,L02330,L,302.3,310.1,2439,64.2,9,0,0,0,0,0,0
2331,M02331,M,302.4,309.9,1200,38.5,225,0,0,0,0,0,0
2332,L02332,M,298.3,310.1,1258,54.7,109,0,0,0,0,0,0
2333,M02333,L,300.9,310.3,2571,52.3,152,0,0,0,0,0,0
2334,M02334,M,299.5,308.5,2508,30.6,148,0,0,0,0,0,0
2335,H02335,L,302.9,309.9,1283,41.5,188,0,0,0,0,0,0
2336,M02336,M,304.7,309.9,2852,46.4,117,0,0,0,0,0,0
2337,L02337,M,301.5,310.6,1229,49.4,122,0,0,0,0,0,0
2338,L02338,M,299.0,309.7,2156,32.1,166,0,0,0,0,0,0
2339,M02339,L,297.7,310.5,1487,32.1,204,1,0,0,0,0,0
2340,H02340,L,300.5,309.3,2784,48.9,65,0,0,0,0,0,0
2341,H02341,M,299.7,309.4,1581,29.9,133,0,0,0,0,0,0
2342,L02342,M,297.1,310.3,2838,36.8,0,0,0,0,0,0,0
2343,H02343,L,300.2,309.0,2654,25.7,248,0,0,0,0,0,0
2344,M02344,M,304.2,309.4,2037,31.7,27,0,0,0,0,0,0
2345,M02345,L,301.6,309.5,2462,37.6,213,0,0,0,0,0,0
2346,L02346,H,297.7,309.6,2768,38.6,138,1,0,0,0,0,0
2347,M02347,M,300.0,310.1,1251,41.4,166,0,0,0,0,0,0
2348,L02348,L,300.7,309.1,1480,38.7,123,0,0,0,0,0,0
2349,M02349,L,301.0,310.6,1525,49.1,196,0,0,0,0,0,0
2350,L02350,L,296.7,309.7,1380,52.5,145,0,0,0,0,0,0
2351,H02351,L,299.8,310.4,2624,33.0,19,0,0,0,0,0,0
2352,M02352,L,300.5,308.8,1913,23.3,75,0,0,0,0,0,0
2353,M02353,M,299.6,307.1,2494,44.2,212,0,0,0,0,0,0
2354,L02354,M,296.1,310.9,1573,50.2,90,0,1,0,0,0,0
2355,L02355,L,299.7,310.2,2198,32.2,57,0,0,0,0,0,0
2356,M02356,L,301.6,310.5,1718,36.9,177,0,0,0,0,0,0
2357,L02357,L,298.9,311.3,1565,49.7,168,0,0,0,0,0,0
2358,M02358,L,299.1,309.1,1451,51.1,97,0,0,0,0,0,0
2359,H02359,L,302.8,308.2,2273,44.7,145,0,0,0,0,0,0
2360,L02360,M,299.6,311.0,2561,40.4,161,0,0,0,0,0,0
2361,M02361,H,300.2,310.7,1268,35.2,65,0,0,0,0,0,0
2362,H02362,L,296.3,311.1,2836,42.2,244,0,0,0,0,0,0
2363,H02363,M,297.9,311.7,2765,40.9,205,0,0,0,0,0,0
2364,M02364,H,304.4,308.8,1480,46.6,102,0,0,0,0,0,0
2365,L02365,L,303.3,310.9,1811,44.0,64,0,0,0,0,0,0
2366,M02366,M,300.9,309.7,1508,26.2,125,0,0,0,0,0,0
2367,H02367,M,295.4,311.0,2299,38.6,219,0,0,0,0,0,0
2368,M02368,L,297.3,311.8,1438,53.1,104,0,0,0,0,0,0
2369,L02369,L,297.3,310.0,1702,16.0,26,0,0,0,0,0,0
2370,H02370,M,297.3,309.3,1589,26.5,29,0,0,0,0,0,0
2371,M02371,M,299.2,308.6,1724,30.0,85,0,0,0,0,0,0
2372,L02372,L,301.6,307.7,1866,46.6,75,0,0,0,0,0,0
2373,H02373,L,298.7,311.5,2514,35.0,128,0,0,0,0,0,0
2374,L02374,L,299.4,311.5,2377,41.2,224,0,0,0,0,0,0
2375,H02375,M,299.4,311.0,2352,44.9,40,0,0,0,0,0,0
2376,M02376,L,301.8,309.7,1495,44.9,239,0,0,0,0,0,0
2377,L02377,M,301.8,310.8,2164,33.4,248,0,0,0,0,0,0
2378,H02378,L,300.3,310.3,2162,36.8,112,0,0,0,0,0,0
2379,L02379,L,302.6,308.8,1982,38.0,189,0,0,0,0,0,0
2380,L02380,L,299.2,311.1,1254,56.6,0,0,0,0,0,0,0
2381,M02381,L,303.5,310.5,1462,37.9,132,0,0,0,0,0,0
2382,L02382,L,298.8,310.7,1235,46.2,175,0,0,0,0,0,0
2383,H02383,L,296.1,310.3,2614,47.2,132,0,0,0,0,0,0
2384,H02384,L,297.5,310.1,2653,51.0,70,0,0,0,0,0,0
2385,H02385,L,297.3,310.4,2501,48.8,83,0,0,0,0,0,0
2386,H02386,L,298.5,309.7,2424,40.6,25,0,0,0,0,0,0
2387,M02387,L,302.3,310.6,1631,44.9,48,0,0,0,0,0,0
2388,L02388,M,299.1,312.0,1999,64.9,69,1,0,0,0,0,0
2389,M02389,M,297.3,310.5,2177,32.6,89,0,0,0,0,0,0
2390,L02390,H,297.1,311.1,2357,35.0,60,0,0,0,0,0,0
2391,L02391,L,299.9,308.8,1449,28.5,2,0,0,0,0,0,0
2392,L02392,L,303.0,310.8,1677,41.9,166,0,0,0,0,0,0
2393,M02393,L,300.4,310.5,1755,35.4,77,0,0,1,0,0,0
2394,L02394,L,301.9,311.1,2076,29.4,176,0,0,0,0,0,0
2395,M02395,M,300.8,309.6,2329,40.1,13,0,0,0,0,0,0
2396,H02396,L,296.9,311.0,2607,26.3,19,0,0,0,0,0,0
2397,H02397,L,301.2,309.3,2530,52.6,185,0,0,0,0,0,0
2398,L02398,L,297.7,311.1,2701,50.4,171,0,0,0,0,0,0
2399,M02399,H,299.2,311.2,2214,57.7,136,0,0,0,0,0,0
2400,H02400,H,298.6,308.9,1798,66.6,190,0,0,0,0,0,0
2401,M02401,L,299.8,310.4,2431,23.7,249,0,0,0,0,0,0
2402,M02402,L,299.5,309.8,2539,38.4,189,0,0,0,0,0,0
2403,L02403,M,299.2,310.5,1704,52.9,5,0,0,0,0,0,0
2404,H02404,H,299.4,310.0,2239,52.7,193,0,0,0,0,0,0
2405,L02405,L,300.5,309.8,2381,48.6,101,1,0,0,0,0,0
2406,L02406,L,299.4,309.4,1394,29.5,104,0,0,0,0,0,0
2407,H02407,H,299.7,311.4,2416,42.8,42,0,0,0,0,0,0
2408,H02408,M,304.0,309.3,1738,50.6,63,0,0,0,0,0,0
2409,M02409,L,302.1,309.5,1880,36.6,96,0,0,0,0,0,0
2410,H02410,L,299.0,308.7,2554,32.4,43,0,0,0,0,0,0
2411,M02411,H,300.2,310.9,2396,37.2,4,0,0,0,0,0,0
2412,M02412,M,300.1,311.0,2194,34.3,140,0,0,0,0,0,0
2413,M02413,M,300.2,310.4,1296,42.7,119,0,0,0,0,0,0
2414,H02414,M,300.0,309.2,2541,25.6,142,0,0,0,0,0,0
2415,L02415,L,300.2,308.3,1462,56.4,236,0,0,0,0,0,0
2416,M02416,M,299.5,310.6,2762,34.4,118,0,0,0,0,0,0
2417,L02417,L,298.8,310.9,1465,29.9,249,0,0,0,0,0,0
2418,L02418,H,299.2,309.5,1552,36.0,161,0,0,0,0,0,0
2419,H02419,L,296.5,310.1,2621,42.7,183,0,0,0,0,0,0
2420,L02420,M,301.4,308.4,2720,24.4,200,0,0,0,0,0,0
2421,L02421,L,301.0,309.2,1275,34.3,89,0,0,0,1,0,0
2422,H02422,L,304.0,310.4,1984,39.4,29,0,0,0,0,0,0
2423,M02423,L,297.6,309.9,1645,33.3,55,0,0,0,0,0,0
2424,L02424,M,299.2,310.2,2130,30.4,123,0,0,0,0,0,0
2425,H02425,M,302.3,311.1,1893,49.5,213,0,0,0,0,0,0
2426,L02426,M,300.7,308.8,2772,49.3,152,0,0,0,0,0,0
2427,L02427,L,303.3,310.2,1849,49.1,231,0,0,0,0,0,0
2428,M02428,L,303.0,309.3,1194,45.7,67,0,0,0,0,0,0
2429,L02429,H,295.1,309.8,2504,28.1,124,0,0,0,0,0,0
2430,H02430,M,300.5,310.3,1985,39.8,46,0,0,0,0,0,0
2431,L02431,M,300.5,308.7,2113,53.5,27,0,0,0,0,0,0
2432,M02432,M,300.0,309.3,2060,27.9,245,0,0,0,0,0,0
2433,M02433,M,299.1,309.6,2009,30.1,36,0,0,0,0,1,0
2434,H02434,L,303.1,310.4,2245,42.7,73,0,0,0,0,0,0
2435,M02435,M,299.9,311.1,1877,47.6,72,0,0,0,0,0,0
2436,L02436,M,293.7,308.3,1247,46.8,126,0,0,0,0,0,0
2437,M02437,M,299.1,309.3,2444,43.2,35,0,0,0,0,0,0
2438,H02438,M,304.1,309.9,2580,30.0,128,0,0,0,0,0,0
2439,M02439,L,297.8,309.8,2617,44.9,221,0,0,0,0,0,0
2440,M02440,L,302.4,310.4,2264,33.8,74,0,0,0,0,0,0
2441,M02441,L,302.1,308.8,2827,43.4,152,0,0,0,0,0,0
2442,H02442,L,299.5,309.8,1266,38.8,74,0,0,0,0,0,0
2443,M02443,M,300.4,309.6,2687,36.9,40,0,0,0,0,0,0
2444,M02444,M,299.9,310.7,2144,63.3,182,0,0,0,0,0,0
2445,L02445,L,298.9,310.1,2216,28.2,68,0,0,0,0,0,0
2446,H02446,L,298.7,309.6,1220,32.6,218,0,0,0,0,0,0
2447,M02447,H,302.8,311.2,2317,50.7,214,0,0,0,0,0,0
2448,H02448,M,299.7,309.5,2515,57.4,56,0,0,0,0,0,0
2449,M02449,L,298.5,309.2,1907,46.7,210,0,0,0,0,0,0
2450,M02450,M,301.1,310.6,1945,37.7,244,0,0,0,0,0,0
2451,M02451,L,300.9,309.5,1988,32.1,2,0,0,0,0,0,0
2452,L02452,L,297.0,310.1,1875,48.6,135,0,0,0,0,0,0
2453,L02453,L,298.7,311.7,1256,39.9,47,0,0,0,0,0,0
2454,L02454,L,296.6,309.5,1535,34.8,58,0,0,0,0,0,0
2455,H02455,L,305.1,309.0,1605,50.7,112,0,0,0,0,0,0
2456,H02456,H,299.3,309.8,1924,38.5,35,0,0,0,0,0,0
2457,L02457,M,298.6,309.7,1443,26.9,182,0,0,0,0,0,0
2458,H02458,L,299.0,310.8,1325,41.2,78,0,0,0,0,0,0
2459,M02459,L,298.5,308.6,2280,36.5,76,0,0,0,0,0,0
2460,M02460,L,299.6,312.7,2259,30.0,221,0,0,0,0,0,0
2461,M02461,M,302.5,309.3,2683,43.1,168,0,0,0,0,0,0
2462,L02462,M,300.2,310.5,2400,44.5,73,0,0,0,0,0,0
2463,H02463,L,297.2,310.9,1743,14.8,58,0,0,0,0,0,0
2464,L02464,L,297.7,310.2,1478,50.9,161,0,0,0,0,0,0
2465,H02465,M,300.3,310.6,2414,50.0,29,0,0,0,0,0,0
2466,M02466,L,298.3,310.1,2175,38.8,88,0,0,0,0,0,0
2467,L02467,L,299.6,310.6,2424,32.1,61,0,0,0,0,0,0
2468,H02468,M,305.3,309.6,1191,45.4,69,0,0,0,0,0,0
2469,H02469,L,298.0,309.3,2599,40.0,54,0,0,0,0,0,0
2470,M02470,L,297.1,308.2,1230,34.7,243,0,0,0,0,0,0
2471,L02471,L,298.5,310.4,1637,34.9,100,0,0,0,0,0,0
2472,L02472,L,296.4,309.7,2065,41.8,208,0,0,0,0,0,0
2473,L02473,M,302.6,310.4,1411,53.3,99,0,0,0,0,0,0
2474,M02474,H,297.7,309.7,2568,26.8,231,0,0,0,0,0,0
2475,L02475,M,298.1,311.2,1858,43.1,95,0,0,0,0,0,0
2476,M02476,M,297.3,309.8,2421,31.1,21,0,0,0,0,0,0
2477,M02477,L,296.6,309.4,2503,43.2,118,0,0,0,0,0,0
2478,M02478,M,299.9,309.6,2142,45.8,96,0,0,0,0,0,0
2479,H02479,H,298.5,310.5,1957,27.7,246,0,0,0,0,0,0
2480,L02480,L,296.4,312.9,1697,45.7,21,0,0,0,0,0,0
2481,L02481,L,299.3,311.4,1764,42.6,99,0,0,0,0,0,0
2482,M02482,M,300.7,308.8,2096,53.0,81,0,0,0,0,0,0
2483,M02483,M,299.1,310.2,1964,40.2,219,0,0,0,0,0,0
2484,L02484,L,301.2,309.2,1247,42.9,140,0,0,0,0,0,0
2485,M02485,L,303.4,309.6,2318,44.3,209,0,0,0,0,0,0
2486,L02486,M,301.6,309.7,1943,54.2,22,0,0,0,0,0,0
2487,H02487,L,300.4,309.9,1276,21.8,226,0,0,0,0,0,0
2488,M02488,M,301.6,310.9,2477,24.4,145,0,0,0,0,0,0
2489,L02489,L,304.5,309.7,1944,39.0,73,0,0,1,0,0,0
2490,M02490,H,297.1,310.2,1728,43.6,242,0,0,0,0,0,0
2491,L02491,L,301.3,310.0,2552,23.4,249,0,0,0,0,0,0
2492,L02492,L,298.0,309.3,2320,39.4,65,0,0,0,0,0,0
2493,M02493,L,300.5,309.5,1989,32.5,13,0,0,0,0,0,0
2494,H02494,L,297.4,309.4,2254,27.1,159,0,0,0,0,0,0
2495,L02495,M,301.5,310.7,2415,38.3,157,0,0,0,0,0,0
2496,L02496,L,300.6,309.6,2750,47.1,146,0,0,0,0,0,0
2497,L02497,L,303.0,311.8,1732,58.5,68,0,0,0,0,0,0
2498,H02498,L,299.5,309.2,1697,61.1,249,0,0,0,0,0,0
2499,H02499,M,299.4,309.2,1216,52.4,175,0,0,0,0,0,0
2500,M02500,M,299.4,308.9,2768,43.2,95,0,0,0,0,0,0
2501,H02501,L,304.9,309.9,1831,38.9,121,0,0,0,0,0,0
2502,M02502,M,301.3,309.5,2648,41.5,73,0,0,0,0,0,0
2503,M02503,M,302.7,309.6,1728,41.5,132,0,0,0,0,0,0
2504,H02504,M,301.4,311.0,2783,51.2,205,0,0,0,0,0,0
2505,M02505,L,301.8,309.8,1986,56.0,166,0,0,0,0,0,0
2506,H02506,M,297.0,309.6,2606,28.4,233,0,0,0,0,0,0
2507,M02507,L,298.9,310.3,2475,37.0,170,0,0,0,0,0,0
2508,H02508,L,298.8,310.2,1973,49.6,146,0,0,0,0,0,0
2509,H02509,L,300.1,310.8,2548,38.7,74,0,0,0,0,0,0
2510,M02510,L,299.8,310.8,1724,35.9,226,0,0,0,0,0,0
2511,L02511,L,296.8,310.5,2251,51.6,166,0,0,0,0,0,0
2512,M02512,H,300.1,310.9,1179,34.9,237,0,0,0,0,0,0
2513,H02513,L,296.0,309.3,2525,46.6,101,0,0,0,0,0,0
2514,L02514,L,301.6,309.9,1912,36.8,213,0,0,0,0,0,0
2515,M02515,L,300.2,310.1,1980,62.2,243,0,0,0,0,0,0
2516,M02516,L,302.5,310.1,2288,52.5,58,1,0,0,0,0,0
2517,M02517,L,300.4,313.1,2505,36.7,236,0,0,0,0,0,0
2518,L02518,L,299.1,311.1,2678,42.8,237,0,0,0,0,0,0
2519,H02519,L,296.8,311.1,1880,45.9,93,0,0,0,0,0,0
2520,M02520,L,299.2,309.7,2327,35.8,179,1,0,0,0,0,0
2521,M02521,L,298.4,309.9,1684,36.8,93,1,0,0,0,0,0
2522,M02522,L,300.7,310.8,1518,48.4,238,0,0,0,0,0,0
2523,M02523,M,299.2,311.5,2833,39.9,177,0,0,0,0,0,0
2524,M02524,M,301.2,309.1,2531,25.9,202,0,0,0,0,0,0
2525,H02525,M,302.7,309.5,1451,45.6,213,0,0,0,0,0,0
2526,H02526,L,297.2,309.8,2844,49.6,9,0,0,0,0,0,0
2527,M02527,L,300.0,310.3,2624,36.7,106,0,0,0,0,0,0
2528,L02528,H,299.9,310.8,2066,32.3,82,0,0,0,0,0,0
2529,H02529,L,300.6,310.7,1456,53.3,117,0,0,0,0,0,0
2530,L02530,L,301.4,310.5,2852,41.5,14,0,0,0,0,0,0
2531,H02531,L,303.2,309.2,2236,39.2,59,0,0,0,0,0,0
2532,M02532,L,297.8,309.8,1986,39.2,34,0,0,0,0,0,0
2533,H02533,L,296.9,308.7,2449,54.6,34,0,0,0,0,0,0
2534,M02534,M,300.4,311.0,1660,42.6,0,0,0,0,0,0,0
2535,H02535,L,300.9,310.0,2167,44.4,46,0,0,0,1,0,0
2536,M02536,H,301.4,308.8,2036,38.4,190,0,0,0,0,0,0
2537,M02537,L,298.5,312.4,2708,40.2,108,0,0,0,0,0,0
2538,M02538,L,296.8,307.5,2087,36.8,110,0,0,0,0,0,0
2539,M02539,H,302.4,309.9,1536,44.9,244,0,0,0,0,0,0
2540,L02540,M,301.0,311.3,1944,28.9,17,0,0,0,0,0,0
2541,M02541,L,299.2,309.5,2008,42.3,25,0,0,0,0,0,0
2542,L02542,L,295.7,310.2,1607,36.3,59,0,0,0,0,0,0
2543,L02543,M,298.7,310.5,2581,34.9,145,0,0,0,0,0,0
2544,M02544,L,301.4,307.7,2559,44.5,62,0,0,0,0,0,0
2545,L02545,L,300.9,308.9,2563,40.0,40,0,0,0,0,0,0
2546,H02546,M,297.2,309.9,2402,30.1,209,0,0,0,0,0,0
2547,M02547,L,301.2,309.9,2400,31.2,42,0,0,0,0,0,0
2548,L02548,L,299.8,308.7,2500,42.0,209,0,0,0,0,0,0
2549,M02549,L,302.5,310.0,2508,32.2,223,0,0,0,0,0,0
2550,M02550,L,298.6,310.5,1426,23.4,37,0,0,0,0,0,0
2551,M02551,M,298.8,311.3,1379,48.2,249,0,0,0,0,0,0
2552,L02552,L,300.2,310.2,2330,27.6,154,0,0,0,0,0,0
2553,H02553,M,299.2,309.1,1162,36.4,176,0,0,0,0,0,0
2554,H02554,L,298.3,310.6,2676,30.8,55,0,0,0,0,0,0
2555,L02555,L,303.7,310.7,1346,30.6,220,0,0,0,0,0,0
2556,M02556,L,302.8,309.8,2796,43.4,176,0,0,0,0,0,0
2557,L02557,M,298.1,309.6,1764,33.4,168,0,0,0,0,0,0
2558,L02558,H,300.4,309.5,1252,37.8,211,0,0,0,0,0,0
2559,L02559,L,296.9,310.6,2343,21.9,187,0,0,0,0,0,0
2560,M02560,L,303.4,309.9,1258,57.5,126,0,0,0,0,0,0
2561,L02561,L,301.5,310.3,1525,43.6,98,0,0,0,0,0,0
2562,M02562,M,302.0,309.3,1275,54.0,86,0,0,0,0,0,0
2563,L02563,L,299.5,310.1,1896,52.8,55,0,0,0,0,0,0
2564,H02564,M,302.3,308.9,1534,51.9,203,0,0,0,0,0,0
2565,L02565,L,302.4,309.4,1297,37.5,189,0,0,0,0,0,0
2566,L02566,L,299.7,310.0,1832,40.5,116,0,0,0,0,0,0
2567,H02567,L,297.7,309.3,2174,30.0,226,0,0,0,0,0,0
2568,M02568,L,300.9,309.6,2144,40.9,61,0,0,0,0,0,0
2569,M02569,M,299.7,310.8,1701,27.6,99,0,0,0,0,0,0
2570,L02570,M,303.7,309.7,1898,54.1,169,0,0,0,0,0,0
2571,H02571,L,300.1,309.6,2180,49.0,117,0,0,0,0,0,0
2572,M02572,L,300.2,309.1,2336,46.2,155,0,0,0,0,0,0
2573,L02573,L,301.6,309.5,1585,34.4,36,0,0,0,0,0,0
2574,H02574,M,300.0,310.0,1951,51.7,19,0,0,0,0,0,0
2575,M02575,L,301.4,310.6,2607,24.2,34,0,0,0,0,0,0
2576,M02576,L,298.9,308.5,1474,38.9,181,0,0,0,0,0,0
2577,H02577,L,297.8,310.8,1306,41.5,70,0,0,0,0,0,0
2578,H02578,L,298.2,309.6,2287,56.3,97,0,0,0,0,0,0
2579,H02579,L,299.3,309.9,1261,27.0,5,0,0,0,0,0,0
2580,H02580,L,300.2,310.7,2136,53.6,18,1,0,0,0,0,0
2581,L02581,L,301.0,312.2,2628,51.6,105,0,0,0,0,0,0
2582,H02582,M,300.9,310.5,2246,52.1,7,0,0,0,0,0,0
2583,M02583,L,300.0,309.5,2103,34.3,175,0,0,0,0,0,0
2584,M02584,L,297.9,310.2,2366,44.5,221,0,0,0,0,0,0
2585,L02585,M,301.4,310.4,2648,49.0,193,0,0,0,0,0,0
2586,M02586,L,297.0,308.6,2446,42.9,15,0,0,0,0,0,0
2587,M02587,M,297.7,308.9,2107,43.6,116,0,0,0,0,0,0
2588,H02588,L,300.1,310.4,1885,44.9,109,0,0,0,0,0,0
2589,M02589,L,301.6,310.5,2022,33.6,23,0,0,0,0,0,0
2590,L02590,L,301.3,310.4,1243,33.5,152,0,0,0,0,0,0
2591,H02591,L,299.8,310.7,1868,47.8,140,0,0,0,0,0,0
2592,H02592,M,300.9,309.6,1831,34.0,118,0,0,0,0,0,0
2593,L02593,L,297.9,311.1,1817,43.3,200,0,0,0,0,0,0
2594,H02594,L,298.9,311.8,1664,27.2,157,0,0,0,0,0,0
2595,H02595,L,298.9,309.4,2393,37.9,8,0,0,0,0,0,0
2596,L02596,L,298.1,308.7,2178,55.1,190,0,0,0,0,0,0
2597,H02597,L,299.3,309.9,1343,42.2,167,0,0,0,0,0,0
2598,L02598,L,299.6,310.9,1203,51.9,6,0,0,0,0,0,0
2599,L02599,L,299.1,310.7,2083,56.8,207,0,0,0,0,0,0
2600,M02600,M,299.5,310.1,2125,49.1,229,0,0,0,0,0,0
2601,M02601,L,294.3,307.7,1961,44.4,31,0,0,0,0,0,0
2602,H02602,M,300.8,309.3,2382,39.0,188,0,0,0,0,0,0
2603,H02603,M,299.2,311.1,2761,37.9,59,0,0,0,0,0,0
2604,L02604,L,299.2,308.3,2670,36.8,92,0,0,0,0,0,0
2605,H02605,M,297.2,310.0,2803,51.0,106,0,0,0,0,0,0
2606,L02606,M,303.1,309.4,2628,42.2,50,0,0,0,0,0,0
2607,L02607,L,303.2,310.7,2253,48.6,39,0,0,0,0,0,0
2608,H02608,H,296.7,308.3,2181,56.5,114,0,0,0,0,0,0
2609,L02609,L,299.5,309.7,1240,59.3,78,0,0,0,0,0,0
2610,M02610,L,301.9,310.2,1495,47.0,10,0,0,0,0,0,0
2611,H02611,M,299.3,309.6,2171,47.0,72,0,0,0,0,0,0
2612,M02612,L,298.8,310.6,1500,38.0,15,0,0,0,0,0,0
2613,H02613,L,298.7,308.5,1359,49.4,24,0,0,0,0,0,0
2614,L02614,L,300.6,308.9,1407,31.5,159,0,0,0,0,0,0
2615,H02615,M,305.2,309.7,2214,41.0,236,0,0,0,0,0,0
2616,M02616,M,301.7,310.3,1876,29.8,201,0,0,0,0,0,0
2617,L02617,L,297.8,310.5,1845,27.1,137,0,0,0,0,0,0
2618,H02618,H,298.7,310.2,1453,43.2,221,0,0,0,0,0,0
2619,H02619,L,299.5,309.1,2414,30.2,184,0,0,0,0,0,0
2620,H02620,L,298.3,309.4,2791,34.6,83,0,0,0,0,0,0
2621,M02621,M,297.9,311.1,2707,44.4,40,0,0,0,0,0,0
2622,M02622,M,301.5,312.0,2014,49.6,123,0,0,0,1,0,0
2623,H02623,L,299.0,310.6,1394,59.7,225,0,0,0,0,0,0
2624,L02624,L,300.7,310.3,1935,21.1,64,0,0,0,0,0,0
2625,L02625,M,303.6,308.8,1740,31.4,159,0,0,0,0,0,0
2626,M02626,H,299.0,310.2,1453,21.2,103,0,0,0,0,0,0
2627,L02627,M,300.5,308.3,2708,27.3,94,0,0,0,0,0,0
2628,M02628,L,298.0,311.3,1260,45.2,175,0,0,0,0,0,0
2629,H02629,H,300.8,310.6,2303,39.7,53,0,0,0,0,0,0
2630,M02630,M,302.6,309.9,2535,24.0,124,0,0,0,0,0,0
2631,M02631,L,302.5,308.8,1409,43.3,74,0,0,0,0,0,0
2632,H02632,M,300.1,310.2,1815,55.5,121,1,0,0,0,0,0
2633,L02633,M,299.0,308.5,1680,29.5,40,0,0,0,0,0,0
2634,M02634,H,300.5,309.7,1710,44.2,248,0,0,1,0,0,0
2635,M02635,M,300.1,310.4,2759,56.0,82,0,0,0,0,0,0
2636,H02636,M,300.9,309.3,2387,31.2,113,0,0,0,0,0,0
2637,L02637,M,298.7,310.0,1202,39.2,60,0,0,0,0,0,0
2638,M02638,L,299.2,312.3,2051,25.3,134,0,0,0,0,0,0
2639,H02639,M,299.6,308.2,1339,53.5,180,0,0,0,0,0,0
2640,M02640,M,301.3,309.2,2814,44.2,220,0,0,0,0,0,0
2641,H02641,H,301.6,309.7,2664,33.9,233,0,0,0,0,0,0
2642,L02642,L,299.1,309.5,1293,38.1,101,0,0,0,0,0,0
2643,L02643,L,297.7,310.5,1909,49.4,52,0,0,0,0,0,0
2644,L02644,L,300.7,310.5,2353,24.0,227,0,0,0,0,0,0
2645,L02645,M,301.5,310.0,2692,31.8,96,0,0,0,0,0,0
2646,M02646,M,299.7,310.1,1952,42.2,99,0,0,0,0,0,0
2647,M02647,L,298.6,308.2,1867,48.9,153,0,0,0,0,0,0
2648,L02648,L,299.0,310.5,2241,44.6,220,0,0,0,0,0,0
2649,L02649,L,303.3,310.2,2022,25.5,60,0,0,0,0,0,0
2650,L02650,L,300.4,309.3,1804,50.0,92,0,0,0,0,0,0
2651,M02651,M,302.0,311.6,2281,51.8,34,0,0,0,0,0,0
2652,L02652,L,298.4,309.9,1334,50.1,2,0,0,0,0,0,0
2653,L02653,L,302.4,310.2,2324,40.2,109,0,0,0,0,0,0
2654,L02654,L,301.8,310.0,1739,34.3,196,0,0,0,0,0,0
2655,H02655,L,299.8,308.3,2648,54.4,224,0,0,0,0,0,0
2656,L02656,M,301.2,309.0,1908,35.3,63,0,0,0,0,0,0
2657,H02657,L,302.6,309.7,1251,41.4,138,0,0,0,0,0,0
2658,H02658,M,297.8,311.0,2312,49.3,133,0,0,0,0,0,0
2659,L02659,L,298.9,309.5,2561,52.7,129,0,0,0,0,0,0
2660,H02660,L,301.0,310.2,1829,32.8,204,0,0,0,0,0,0
2661,L02661,L,300.0,310.5,1638,53.0,192,0,0,1,0,0,0
2662,M02662,M,300.8,309.2,2231,34.6,218,0,0,0,0,0,0
2663,M02663,L,301.4,309.1,1780,48.0,39,0,0,0,0,0,0
2664,M02664,H,301.0,309.3,1237,46.6,126,0,0,0,0,0,0
2665,M02665,M,299.5,309.3,2295,40.7,105,0,0,0,0,0,0
2666,H02666,L,299.6,308.9,2143,26.3,142,0,0,0,0,0,0
2667,L02667,M,303.1,310.9,2417,29.9,98,0,0,0,0,0,0
2668,L02668,H,300.2,310.6,2240,49.9,157,0,0,0,0,0,0
2669,L02669,L,302.7,308.9,1443,44.6,5,0,0,0,0,0,0
2670,M02670,L,302.8,310.2,2303,45.6,97,0,0,0,0,0,0
2671,M02671,M,298.4,309.7,2004,37.2,20,0,0,0,0,0,0
2672,L02672,L,301.5,309.9,1189,36.2,223,0,0,0,0,0,0
2673,M02673,H,297.8,310.0,2385,44.7,184,0,0,0,0,0,0
2674,L02674,L,303.2,308.5,2229,36.7,182,0,0,0,0,0,0
2675,L02675,L,300.4,308.0,1861,44.6,83,0,0,0,0,0,0
2676,L02676,H,300.3,310.0,1440,28.3,98,0,0,0,0,0,0
2677,L02677,M,298.3,309.6,1966,40.9,190,0,0,0,0,0,0
2678,L02678,L,298.8,309.8,2792,32.8,136,0,0,0,0,0,0
2679,L02679,H,300.5,309.4,1856,42.3,51,0,0,0,0,0,0
2680,L02680,L,300.2,310.0,2525,29.1,36,0,0,0,0,0,0
2681,M02681,L,299.2,308.3,2295,53.0,197,0,0,0,0,0,0
2682,L02682,H,301.8,310.0,2268,23.7,201,0,0,0,0,0,0
2683,L02683,L,300.0,307.4,2601,50.5,244,0,0,0,0,0,0
2684,M02684,L,298.0,309.3,1948,36.9,8,0,0,0,0,0,0
2685,M02685,L,301.4,309.5,2810,46.2,224,0,0,0,0,0,0
2686,M02686,M,297.7,308.2,2622,44.6,122,0,0,0,0,0,0
2687,L02687,L,296.2,311.3,1993,34.8,143,0,0,0,0,0,0
2688,H02688,L,300.2,309.9,1787,35.9,31,0,0,0,0,0,0
2689,H02689,M,297.9,309.2,2063,50.5,101,0,0,0,0,0,0
2690,M02690,L,300.4,311.9,1493,41.6,111,0,0,0,0,0,0
2691,H02691,M,301.6,310.2,2721,37.3,211,0,0,0,0,0,0
2692,M02692,M,302.0,310.3,2176,36.0,211,0,0,0,0,0,0
2693,L02693,L,301.0,309.8,2203,37.7,2,0,0,0,0,0,0
2694,H02694,L,297.3,309.4,2126,56.6,141,0,0,0,0,0,0
2695,L02695,L,298.6,310.2,2428,55.0,20,1,0,0,0,0,0
2696,H02696,M,300.0,307.1,1194,57.0,71,0,0,0,0,0,0
2697,L02697,M,300.0,308.1,2350,56.5,115,0,0,0,0,0,0
2698,H02698,L,298.1,308.5,2395,33.0,246,0,0,0,0,0,0
2699,L02699,L,299.1,307.6,2798,40.7,237,0,0,0,0,0,0
2700,L02700,L,301.6,310.4,1271,34.0,215,0,0,0,0,0,0
2701,H02701,L,301.0,309.2,1424,48.9,174,0,0,0,0,0,0
2702,L02702,L,299.4,311.1,2109,38.4,20,0,0,0,0,0,0
2703,L02703,M,302.1,309.7,2050,35.8,41,0,0,0,0,0,0
2704,L02704,L,297.3,309.0,1461,36.1,95,0,0,0,0,0,0
2705,H02705,M,301.6,309.8,1567,32.6,144,0,0,0,0,0,0
2706,H02706,L,301.4,310.9,1910,47.1,39,0,0,0,0,0,0
2707,L02707,L,301.5,309.6,2502,45.3,57,0,0,0,0,0,0
2708,L02708,L,300.6,311.1,2276,32.9,114,0,0,0,0,0,0
2709,H02709,M,298.7,310.9,1837,49.1,131,0,0,0,0,0,0
2710,H02710,L,301.2,309.3,1431,43.3,41,0,0,0,0,0,0
2711,L02711,L,299.2,309.3,2418,30.4,86,0,0,0,0,0,0
2712,L02712,L,300.4,309.3,2306,29.6,56,0,0,0,0,0,0
2713,L02713,M,298.5,308.6,2005,30.8,35,0,0,0,0,0,0
2714,M02714,L,299.3,308.3,1820,49.2,51,0,0,0,0,0,0
2715,H02715,L,299.7,309.3,1490,54.8,149,0,0,0,0,0,0
2716,M02716,M,300.8,307.4,1171,12.3,88,0,0,0,0,0,0
2717,H02717,M,301.1,308.7,2787,28.1,195,0,0,0,0,0,0
2718,H02718,L,303.4,310.3,2323,53.0,9,0,0,0,0,0,0
2719,H02719,M,300.3,308.4,1718,37.1,151,0,0,0,0,0,0
2720,H02720,L,298.1,311.1,1819,50.5,162,0,0,0,0,0,0
2721,H02721,M,301.6,310.4,2119,40.8,113,0,0,0,0,0,0
2722,H02722,M,300.7,311.7,2340,43.1,77,0,0,0,0,0,0
2723,H02723,L,299.6,311.9,1494,51.0,147,0,0,0,1,0,0
2724,M02724,M,299.2,310.5,2634,39.7,109,0,0,0,0,0,0
2725,L02725,L,298.8,309.2,2433,31.6,51,0,0,0,0,0,0
2726,L02726,L,298.7,308.1,1349,45.7,246,0,0,0,0,0,0
2727,M02727,M,297.6,308.3,1154,36.0,13,0,0,0,0,0,0
2728,M02728,H,301.9,311.8,1449,62.8,166,0,0,0,0,0,0
2729,M02729,L,300.9,308.3,2776,38.4,72,0,0,0,0,0,0
2730,M02730,L,300.2,309.6,2709,45.3,249,0,0,0,0,0,0
2731,H02731,L,298.8,311.0,2409,49.2,161,0,0,0,0,0,0
2732,L02732,H,302.2,308.9,1887,52.1,83,0,0,0,0,0,0
2733,H02733,M,297.2,311.1,1689,51.8,66,0,0,0,0,0,0
2734,L02734,M,299.7,309.7,2325,51.8,203,0,0,0,0,0,0
2735,L02735,L,302.0,310.0,2045,39.0,242,0,0,0,0,0,0
2736,M02736,M,296.0,309.5,1395,47.9,111,0,0,0,0,0,0
2737,H02737,M,300.4,308.9,2178,21.2,102,0,0,0,0,0,0
2738,M02738,M,298.7,310.5,1162,46.5,11,0,0,0,0,0,0
2739,H02739,L,300.2,310.4,2127,47.0,41,0,0,0,0,0,0
2740,L02740,L,299.3,310.5,2740,48.4,213,0,0,0,0,0,0
2741,M02741,L,301.2,310.8,2638,48.9,226,0,0,0,0,0,0
2742,M02742,M,302.5,309.4,1435,49.0,231,0,0,0,0,0,0
2743,L02743,L,305.0,310.4,2787,36.6,158,0,0,0,0,0,0
2744,L02744,M,299.8,310.7,1488,37.6,247,0,0,0,0,0,0
2745,L02745,L,301.5,310.2,2387,47.0,198,0,0,0,0,0,0
2746,M02746,M,300.7,309.4,2094,22.4,136,0,0,0,0,0,0
2747,H02747,L,300.8,310.2,1262,25.4,125,0,0,0,0,0,0
2748,M02748,L,303.0,307.8,1487,34.2,50,0,0,0,0,0,0
2749,H02749,L,298.6,310.2,1239,35.9,36,0,0,0,0,0,0
2750,M02750,L,299.3,308.7,1932,43.0,149,0,0,0,0,0,0
2751,M02751,L,299.6,309.8,1908,61.0,136,0,0,0,0,0,0
2752,L02752,M,298.0,309.4,2649,35.5,207,0,0,0,0,0,0
2753,H02753,L,300.0,309.9,2203,44.7,115,0,0,0,0,0,0
2754,M02754,L,301.3,308.3,2713,23.8,191,0,0,0,0,0,0
2755,M02755,L,301.7,310.5,2641,35.6,62,0,0,0,0,0,0
2756,L02756,L,299.6,310.7,2561,47.1,84,0,0,0,0,0,0
2757,L02757,L,302.3,308.8,2753,36.3,72,0,0,0,0,0,0
2758,H02758,L,295.9,308.4,1506,34.0,139,0,0,0,0,0,0
2759,M02759,L,304.7,308.9,2828,19.3,26,0,0,0,0,0,0
2760,H02760,L,301.1,310.6,1695,32.5,115,0,0,0,0,0,0
2761,M02761,M,299.1,309.7,1608,51.4,46,0,0,0,0,0,0
2762,H02762,L,300.9,309.6,1620,35.7,241,0,0,0,0,0,0
2763,L02763,L,299.7,309.7,2016,40.9,72,0,0,0,0,0,0
2764,M02764,L,295.8,309.1,2088,32.6,218,0,0,0,0,0,0
2765,H02765,M,300.1,310.1,2400,37.1,27,0,0,0,0,0,0
2766,L02766,M,301.8,311.3,1722,52.0,34,0,0,0,0,0,0
2767,L02767,M,301.9,308.9,2364,35.6,106,0,0,0,0,0,0
2768,H02768,L,300.5,310.4,2175,32.7,165,0,0,0,0,0,0
2769,M02769,M,301.9,309.8,2291,52.2,95,0,0,0,0,0,0
2770,M02770,L,300.9,309.7,1457,39.7,168,0,0,0,0,0,0
2771,L02771,L,300.4,311.2,1713,37.0,66,0,0,0,0,0,0
2772,M02772,M,298.6,310.8,2188,41.8,183,0,0,0,0,0,0
2773,M02773,L,299.3,309.8,1573,50.6,136,0,0,0,0,0,0
2774,M02774,H,299.5,310.7,2652,41.3,130,0,0,0,0,0,0
2775,L02775,L,300.6,308.1,2269,33.1,50,0,1,0,0,0,0
2776,H02776,H,301.6,307.6,1759,41.2,227,0,0,0,0,0,0
2777,M02777,M,298.8,309.1,1204,24.3,76,0,0,0,0,0,0
2778,L02778,L,297.2,308.8,2451,30.9,176,0,0,0,0,0,0
2779,L02779,L,302.9,309.6,1562,43.4,225,0,0,0,0,0,0
2780,H02780,L,298.1,311.0,2418,40.3,221,0,0,0,0,0,0
2781,M02781,H,301.0,309.6,2131,44.0,207,0,0,0,0,0,0
2782,M02782,L,300.5,310.8,2569,44.3,224,0,0,0,0,0,0
2783,H02783,M,299.3,310.7,2644,48.2,162,0,0,0,0,0,0
2784,H02784,H,301.2,308.1,1187,41.1,15,0,0,0,0,0,0
2785,L02785,L,297.6,310.5,2805,50.1,229,0,0,0,0,0,0
2786,L02786,L,303.3,311.0,1919,44.6,167,1,0,0,0,0,0
2787,H02787,M,305.3,311.1,2313,45.2,68,0,0,0,0,0,0
2788,M02788,L,302.5,309.7,1332,31.7,7,1,0,0,0,0,0
2789,L02789,L,298.4,309.9,2386,32.8,181,0,0,0,0,0,0
2790,L02790,L,295.3,310.0,1275,34.7,160,0,0,0,0,0,0
2791,M02791,L,301.0,309.8,1289,59.0,178,0,0,0,0,0,0
2792,L02792,M,297.4,308.8,1770,53.7,221,0,0,0,0,0,0
2793,M02793,L,299.2,309.0,2652,31.2,129,0,0,0,0,0,0
2794,M02794,H,303.0,310.5,2694,39.8,165,0,0,0,0,0,0
2795,M02795,L,303.2,309.7,2636,32.0,55,0,0,0,0,0,0
2796,H02796,M,303.5,310.0,1181,32.3,229,0,0,0,0,0,0
2797,H02797,L,300.2,311.0,1384,50.1,19,0,0,0,0,0,0
2798,H02798,L,301.8,309.9,1222,25.3,51,0,0,0,0,0,0
2799,M02799,L,296.0,308.7,1621,44.7,136,0,0,0,0,0,0
2800,M02800,M,297.0,312.1,2821,39.4,64,0,0,0,0,0,0
2801,H02801,M,299.4,309.6,1777,50.0,65,0,0,0,0,0,0
2802,L02802,L,301.7,309.5,1817,41.9,243,0,0,0,0,0,0
2803,M02803,L,299.1,310.2,1743,55.0,18,0,0,0,0,0,0
2804,L02804,L,301.6,309.7,1768,40.4,143,0,0,0,0,0,0
2805,L02805,L,297.7,309.8,1441,49.5,232,1,0,0,0,0,0
2806,M02806,M,300.2,309.3,1778,42.2,196,0,0,0,0,0,0
2807,M02807,M,301.1,310.8,2461,40.7,95,0,0,0,0,0,0
2808,L02808,L,301.5,311.0,1362,52.2,247,0,0,0,0,0,0
2809,L02809,H,299.1,311.7,1316,40.8,19,0,0,0,0,0,0
2810,H02810,L,300.1,311.8,2222,41.7,106,0,0,0,0,0,0
2811,H02811,M,296.9,307.9,2394,33.0,51,0,0,0,0,0,0
2812,M02812,L,299.8,310.5,1551,40.4,141,0,0,0,0,0,0
2813,H02813,L,302.2,308.7,1940,13.2,121,0,0,0,0,0,0
2814,H02814,L,299.5,311.2,2462,35.6,204,0,0,0,0,0,0
2815,H02815,L,298.5,310.2,2118,43.3,90,0,0,0,0,0,0
2816,H02816,M,301.6,309.1,1328,38.5,162,0,0,0,0,0,0
2817,L02817,M,304.6,308.7,1320,37.8,184,0,0,0,0,0,0
2818,M02818,L,304.3,309.2,1153,45.7,121,0,0,0,0,0,0
2819,H02819,M,300.5,309.1,1485,55.7,161,0,0,0,0,0,0
2820,L02820,L,301.5,311.2,1344,36.0,186,0,0,0,0,0,0
2821,L02821,M,303.3,309.9,2637,48.7,79,0,0,0,0,0,0
2822,L02822,L,300.5,308.9,2042,39.8,155,1,0,0,0,0,0
2823,H02823,L,300.9,310.3,1919,45.2,170,0,0,0,0,0,0
2824,H02824,L,299.4,310.3,2730,60.1,162,0,0,0,0,0,0
2825,M02825,L,304.7,309.7,2640,49.3,142,0,0,0,0,0,0
2826,H02826,M,301.4,311.1,2517,52.6,2,0,0,0,0,0,0
2827,H02827,L,299.5,310.5,2381,36.0,218,0,0,0,0,0,0
2828,L02828,L,298.8,310.4,2800,39.1,154,0,0,0,0,0,0
2829,M02829,L,296.3,308.1,2676,29.2,126,0,0,0,0,0,0
2830,H02830,M,296.8,309.6,1279,33.9,114,0,0,0,0,0,0
2831,H02831,M,298.5,310.6,2845,42.0,3,0,0,0,0,0,0
2832,L02832,L,301.9,310.3,2174,33.1,212,0,0,0,0,0,0
2833,L02833,L,300.7,310.0,1935,42.3,149,0,0,0,0,1,0
2834,H02834,M,297.5,310.6,1636,35.4,68,0,0,0,0,0,0
2835,M02835,L,298.1,310.4,2621,41.5,104,0,0,0,0,0,0
2836,M02836,L,300.6,310.7,2845,46.7,230,0,0,0,0,0,0
2837,L02837,L,303.3,310.3,1472,45.9,22,0,0,0,0,0,0
2838,L02838,L,297.8,310.7,1173,44.2,214,0,0,0,0,0,0
2839,H02839,L,300.9,310.6,1526,53.3,140,0,0,0,0,0,0
2840,L02840,M,299.1,309.9,1928,21.4,59,0,0,0,0,0,0
2841,H02841,L,299.2,310.0,2329,39.7,26,0,0,0,0,0,0
2842,M02842,M,297.7,310.1,2445,47.8,118,0,0,0,0,0,0
2843,M02843,L,301.3,308.8,1242,19.5,49,0,0,0,0,0,0
2844,H02844,M,299.0,308.5,2697,57.3,247,0,0,0,1,0,0
2845,L02845,L,299.3,310.5,1270,37.0,206,0,0,0,0,0,0
2846,M02846,L,302.0,310.6,1601,33.2,11,0,0,0,0,0,0
2847,L02847,L,302.1,310.0,1751,47.7,137,0,0,0,0,0,0
2848,M02848,L,298.5,310.4,2049,32.3,48,0,0,0,0,0,0
2849,H02849,L,300.6,310.7,1736,53.5,229,1,0,0,0,0,0
2850,H02850,M,301.8,310.4,2495,40.2,219,0,0,0,0,0,0
2851,H02851,L,299.6,310.6,2204,54.2,106,0,0,0,0,0,0
2852,M02852,H,301.3,308.7,2101,52.3,34,0,0,0,0,0,0
2853,L02853,H,299.4,311.6,2607,41.2,165,0,0,0,0,0,0
2854,L02854,L,299.3,310.3,1856,33.2,181,0,0,0,0,0,0
2855,L02855,H,298.1,310.9,1750,57.4,119,0,0,0,0,0,0
2856,M02856,L,303.4,310.6,1759,24.8,19,0,0,0,0,0,0
2857,M02857,L,299.0,309.0,1278,36.6,11,0,0,1,0,0,0
2858,M02858,L,298.4,309.3,1602,48.7,2,0,0,0,0,0,0
2859,M02859,L,297.9,309.5,1956,25.3,1,1,0,0,0,0,0
2860,M02860,L,300.2,311.1,1585,27.8,219,0,0,0,0,0,0
2861,L02861,H,298.0,309.0,2780,38.2,21,0,0,0,0,0,0
2862,M02862,L,298.6,308.7,2849,42.8,34,0,0,0,0,0,0
2863,M02863,L,301.6,310.4,1656,21.1,236,0,0,0,0,0,0
2864,L02864,M,300.9,311.8,1801,51.3,243,0,0,0,0,0,0
2865,M02865,L,297.3,309.2,2490,38.5,8,1,1,0,0,0,0
2866,L02866,L,301.4,311.4,2637,47.1,86,0,0,0,0,0,0
2867,L02867,M,300.1,310.7,2501,32.5,16,0,0,0,0,0,0
2868,H02868,L,302.3,309.6,2056,36.2,141,0,0,0,0,0,0
2869,H02869,L,302.8,308.7,1258,43.0,243,0,0,0,0,0,0
2870,H02870,L,296.8,309.7,1675,41.6,159,0,0,0,0,0,0
2871,H02871,L,301.5,309.2,2648,46.7,186,0,0,0,0,0,0
2872,M02872,H,303.3,311.2,2099,47.2,103,0,0,0,0,0,0
2873,H02873,M,300.4,310.0,1541,28.4,185,0,0,0,0,0,0
2874,L02874,L,301.4,310.5,1822,41.9,35,0,0,0,0,0,0
2875,M02875,L,300.4,310.5,2817,38.3,160,0,0,0,0,0,0
2876,H02876,L,302.0,309.4,2286,44.0,201,0,0,0,0,1,0
2877,L02877,H,300.8,310.1,2459,36.8,63,0,0,0,0,0,0
2878,M02878,L,296.0,311.0,2001,40.5,140,0,0,0,0,0,0
2879,M02879,L,299.8,309.9,1755,59.5,161,0,0,0,0,0,0
2880,H02880,M,299.6,309.7,1496,28.2,132,0,0,0,0,0,0
2881,M02881,H,301.4,310.7,2774,35.5,197,0,0,0,0,0,0
2882,L02882,L,302.4,308.7,1971,16.6,160,0,0,0,0,0,0
2883,M02883,L,299.5,307.8,2819,34.6,132,0,0,0,0,1,0
2884,L02884,L,297.6,310.3,2434,28.9,215,0,0,0,0,0,0
2885,M02885,L,300.6,311.0,1867,59.5,110,0,0,0,0,0,0
2886,H02886,M,298.4,311.8,1456,36.7,199,0,0,0,0,0,0
2887,L02887,M,298.8,310.2,2059,36.0,17,0,0,0,0,0,0
2888,M02888,M,304.8,310.8,2207,46.5,88,0,0,0,0,0,0
2889,M02889,L,298.6,311.3,1318,29.3,17,0,0,0,0,0,0
2890,M02890,L,296.9,310.0,2518,47.7,227,0,0,0,0,0,0
2891,L02891,L,301.2,309.4,2319,47.3,153,0,0,0,0,0,0
2892,L02892,L,301.4,309.3,1681,55.7,83,0,0,0,0,0,0
2893,L02893,M,301.8,309.7,2792,45.5,19,1,0,0,0,0,0
2894,H02894,L,301.7,311.4,2821,21.6,102,0,0,0,0,0,0
2895,H02895,L,300.3,310.9,1687,51.4,103,0,0,0,0,0,0
2896,L02896,L,300.3,309.8,2419,71.8,124,0,0,0,0,0,0
2897,M02897,L,301.9,311.2,2514,39.7,215,0,0,0,0,0,0
2898,H02898,L,303.2,310.5,2840,40.0,83,0,0,0,0,0,0
2899,L02899,M,297.5,309.8,2077,35.1,108,0,0,0,0,0,0
2900,M02900,L,298.8,310.2,2727,23.7,3,0,0,0,0,0,0
2901,H02901,M,301.3,310.4,1839,43.7,21,0,0,0,0,0,0
2902,M02902,L,300.5,310.1,2254,34.5,126,0,0,0,0,0,0
2903,M02903,L,296.4,311.7,1838,43.3,216,0,0,0,0,0,0
2904,M02904,H,298.9,309.9,1854,43.6,84,0,0,0,0,0,0
2905,M02905,L,300.6,308.6,1340,59.0,209,0,0,0,0,0,0
2906,H02906,M,300.0,310.3,1432,36.0,236,1,0,0,0,0,0
2907,H02907,L,299.3,309.7,2785,27.6,237,0,0,0,0,0,0
2908,H02908,L,304.7,308.7,2120,42.8,200,0,0,0,0,0,0
2909,L02909,M,300.0,310.7,1638,39.0,235,0,0,0,0,0,0
2910,H02910,M,300.5,306.4,2208,58.7,8,0,0,0,0,0,0
2911,M02911,M,300.3,310.3,2467,48.3,186,0,0,0,0,0,0
2912,H02912,L,300.4,307.6,1955,38.7,32,0,0,0,0,0,0
2913,M02913,L,300.1,310.0,1191,50.2,104,0,0,0,0,0,0
2914,L02914,M,295.8,310.6,1319,51.2,6,0,0,0,0,0,0
2915,M02915,M,298.0,310.7,2156,30.6,160,0,0,0,0,0,0
2916,M02916,L,299.4,310.8,2742,44.5,65,1,0,0,0,0,0
2917,M02917,L,301.6,308.9,2017,62.2,241,0,0,0,0,0,0
2918,L02918,M,299.4,310.2,1715,25.1,199,0,0,0,0,0,0
2919,H02919,L,298.3,309.3,2567,32.5,96,0,0,0,0,0,0
2920,H02920,L,301.9,309.2,2361,38.0,186,0,0,0,0,0,0
2921,L02921,M,302.7,309.9,2469,45.2,34,0,0,0,0,0,0
2922,M02922,L,296.9,309.6,1534,43.3,92,0,0,0,0,0,0
2923,H02923,L,300.2,309.0,1747,42.1,159,0,0,0,0,0,0
2924,L02924,M,294.7,310.3,2237,38.0,0,0,0,0,0,0,0
2925,H02925,L,299.4,310.5,1230,43.1,116,0,0,0,0,0,0
2926,L02926,M,303.8,309.1,1929,54.2,94,0,0,0,0,0,0
2927,M02927,L,300.2,309.8,2358,57.1,179,0,0,0,0,0,0
2928,H02928,L,297.2,309.8,1610,50.8,34,0,0,0,0,0,0
2929,L02929,L,297.3,309.8,2518,52.1,39,0,0,0,0,0,0
2930,H02930,H,298.1,309.9,2711,40.9,171,0,0,0,0,0,0
2931,H02931,L,298.7,310.3,1387,66.2,38,0,0,0,0,0,0
2932,H02932,L,296.2,311.2,2469,25.6,19,0,0,0,0,0,0
2933,H02933,L,300.7,310.1,2660,42.5,96,0,0,0,0,0,0
2934,L02934,L,301.1,309.5,2542,47.6,214,0,0,0,0,0,0
2935,M02935,L,299.3,310.0,1448,40.7,130,0,0,0,0,0,0
2936,L02936,L,304.1,308.9,1886,51.1,52,0,0,0,0,0,0
2937,L02937,L,299.1,309.1,1989,38.4,139,0,0,0,0,0,0
2938,L02938,L,302.4,310.4,2263,52.9,135,0,0,0,0,0,0
2939,M02939,M,297.2,306.9,2613,41.3,191,0,0,0,0,0,0
2940,H02940,M,300.6,309.8,1678,36.2,168,0,0,0,0,0,0
2941,H02941,L,300.9,310.9,1237,34.9,110,0,0,0,0,0,0
2942,H02942,L,298.6,310.4,1173,42.9,121,0,0,0,0,0,0
2943,M02943,M,300.3,310.9,1481,34.1,138,0,0,0,0,0,0
2944,H02944,M,298.6,310.3,2231,11.4,25,1,0,0,0,0,0
2945,M02945,L,299.4,312.0,1613,21.2,214,0,0,0,0,0,0
2946,H02946,H,299.4,308.8,2151,35.1,37,0,0,1,0,0,0
2947,H02947,L,297.2,310.1,1338,36.6,132,1,0,0,0,0,0
2948,L02948,L,301.0,310.7,2637,52.6,31,0,0,0,0,0,0
2949,M02949,L,301.2,309.6,1371,43.5,196,0,0,0,0,0,0
2950,L02950,H,299.3,311.2,2112,41.4,111,1,0,0,0,0,0
2951,L02951,L,300.5,310.6,1502,32.6,142,0,0,0,0,0,0
2952,L02952,M,298.2,308.5,2224,68.6,188,0,0,0,0,0,0
2953,M02953,L,297.5,310.4,2261,40.2,106,0,0,0,0,0,0
2954,M02954,L,299.2,310.6,1371,49.4,51,0,0,0,0,0,0
2955,H02955,L,301.4,311.6,1637,40.3,214,0,0,0,0,0,0
2956,L02956,M,299.8,309.8,2009,45.9,112,0,0,0,0,0,0
2957,H02957,L,299.1,310.6,2028,25.8,125,0,0,0,0,0,0
2958,L02958,L,300.7,310.3,1316,43.9,27,0,0,0,0,0,0
2959,M02959,L,298.2,309.4,1250,41.0,146,1,0,0,0,0,0
2960,M02960,M,297.5,309.7,2597,41.2,53,1,0,0,0,0,0
2961,M02961,L,299.3,307.8,1674,51.0,121,0,0,0,0,0,0
2962,L02962,L,298.3,309.5,2320,24.1,80,0,0,0,0,0,0
2963,M02963,L,297.6,311.6,2435,35.3,14,0,0,0,0,0,0
2964,L02964,H,301.8,309.8,2319,19.3,12,0,0,0,0,0,0
2965,H02965,M,304.4,310.8,1637,37.4,214,0,0,0,0,0,0
2966,L02966,M,296.9,310.2,2694,51.0,209,0,0,0,0,0,0
2967,H02967,L,299.2,310.4,1230,49.9,22,0,0,0,0,0,0
2968,L02968,L,300.3,312.0,1729,37.8,79,0,0,0,0,0,0
2969,H02969,H,296.6,309.6,1971,42.1,189,0,0,0,0,0,0
2970,M02970,L,299.6,309.6,2299,36.3,211,0,0,0,0,0,0
2971,H02971,L,299.7,311.1,2735,40.5,24,0,0,0,0,0,0
2972,M02972,L,301.0,309.9,2755,51.1,159,0,0,0,0,0,0
2973,M02973,H,298.5,309.7,2312,57.1,148,0,0,0,0,0,0
2974,H02974,L,298.9,311.0,2035,47.2,128,0,0,0,0,0,0
2975,L02975,L,301.9,310.3,2855,39.3,27,0,0,0,0,0,0
2976,L02976,M,300.8,309.8,1751,57.5,90,0,0,0,0,0,0
2977,L02977,L,301.5,309.7,2312,45.9,115,0,0,0,0,0,0
2978,L02978,L,296.5,309.2,1221,37.3,218,0,0,0,0,0,0
2979,L02979,H,298.7,308.5,1394,38.7,236,0,0,0,0,0,0
2980,M02980,H,303.0,311.1,1728,35.7,227,0,0,0,0,0,0
2981,L02981,M,299.8,309.6,1791,47.4,139,0,0,0,0,0,0
2982,M02982,M,299.7,308.3,2383,43.2,206,1,0,0,0,0,0
2983,M02983,L,299.8,311.8,1343,42.2,19,0,0,0,0,0,0
2984,M02984,H,303.1,310.1,1687,34.2,107,0,0,0,0,0,0
2985,H02985,L,298.5,310.0,1481,59.8,82,0,0,0,0,0,0
2986,H02986,M,301.3,308.4,2684,38.6,50,0,0,0,0,0,0
2987,M02987,H,300.5,310.6,1442,51.5,153,0,0,0,0,0,0
2988,H02988,M,297.3,309.5,1879,30.0,238,0,0,0,0,0,0
2989,L02989,M,299.4,309.5,1185,45.4,84,0,0,0,0,0,0
2990,L02990,M,298.3,310.4,2701,33.8,100,0,0,0,0,0,0
2991,M02991,L,297.5,310.1,2251,45.5,170,0,0,0,0,1,0
2992,L02992,M,302.4,309.0,2194,32.0,177,0,0,0,0,0,0
2993,M02993,L,297.6,308.6,2820,28.2,201,0,0,0,0,0,0
2994,M02994,L,301.5,310.2,1394,30.4,155,0,0,0,0,0,0
2995,L02995,L,298.3,310.1,2568,24.3,153,0,0,0,0,0,0
2996,H02996,L,302.7,312.6,2857,32.8,76,0,0,0,0,0,0
2997,L02997,M,299.2,307.8,1203,48.1,24,0,0,0,0,0,0
2998,L02998,H,300.7,310.1,2266,32.4,114,0,0,0,0,0,0
2999,M02999,L,298.9,308.4,2466,33.6,30,0,0,0,0,0,0
3000,M03000,L,295.7,309.6,2549,43.3,211,0,0,0,0,0,0
3001,M03001,L,296.7,309.6,1325,20.9,206,0,0,0,0,0,0
3002,M03002,H,296.2,310.5,1339,46.8,145,0,0,0,0,0,0
3003,H03003,L,300.5,310.6,1956,39.3,167,0,0,0,0,0,0
3004,H03004,M,299.9,311.4,2365,44.3,86,0,0,0,0,0,0
3005,H03005,H,301.2,310.2,1765,39.0,66,0,0,0,0,0,0
3006,M03006,L,298.6,311.0,1217,37.2,190,0,0,0,0,0,0
3007,M03007,H,295.7,311.4,1473,49.1,10,0,0,0,0,0,0
3008,M03008,H,302.6,310.3,2328,39.7,154,0,0,0,0,0,0
3009,H03009,H,302.0,311.2,1603,46.1,164,0,0,0,0,0,0
3010,M03010,L,300.7,310.2,1375,50.0,139,0,0,0,0,1,0
3011,L03011,L,302.2,310.0,2406,28.1,224,0,0,0,0,0,0
3012,L03012,M,299.8,309.4,2681,33.0,155,0,0,0,0,0,0
3013,M03013,L,300.5,310.4,1253,31.7,5,0,0,0,0,0,0
3014,L03014,M,298.6,310.3,1615,36.5,249,0,0,0,0,0,0
3015,L03015,L,297.9,310.4,1577,41.7,69,1,0,0,0,0,0
3016,H03016,L,296.8,311.1,2142,31.1,171,0,0,0,0,0,0
3017,M03017,L,298.5,310.9,1591,31.9,212,0,0,0,0,0,0
3018,M03018,L,305.3,308.5,1873,36.5,88,0,0,0,0,0,0
3019,H03019,L,297.0,308.5,2299,49.1,46,0,0,0,0,0,0
3020,L03020,L,298.1,310.1,2808,34.8,35,0,0,0,0,0,0
3021,L03021,L,300.2,309.0,2209,40.9,81,0,0,0,0,0,0
3022,M03022,M,304.8,309.9,2411,37.0,43,0,0,0,0,0,0
3023,L03023,M,297.9,309.1,2415,38.9,230,0,0,0,0,0,0
3024,H03024,L,298.7,310.1,1282,33.3,196,0,0,0,0,0,0
3025,H03025,L,301.3,309.0,2041,15.6,150,0,0,0,0,0,0
3026,M03026,L,301.2,310.4,2400,33.6,150,0,0,0,0,0,0
3027,H03027,L,298.6,308.9,2576,42.3,86,0,0,0,0,0,0
3028,H03028,L,298.3,310.1,1545,40.7,34,0,0,0,0,0,0
3029,M03029,L,300.9,308.3,1239,47.0,92,0,0,0,0,0,0
3030,H03030,L,299.4,308.9,1404,25.3,196,0,0,0,0,0,0
3031,H03031,M,300.6,310.7,2105,43.7,60,0,0,0,0,0,0
3032,H03032,L,299.7,311.3,1232,34.5,208,0,0,0,0,0,0
3033,L03033,H,300.7,310.9,2673,32.3,165,0,0,0,0,0,0
3034,M03034,L,300.9,310.8,1800,45.2,179,0,0,0,0,0,0
3035,M03035,H,296.1,311.5,2482,47.9,1,0,0,0,0,0,0
3036,M03036,L,299.1,311.0,1681,51.5,146,0,0,0,0,0,0
3037,L03037,L,300.7,308.5,1990,45.5,110,0,0,0,0,0,0
3038,L03038,L,301.6,311.0,2257,39.0,190,0,0,0,0,0,0
3039,M03039,L,299.3,310.9,1176,25.3,194,0,0,0,0,0,0
3040,L03040,L,296.3,308.1,2164,52.4,221,0,0,0,0,0,0
3041,M03041,L,302.5,309.3,2743,42.3,96,0,0,0,0,0,1
3042,L03042,M,301.7,311.6,1528,30.8,22,0,0,0,0,0,0
3043,H03043,L,300.2,309.9,2503,42.1,25,0,0,1,0,0,0
3044,H03044,M,299.1,308.9,1542,25.4,29,1,0,0,0,0,0
3045,M03045,L,301.2,310.9,1366,53.5,18,0,0,0,0,0,0
3046,L03046,H,299.1,309.7,1530,36.0,166,0,0,0,0,0,0
3047,L03047,L,301.8,309.6,1786,29.0,89,0,0,0,0,0,0
3048,H03048,L,303.6,310.9,1949,52.9,223,0,0,0,0,0,0
3049,H03049,L,299.0,310.4,1657,26.8,105,0,0,0,0,0,0
3050,L03050,L,301.6,309.9,1432,39.7,27,0,0,0,0,0,0
3051,L03051,L,298.7,310.3,1363,41.3,126,0,0,0,0,0,0
3052,L03052,L,302.1,309.8,2329,26.9,200,0,0,0,0,0,0
3053,L03053,M,299.5,310.9,1679,36.0,60,0,0,0,0,0,0
3054,L03054,H,302.9,308.6,2004,21.1,175,0,0,0,0,0,0
3055,L03055,L,299.4,309.8,1766,35.7,94,0,0,0,0,0,0
3056,M03056,H,298.2,309.6,2332,21.3,206,0,0,0,0,0,0
3057,L03057,H,299.3,310.3,1190,48.9,95,0,0,0,0,0,0
3058,H03058,M,299.6,308.9,2678,33.7,140,0,0,0,0,0,0
3059,M03059,L,300.5,311.5,1668,27.9,85,0,0,0,0,0,0
3060,L03060,L,299.3,309.3,2178,42.1,231,0,0,0,0,0,0
3061,H03061,L,300.5,311.1,2194,22.4,122,0,0,0,0,0,0
3062,M03062,M,300.5,310.6,1795,32.6,138,0,0,0,0,0,0
3063,H03063,L,299.1,310.2,2090,47.3,96,0,0,0,0,0,0
3064,L03064,L,300.7,310.2,2805,26.0,215,0,0,0,0,0,0
3065,L03065,L,298.8,308.1,1391,37.2,167,0,0,0,0,0,0
3066,L03066,L,304.0,309.5,2080,31.6,107,0,0,0,0,0,0
3067,L03067,M,300.6,313.3,1255,19.1,178,0,0,0,0,0,0
3068,M03068,L,301.2,310.2,1492,28.4,69,0,0,0,0,0,0
3069,M03069,M,299.6,310.4,2816,33.0,207,0,0,0,0,0,0
3070,H03070,M,298.6,308.1,1566,42.4,157,0,0,0,0,0,0
3071,L03071,L,301.7,309.8,1187,53.7,126,0,0,0,0,0,0
3072,H03072,L,300.7,309.6,2772,39.8,157,0,0,1,0,0,0
3073,M03073,M,294.8,309.3,1485,41.1,205,0,0,0,0,0,0
3074,L03074,L,303.9,310.6,1622,47.5,181,0,0,0,0,0,0
3075,L03075,L,301.5,309.6,1262,44.2,6,0,0,0,0,0,0
3076,M03076,L,299.2,309.3,1400,33.3,66,0,0,0,0,0,0
3077,M03077,L,301.2,308.5,2061,34.2,222,0,0,0,0,0,0
3078,M03078,L,300.8,308.9,2518,45.7,137,0,0,0,0,0,0
3079,M03079,L,301.0,309.0,2244,44.9,224,0,0,0,0,0,0
3080,M03080,L,298.3,309.7,1413,42.0,60,0,0,0,0,0,0
3081,L03081,L,300.1,309.5,2048,33.7,120,0,0,0,0,0,0
3082,M03082,M,300.6,309.4,1730,56.2,101,0,0,0,0,0,0
3083,L03083,L,302.5,308.3,1533,32.0,36,0,0,0,0,0,0
3084,L03084,M,300.2,309.0,1936,38.9,14,0,0,0,0,0,0
3085,M03085,L,300.9,310.1,2564,54.1,49,0,0,0,0,0,0
3086,M03086,M,298.2,311.5,2159,41.2,3,0,0,0,0,0,0
3087,L03087,L,300.1,311.6,2771,39.4,100,0,0,0,0,0,0
3088,M03088,M,301.7,312.0,1711,42.9,169,0,0,0,0,0,0
3089,M03089,L,298.6,310.3,1622,33.6,195,0,0,0,0,0,0
3090,M03090,M,299.2,309.9,2684,39.1,9,0,0,0,0,0,0
3091,H03091,L,298.1,310.6,2307,47.4,243,0,0,0,0,0,0
3092,L03092,L,297.3,309.6,2562,49.4,122,0,0,0,0,0,0
3093,H03093,L,298.3,310.8,1210,56.0,149,0,0,0,0,0,0
3094,M03094,M,301.1,309.8,2643,32.6,126,0,0,0,0,0,0
3095,H03095,M,299.5,310.3,2524,53.2,158,0,0,0,0,0,0
3096,M03096,L,298.3,309.3,2231,46.0,227,0,0,0,0,0,0
3097,H03097,M,304.4,311.0,2067,50.8,75,0,0,0,0,0,0
3098,M03098,M,298.6,309.0,2358,26.7,200,0,0,0,0,0,0
3099,H03099,H,301.2,309.4,2376,32.5,27,0,0,0,0,0,0
3100,H03100,M,300.7,309.7,2205,42.3,97,0,0,0,0,0,0
3101,H03101,M,300.5,309.2,1806,47.1,196,0,0,0,0,0,0
3102,L03102,L,296.3,310.6,1318,35.7,221,0,0,0,0,0,0
3103,H03103,M,302.5,310.1,2195,36.3,207,0,0,0,0,0,0
3104,L03104,L,300.6,309.0,1959,29.4,18,0,0,0,0,0,0
3105,M03105,H,301.8,309.5,2252,35.0,247,0,0,0,0,0,0
3106,H03106,L,302.3,310.1,2309,36.2,77,0,0,0,0,0,0
3107,M03107,L,303.4,310.2,1451,36.2,46,0,0,0,0,0,0
3108,M03108,L,298.0,309.0,1837,31.0,114,0,0,0,0,0,0
3109,H03109,M,298.6,310.0,1536,59.2,151,0,0,1,0,0,0
3110,L03110,H,298.8,310.6,2762,50.2,183,0,0,0,0,0,0
3111,H03111,L,298.3,309.7,2715,46.7,113,0,0,0,0,0,0
3112,M03112,M,302.6,309.0,2457,51.5,10,0,0,0,0,0,0
3113,M03113,M,298.0,311.3,1478,45.8,76,0,0,0,0,0,0
3114,H03114,M,299.2,310.6,1609,62.3,73,0,0,0,0,0,0
3115,L03115,L,296.7,309.6,1302,31.9,220,0,0,0,0,0,0
3116,L03116,M,301.5,310.1,1874,17.2,230,0,0,0,0,0,0
3117,M03117,L,299.7,309.6,1956,31.1,90,0,0,0,0,0,0
3118,M03118,M,301.8,309.0,1636,21.3,53,0,0,0,0,0,0
3119,L03119,L,301.4,310.7,1744,27.7,58,0,0,0,0,0,0
3120,H03120,L,296.7,311.7,2147,33.9,192,0,0,0,0,0,0
3121,M03121,M,300.4,310.9,2131,38.6,31,0,0,0,0,0,0
3122,L03122,L,297.8,310.2,1790,50.7,145,0,0,0,0,0,0
3123,M03123,L,300.3,309.7,2097,56.7,131,0,0,0,0,0,0
3124,H03124,M,298.8,307.3,1340,43.0,207,0,0,0,0,0,0
3125,L03125,L,303.7,311.6,1201,27.8,81,0,0,0,0,0,0
3126,M03126,L,305.3,309.3,1744,34.9,212,1,0,0,0,0,0
3127,H03127,L,299.5,310.8,1490,37.1,178,0,0,0,0,0,0
3128,M03128,L,300.2,310.9,1674,35.7,174,0,0,0,0,1,0
3129,H03129,L,295.4,310.9,1166,26.5,53,0,0,0,0,0,0
3130,H03130,L,296.7,308.6,1391,52.8,152,0,0,0,0,0,0
3131,L03131,H,300.8,311.0,2513,24.6,125,0,0,0,0,0,0
3132,H03132,L,299.9,309.5,2843,34.7,137,0,0,0,0,0,0
3133,M03133,L,300.8,309.9,2851,41.4,134,0,0,0,0,0,0
3134,H03134,L,298.4,309.9,1800,41.7,125,0,0,0,0,0,0
3135,H03135,L,300.6,309.4,2584,35.9,244,0,0,0,0,0,0
3136,L03136,M,294.9,309.7,1443,43.1,192,0,0,0,0,0,0
3137,H03137,M,298.8,310.1,2201,29.4,96,0,0,0,0,0,0
3138,H03138,L,300.9,309.1,2583,39.0,224,0,0,0,0,0,0
3139,M03139,L,303.4,308.4,1508,27.0,18,0,0,0,0,0,0
3140,L03140,L,299.8,310.9,1822,31.2,134,0,0,0,0,0,0
3141,L03141,M,301.2,310.3,2169,49.8,238,0,0,0,0,0,0
3142,L03142,L,298.7,308.1,2589,37.7,44,1,0,0,0,0,0
3143,H03143,L,300.9,310.4,1331,38.1,104,0,0,0,0,0,0
3144,L03144,L,299.0,309.8,2070,35.1,205,0,0,0,0,0,0
3145,H03145,M,303.9,308.7,1941,33.3,37,0,0,0,0,0,0
3146,H03146,M,299.3,309.5,1816,40.2,134,0,0,0,0,0,0
3147,M03147,H,299.7,310.4,1875,62.4,173,0,0,0,0,0,0
3148,M03148,L,301.5,309.0,2513,25.9,234,0,0,0,0,0,0
3149,M03149,L,301.0,309.0,1502,30.2,66,0,0,0,0,0,0
3150,M03150,L,299.3,309.4,1218,30.6,74,0,0,0,0,0,0
3151,M03151,M,300.8,309.1,1626,17.7,7,0,0,0,0,0,0
3152,H03152,H,297.9,308.9,1474,38.8,89,0,0,0,0,0,0
3153,H03153,L,300.5,308.9,2667,37.8,101,0,0,0,0,0,0
3154,L03154,L,301.1,310.4,2468,33.7,2,0,0,0,0,0,0
3155,H03155,L,299.2,309.1,2382,46.5,92,0,0,0,0,0,0
3156,H03156,L,299.3,311.1,2330,35.4,11,0,0,0,0,0,0
3157,M03157,L,298.7,312.2,2248,38.3,81,0,0,0,0,0,0
3158,H03158,L,297.1,309.8,1436,41.6,248,0,0,0,0,0,0
3159,M03159,L,300.8,312.0,2404,36.4,170,1,0,0,0,0,0
3160,L03160,L,299.0,310.5,2750,57.0,134,0,0,0,1,0,0
3161,L03161,M,301.1,310.2,2444,36.0,93,0,0,0,0,0,0
3162,H03162,L,299.6,309.9,1232,46.5,233,0,0,0,0,0,0
3163,L03163,L,301.2,308.0,2759,39.3,47,0,0,0,0,0,0
3164,H03164,L,296.6,309.5,2438,39.7,249,0,0,0,0,0,0
3165,L03165,M,297.7,308.9,1418,48.7,207,0,0,0,0,0,0
3166,M03166,M,298.3,310.9,2037,36.9,238,0,0,0,0,0,0
3167,M03167,L,302.4,311.7,1450,39.5,44,0,0,0,0,0,0
3168,M03168,L,300.8,310.2,2171,42.5,24,0,0,0,0,0,0
3169,M03169,L,299.5,310.3,1239,34.1,3,0,0,0,0,0,0
3170,H03170,M,299.0,311.0,1509,44.9,131,0,0,0,0,0,0
3171,L03171,M,301.2,310.1,2473,55.1,229,0,0,0,0,0,0
3172,H03172,M,298.8,311.2,2175,31.5,177,0,0,0,0,0,0
3173,M03173,L,301.5,312.4,2586,33.6,185,0,0,0,0,0,0
3174,H03174,H,299.6,311.4,2349,29.6,192,0,0,0,0,0,0
3175,L03175,H,302.6,309.4,2298,58.1,125,0,0,0,0,0,0
3176,H03176,M,298.1,310.8,1929,46.0,105,0,0,0,0,0,0
3177,L03177,L,299.7,309.3,1876,27.1,194,0,0,0,0,0,0
3178,H03178,L,298.2,309.8,2752,25.0,155,0,0,0,0,0,0
3179,L03179,L,303.3,311.6,2351,46.3,109,0,0,0,0,0,0
3180,L03180,L,300.0,309.0,1154,63.3,202,0,0,0,0,0,0
3181,M03181,L,298.0,309.6,1266,39.4,164,0,0,0,0,0,0
3182,L03182,M,298.2,311.1,2163,25.2,129,0,0,0,0,0,0
3183,M03183,M,301.0,309.1,1580,23.6,72,0,0,0,0,0,0
3184,M03184,H,296.4,308.1,1539,36.4,60,0,0,0,0,0,0
3185,M03185,L,299.6,308.5,2652,26.0,208,0,0,0,0,0,0
3186,H03186,L,298.3,309.4,2644,37.5,223,0,0,0,0,0,0
3187,H03187,M,299.7,310.0,2523,45.2,124,0,0,0,0,0,0
3188,H03188,L,300.2,309.7,1893,42.7,50,0,0,0,0,0,0
3189,H03189,L,299.8,309.5,1233,44.4,30,0,0,0,0,0,0
3190,L03190,H,299.5,310.1,1750,42.5,84,0,0,0,0,0,0
3191,L03191,M,300.3,309.5,2400,47.3,208,0,0,0,0,0,0
3192,H03192,L,303.5,309.3,1602,37.5,243,0,0,0,0,0,0
3193,L03193,M,302.5,310.2,2620,41.0,233,0,0,0,0,0,0
3194,L03194,M,299.3,310.1,2284,53.0,208,0,0,0,0,0,0
3195,M03195,M,301.5,311.0,1472,47.9,42,0,0,0,0,0,0
3196,M03196,M,301.4,312.0,2697,27.4,218,0,0,0,0,0,0
3197,M03197,L,299.2,307.9,2712,31.9,27,0,0,0,0,0,0
3198,M03198,M,299.9,310.5,2278,27.2,166,0,0,0,0,0,0
3199,L03199,L,301.1,310.2,2259,38.0,192,0,0,0,0,0,0
3200,H03200,L,298.5,311.3,2113,7.1,143,0,0,0,0,0,0
3201,L03201,H,299.5,309.5,1652,45.9,66,0,0,0,0,0,0
3202,L03202,L,299.6,309.6,1655,30.5,206,0,0,0,0,0,0
3203,L03203,M,299.5,308.7,2034,22.1,67,0,0,0,0,0,0
3204,M03204,M,299.4,311.0,2329,61.5,35,0,0,0,0,0,0
3205,M03205,H,300.9,310.1,1645,32.8,126,0,0,0,0,0,0
3206,M03206,M,300.1,311.1,2090,22.7,29,0,0,0,0,0,0
3207,H03207,L,301.3,309.6,2143,34.2,92,0,0,0,0,0,0
3208,L03208,L,305.0,309.3,1535,55.7,22,0,0,0,0,0,0
3209,H03209,L,298.9,310.7,2822,6.5,190,1,0,0,0,0,0
3210,M03210,L,300.4,309.7,2636,49.9,196,0,0,0,0,0,0
3211,H03211,L,301.0,310.6,2716,22.3,174,0,0,0,0,0,0
3212,L03212,L,302.2,310.5,1825,44.7,10,0,0,0,0,0,0
3213,L03213,M,300.9,310.1,2286,28.8,119,0,0,0,0,0,0
3214,M03214,H,297.8,309.4,2014,40.3,18,0,0,0,0,0,0
3215,M03215,M,298.7,310.4,2619,35.0,189,0,0,0,0,0,0
3216,H03216,M,300.3,309.2,1436,43.1,71,0,0,0,0,0,0
3217,M03217,L,298.6,310.1,2072,45.7,42,0,0,0,0,0,0
3218,M03218,L,297.0,311.7,1350,45.0,74,0,0,0,0,0,0
3219,L03219,L,298.4,311.2,1960,32.7,124,0,0,0,0,0,0
3220,M03220,M,298.4,309.5,2032,42.7,136,0,0,0,0,0,0
3221,M03221,L,298.0,310.3,2552,49.3,237,0,0,0,0,0,0
3222,L03222,M,305.1,309.5,1662,37.6,24,0,0,0,0,0,0
3223,L03223,L,300.6,310.3,2438,41.7,216,0,0,0,0,0,0
3224,H03224,L,300.2,309.1,2361,28.7,205,0,0,0,0,0,0
3225,M03225,L,301.8,309.3,2047,42.8,30,0,0,0,0,0,0
3226,L03226,L,303.6,311.9,1506,33.6,140,0,0,0,0,0,0
3227,H03227,L,300.8,310.1,2414,37.9,64,0,0,0,0,0,0
3228,H03228,M,302.0,309.6,2366,39.9,157,0,0,0,0,0,0
3229,M03229,M,299.0,307.9,2283,42.0,200,0,0,0,0,0,0
3230,M03230,L,298.2,310.2,2057,35.8,231,0,0,0,0,0,0
3231,H03231,M,301.8,312.2,2055,56.6,28,0,0,0,0,0,0
3232,L03232,L,301.8,309.4,2672,30.3,94,0,0,0,0,0,0
3233,H03233,H,301.6,309.6,2796,24.0,17,0,0,0,0,0,0
3234,M03234,L,300.3,310.0,2238,27.3,130,0,0,1,0,0,0
3235,L03235,M,298.4,309.4,2238,29.8,246,0,0,0,0,0,0
3236,L03236,L,299.0,312.2,1466,40.0,34,0,0,0,0,0,0
3237,H03237,L,302.3,311.0,1244,58.0,193,0,0,0,0,0,0
3238,M03238,L,298.8,310.7,1608,43.8,131,0,0,0,0,0,0
3239,H03239,L,300.4,312.1,1544,37.3,40,0,0,0,0,0,0
3240,H03240,L,298.5,311.7,2369,32.9,78,0,0,0,0,0,0
3241,H03241,L,299.6,310.1,2723,51.6,113,0,0,0,0,0,0
3242,L03242,H,297.8,309.7,2212,28.9,208,0,0,0,0,0,0
3243,L03243,M,299.9,309.7,1298,24.1,89,0,0,0,0,0,0
3244,M03244,M,299.0,309.5,1525,31.1,222,0,0,0,0,0,0
3245,M03245,M,296.6,309.8,2849,34.5,29,0,0,0,0,0,0
3246,H03246,H,301.3,309.5,1515,45.7,86,0,0,0,0,0,0
3247,H03247,L,301.2,308.9,1605,47.9,221,0,0,0,0,0,0
3248,H03248,L,300.1,307.6,1425,45.2,10,0,0,0,0,0,0
3249,M03249,M,297.8,311.0,2728,17.6,32,0,0,0,0,0,0
3250,L03250,M,297.8,307.3,2683,40.0,37,0,0,0,0,0,0
3251,L03251,L,304.7,310.4,2411,40.4,237,0,0,0,0,0,0
3252,H03252,L,294.8,311.0,1554,43.9,4,0,0,0,0,0,0
3253,H03253,L,297.8,310.4,1312,24.7,186,0,0,0,0,0,0
3254,H03254,H,304.3,309.9,2493,35.7,247,0,0,0,0,0,0
3255,H03255,L,304.9,310.2,2792,35.4,98,0,0,0,0,0,0
3256,M03256,H,303.4,309.6,1949,48.8,50,0,0,0,0,0,0
3257,L03257,H,301.1,309.9,1953,40.2,64,0,0,0,0,0,0
3258,H03258,M,298.7,309.7,2790,33.0,195,0,0,0,1,0,0
3259,M03259,L,296.6,309.3,2242,21.6,57,0,0,0,0,0,0
3260,H03260,L,300.8,311.2,2282,26.3,175,0,0,0,0,0,0
3261,H03261,L,298.5,310.9,1329,45.6,185,0,0,0,0,0,0
3262,L03262,L,302.9,309.9,1281,17.6,229,0,0,0,0,0,0
3263,H03263,M,296.3,310.0,2692,20.2,164,0,0,0,0,0,0
3264,L03264,L,300.4,309.3,2001,47.5,134,1,0,0,0,0,0
3265,L03265,L,301.9,310.4,2628,46.2,59,0,0,0,0,0,0
3266,L03266,L,302.0,309.9,2161,26.2,58,0,0,0,0,0,0
3267,M03267,H,301.7,309.7,2581,37.0,137,0,0,1,0,0,0
3268,M03268,L,300.7,310.3,2834,54.3,32,0,0,0,0,0,0
3269,L03269,H,300.3,310.1,2358,40.2,178,0,0,0,0,0,0
3270,H03270,L,301.8,309.2,1606,43.4,122,0,0,0,0,0,0
3271,L03271,L,300.7,310.9,2064,54.7,77,0,0,0,0,0,0
3272,H03272,L,300.7,311.0,2166,58.1,163,0,0,0,0,0,0
3273,L03273,L,300.1,309.3,2678,40.0,110,0,0,0,0,0,0
3274,H03274,M,299.2,313.2,2841,54.1,37,0,0,0,0,0,0
3275,M03275,L,297.3,309.1,1659,48.7,243,0,0,0,0,0,0
3276,H03276,L,297.6,310.6,2463,35.1,54,0,0,0,0,0,0
3277,L03277,M,299.2,310.6,1394,43.6,157,0,0,0,0,0,0
3278,M03278,M,299.8,310.7,1933,21.9,25,0,0,0,0,0,0
3279,H03279,M,298.1,311.7,2211,45.6,94,0,0,0,0,0,0
3280,H03280,L,297.9,309.7,2288,34.5,41,0,0,0,0,0,0
3281,H03281,L,299.3,310.0,1647,31.7,174,0,0,0,0,0,0
3282,H03282,H,301.8,310.4,2510,50.0,146,0,0,0,0,0,0
3283,H03283,M,295.8,308.3,1608,29.5,103,0,0,0,0,0,0
3284,M03284,H,298.1,310.1,2292,43.5,76,0,0,0,0,0,0
3285,M03285,L,300.3,310.4,1793,49.1,86,0,0,0,0,0,0
3286,M03286,M,302.6,309.3,1205,35.2,210,0,0,0,0,0,0
3287,M03287,M,304.3,312.2,1573,41.5,79,0,0,0,0,0,0
3288,L03288,L,299.3,310.3,2293,32.1,152,0,0,0,0,0,0
3289,M03289,M,299.3,309.3,1199,30.5,124,0,0,0,0,0,0
3290,H03290,M,299.7,309.4,2538,37.5,217,0,0,0,0,0,0
3291,H03291,L,300.5,309.2,1522,71.4,124,0,0,0,0,0,0
3292,M03292,L,299.9,309.2,2535,57.8,84,0,0,0,0,0,0
3293,H03293,M,300.2,310.3,1231,34.5,17,0,0,0,0,0,0
3294,M03294,L,297.3,310.4,2031,38.5,8,0,0,0,0,0,0
3295,H03295,L,296.7,310.5,1710,35.7,215,0,0,0,0,0,0
3296,L03296,L,301.4,310.7,1197,26.8,110,0,0,0,0,0,0
3297,L03297,L,299.6,310.4,2819,32.4,103,0,0,0,0,0,0
3298,M03298,H,301.7,312.2,1387,35.0,16,0,0,0,0,0,0
3299,M03299,L,300.4,310.9,2141,15.1,93,0,0,0,0,0,0
3300,M03300,L,297.1,309.0,2555,36.8,131,0,0,0,0,0,0
3301,H03301,H,303.1,310.0,1538,47.0,54,0,0,0,0,0,0
3302,M03302,L,300.1,308.9,2508,59.2,53,1,0,0,0,0,0
3303,L03303,L,298.5,310.0,1834,45.2,155,0,0,0,0,0,0
3304,H03304,M,298.9,308.6,2830,30.9,104,0,0,0,0,0,0
3305,M03305,L,297.6,309.8,1336,30.0,167,0,0,0,0,0,0
3306,H03306,L,300.7,309.9,2293,39.1,8,1,0,0,0,0,0
3307,H03307,M,299.8,308.7,1845,40.3,163,0,0,0,0,0,0
3308,M03308,M,304.0,310.0,2530,38.7,135,0,0,0,0,0,0
3309,H03309,M,301.0,309.6,1512,51.6,189,1,0,0,0,0,0
3310,L03310,H,303.9,308.9,2764,44.3,213,0,0,0,0,0,0
3311,L03311,M,298.1,310.9,2336,44.8,216,0,0,0,0,0,0
3312,H03312,M,299.3,309.7,1157,43.3,121,0,0,0,0,0,0
3313,M03313,M,301.8,311.1,1760,33.1,48,0,1,0,0,0,0
3314,H03314,L,301.2,310.2,2490,23.5,69,0,0,0,0,0,0
3315,L03315,L,300.0,309.6,1176,38.7,217,0,0,0,0,0,0
3316,H03316,M,297.8,309.0,2123,33.4,169,0,0,0,0,0,0
3317,H03317,L,295.6,308.8,2036,46.4,1,0,0,0,0,0,0
3318,L03318,L,299.6,310.2,2132,34.1,158,0,0,0,0,0,0
3319,H03319,L,299.6,310.4,1425,51.6,75,0,0,0,0,0,0
3320,H03320,L,300.3,309.2,1974,46.4,18,0,0,0,0,0,0
3321,M03321,L,297.1,308.8,2115,56.7,120,0,0,0,0,0,0
3322,M03322,M,298.2,310.7,2645,55.7,100,0,0,0,0,0,0
3323,L03323,H,300.8,310.7,1940,47.4,239,0,0,0,0,0,0
3324,L03324,M,301.2,309.2,1865,28.5,100,0,0,0,0,0,0
3325,L03325,M,300.4,309.8,2845,35.6,64,0,0,0,0,1,0
3326,M03326,L,299.3,310.5,1626,33.0,201,1,0,0,0,0,0
3327,L03327,L,297.6,308.9,2351,41.1,187,0,0,0,0,0,0
3328,L03328,L,301.9,309.1,1853,44.5,61,0,0,0,0,0,0
3329,L03329,M,301.5,310.8,2725,36.9,187,0,0,0,0,0,0
3330,M03330,L,298.9,309.1,1509,46.0,97,0,0,0,0,0,0
3331,H03331,L,301.7,310.1,2409,33.4,15,0,0,0,0,0,0
3332,L03332,M,299.9,310.1,2206,17.0,104,0,0,0,0,0,0
3333,H03333,L,298.6,308.8,2714,42.2,134,0,0,0,0,0,0
3334,L03334,H,301.9,311.0,1694,37.2,76,0,0,0,0,0,0
3335,H03335,M,300.2,308.4,1249,41.3,195,0,0,0,0,0,0
3336,M03336,L,299.1,310.3,1806,47.8,230,0,0,0,0,0,0
3337,M03337,L,297.4,309.5,1479,37.7,222,0,0,0,0,0,0
3338,L03338,M,297.6,310.1,2238,27.8,201,0,0,0,0,0,0
3339,H03339,L,301.7,309.8,1271,34.1,139,0,0,0,0,0,0
3340,M03340,L,300.9,308.9,2728,54.2,225,0,0,0,0,0,0
3341,L03341,L,297.7,309.7,2108,44.4,91,0,0,0,0,0,0
3342,L03342,H,297.6,310.5,2151,51.6,132,0,0,0,0,0,0
3343,M03343,L,304.2,309.8,1625,35.2,91,0,0,0,0,0,0
3344,M03344,H,300.9,309.5,1891,47.3,248,0,0,0,0,0,0
3345,L03345,M,302.4,308.0,1276,49.7,46,0,0,0,0,0,0
3346,H03346,L,303.0,309.1,2017,24.6,10,0,0,0,0,0,0
3347,H03347,M,298.1,309.3,2359,42.9,161,0,0,0,0,0,0
3348,H03348,L,303.5,310.8,1240,42.0,206,0,0,0,0,0,0
3349,L03349,L,297.8,309.6,2728,28.3,50,0,0,0,0,0,0
3350,M03350,M,301.5,310.5,1195,28.4,4,0,0,0,0,0,0
3351,L03351,M,299.8,309.2,1174,60.4,47,0,0,0,0,0,0
3352,M03352,L,301.4,307.9,1498,41.7,212,0,0,0,0,0,0
3353,H03353,H,299.6,311.0,2784,52.6,30,0,0,0,0,0,0
3354,H03354,M,301.1,309.2,2152,47.4,167,0,0,0,0,0,0
3355,M03355,H,302.7,310.9,1917,40.5,134,0,0,0,0,0,0
3356,M03356,L,302.2,309.8,2022,29.9,98,0,0,0,0,0,0
3357,L03357,H,299.9,311.4,2608,46.5,84,0,0,0,0,0,0
3358,H03358,L,298.1,313.2,2503,40.1,39,0,0,0,0,0,0
3359,L03359,L,299.4,310.4,1443,41.6,196,0,0,0,0,0,0
3360,L03360,M,300.9,308.6,1395,42.7,141,0,0,0,0,0,0
3361,L03361,M,301.3,310.5,2339,43.5,225,0,0,0,0,1,0
3362,H03362,L,302.1,310.4,1406,45.4,9,0,0,0,0,0,0
3363,L03363,L,298.5,308.8,1971,30.9,81,0,0,0,0,0,0
3364,L03364,L,298.1,309.3,1501,47.0,208,0,0,0,0,0,0
3365,L03365,M,298.0,309.6,1939,47.3,229,0,0,0,0,0,0
3366,L03366,L,299.6,310.4,2362,42.1,48,0,0,0,0,0,0
3367,L03367,L,300.4,309.1,2172,46.0,247,0,0,0,0,0,0
3368,L03368,L,300.7,309.0,1843,54.4,223,0,0,0,0,0,0
3369,H03369,H,297.2,308.8,2448,48.5,144,0,0,0,0,0,0
3370,L03370,M,298.1,308.1,1888,28.5,119,0,0,0,0,0,0
3371,M03371,M,298.6,310.6,2207,34.6,213,0,0,0,0,0,0
3372,L03372,H,303.5,310.1,1868,38.1,216,0,0,0,0,0,0
3373,L03373,L,299.2,310.8,1705,34.1,178,0,0,0,1,0,0
3374,H03374,L,297.0,309.3,2663,26.1,207,0,0,0,0,0,0
3375,H03375,L,300.8,309.3,1648,49.4,189,0,0,0,0,0,0
3376,M03376,M,299.8,310.3,2418,32.1,157,0,0,0,0,0,0
3377,M03377,L,297.7,310.9,2427,52.3,54,1,0,0,0,0,0
3378,H03378,L,299.1,311.0,2282,23.8,33,0,0,0,0,0,0
3379,H03379,L,299.3,308.9,1472,47.8,196,0,0,0,0,0,0
3380,L03380,L,299.8,310.9,1263,48.6,235,0,0,0,0,0,0
3381,H03381,L,301.9,311.5,2097,42.3,32,0,0,0,0,0,0
3382,M03382,H,301.1,310.4,1634,37.4,132,0,0,0,0,0,0
3383,L03383,M,300.3,311.2,1427,39.9,103,0,0,0,0,0,0
3384,M03384,H,302.0,310.5,2202,40.2,41,0,0,0,0,0,0
3385,L03385,H,299.2,308.9,1547,44.6,130,0,0,0,0,0,0
3386,H03386,L,298.5,310.9,1371,38.2,190,0,0,0,0,0,0
3387,M03387,L,300.6,310.4,1467,39.7,165,0,0,0,0,0,1
3388,L03388,M,300.5,309.0,1420,43.4,12,0,0,0,0,0,0
3389,L03389,M,297.0,309.4,1547,40.3,243,0,0,0,0,0,0
3390,H03390,L,303.0,310.4,2624,31.1,135,0,0,0,0,0,0
3391,H03391,H,298.0,312.4,2782,32.1,60,1,0,0,0,0,0
3392,H03392,L,301.1,311.8,1492,39.2,157,0,0,0,0,0,0
3393,M03393,L,301.1,308.0,1530,22.7,49,0,0,0,0,0,0
3394,L03394,M,293.8,310.0,2549,38.6,68,0,1,0,0,0,0
3395,H03395,L,300.5,311.5,1924,41.7,37,0,0,0,0,0,0
3396,M03396,L,303.3,309.6,1489,39.1,186,0,0,0,0,0,0
3397,M03397,L,298.6,309.5,1156,44.6,94,0,0,0,0,0,0
3398,M03398,L,296.2,309.5,2446,42.0,247,0,0,0,0,0,0
3399,H03399,M,299.8,310.8,1437,48.5,1,0,0,0,0,0,0
3400,H03400,M,300.9,310.4,2042,41.6,56,0,0,0,0,0,0
3401,L03401,M,299.8,310.5,1996,59.3,6,0,0,0,0,0,0
3402,L03402,M,298.1,309.8,1866,40.3,207,0,0,0,0,0,0
3403,H03403,L,297.9,311.7,1333,47.6,137,0,0,0,0,0,0
3404,M03404,L,296.8,309.7,1719,38.1,28,0,0,0,0,0,0
3405,M03405,L,296.3,310.9,1772,40.4,221,0,0,0,0,0,0
3406,M03406,L,299.3,307.9,1335,30.5,211,1,0,0,0,0,0
3407,L03407,L,300.8,310.0,1792,39.0,233,0,0,0,0,0,0
3408,M03408,M,300.3,309.5,2774,31.7,161,1,0,0,1,0,0
3409,L03409,H,300.5,310.1,1629,51.5,199,0,0,0,0,0,0
3410,L03410,L,301.3,308.4,1997,41.8,225,0,0,0,0,0,0
3411,M03411,M,302.6,311.6,1779,45.7,97,0,0,0,0,0,0
3412,M03412,L,300.1,310.2,2430,22.5,172,0,0,0,0,0,0
3413,H03413,M,300.7,312.2,1653,23.8,126,0,0,0,0,0,0
3414,H03414,M,300.7,310.8,1259,36.8,248,0,0,0,0,0,0
3415,M03415,L,300.3,310.3,2752,25.8,99,0,0,0,0,0,0
3416,L03416,L,300.0,310.0,2321,11.8,70,0,0,0,0,0,0
3417,L03417,M,300.2,310.7,1881,48.0,185,0,0,0,0,0,0
3418,L03418,M,303.1,310.8,1363,43.2,77,0,0,0,0,0,0
3419,L03419,M,302.9,310.5,2145,32.0,83,0,0,0,0,0,0
3420,L03420,M,296.6,312.3,2747,41.2,228,0,0,0,0,0,0
3421,H03421,H,300.4,311.2,1717,58.4,32,0,0,0,0,0,0
3422,M03422,L,300.0,309.4,2150,30.7,94,0,0,0,0,0,0
3423,H03423,L,302.5,309.2,2610,49.1,249,0,0,0,0,0,0
3424,L03424,L,299.9,310.4,2110,35.4,96,0,0,0,0,0,0
3425,L03425,L,300.5,310.2,1973,33.8,89,0,0,1,0,0,0
3426,L03426,L,298.7,310.3,2507,27.5,217,0,0,0,0,0,0
3427,L03427,M,301.6,308.4,2602,41.4,125,0,0,0,0,0,0
3428,M03428,L,297.5,310.9,1996,48.1,178,0,0,0,0,0,0
3429,L03429,L,299.4,309.6,2269,43.1,191,0,0,0,0,0,0
3430,M03430,H,297.9,312.2,1807,37.8,165,0,0,0,0,0,0
3431,L03431,L,299.4,310.2,2221,33.5,207,0,0,0,0,0,0
3432,M03432,L,298.9,309.9,2451,57.3,11,0,0,0,0,0,0
3433,H03433,M,301.7,310.5,2125,34.4,190,0,0,0,0,0,0
3434,L03434,M,299.6,309.3,2376,34.3,192,0,0,0,0,0,0
3435,M03435,L,303.0,311.7,1348,24.4,187,0,0,0,0,0,0
3436,H03436,L,299.5,312.4,1657,57.5,235,0,0,0,0,0,0
3437,L03437,M,297.8,310.7,1478,23.1,19,0,0,0,0,0,0
3438,L03438,L,299.5,310.7,1273,49.5,248,0,0,0,0,0,0
3439,L03439,L,301.0,309.4,1349,46.0,241,0,0,0,0,0,0
3440,M03440,M,303.4,310.0,1224,35.2,65,0,0,0,0,0,0
3441,M03441,L,298.7,310.5,1306,42.3,222,1,0,0,0,0,0
3442,H03442,L,303.3,308.9,2307,44.7,17,0,0,0,0,0,0
3443,M03443,L,299.6,311.6,1461,62.7,169,0,0,0,0,0,0
3444,M03444,H,299.1,308.5,2293,57.6,201,0,0,0,0,0,0
3445,L03445,H,301.6,307.9,2185,47.4,118,0,0,0,0,0,0
3446,L03446,L,302.8,311.7,2793,42.5,246,0,0,0,0,0,0
3447,L03447,L,301.1,310.8,2718,46.7,5,0,0,0,0,0,0
3448,L03448,L,297.2,309.1,2293,42.4,65,0,0,0,0,0,0
3449,L03449,L,300.7,310.2,1232,43.6,207,0,0,0,0,0,0
3450,L03450,L,304.3,310.2,1842,33.5,68,0,0,0,0,0,0
3451,L03451,M,295.4,310.1,2401,39.3,126,0,0,0,0,0,0
3452,H03452,L,300.7,309.0,2167,47.8,124,0,0,1,0,0,0
3453,H03453,L,299.4,310.3,1335,40.6,101,0,0,0,0,0,0
3454,H03454,L,298.1,311.2,2384,44.9,213,0,0,0,0,0,0
3455,H03455,L,302.1,308.3,1192,34.8,121,0,0,0,0,0,0
3456,L03456,L,296.5,309.5,2682,39.5,149,0,0,0,0,0,0
3457,H03457,L,299.3,308.8,1222,27.6,149,0,0,0,0,0,0
3458,L03458,M,302.0,309.2,2192,47.9,64,0,0,0,0,0,0
3459,H03459,M,301.8,310.4,1314,22.4,227,0,0,0,0,0,0
3460,M03460,L,301.2,308.7,1416,44.8,176,0,0,0,0,0,0
3461,H03461,L,300.3,311.7,2613,26.3,76,0,0,0,0,0,0
3462,H03462,L,299.8,310.1,2301,30.5,139,0,0,0,0,0,0
3463,L03463,L,299.1,309.6,2016,30.2,190,0,0,0,0,0,0
3464,H03464,M,298.1,308.1,2626,48.6,140,0,0,0,0,0,0
3465,M03465,L,301.6,310.1,2474,27.9,114,0,0,0,0,0,0
3466,L03466,M,300.4,310.1,2491,38.1,122,0,0,0,0,0,0
3467,L03467,M,301.7,308.7,1803,35.8,239,0,0,0,0,0,0
3468,H03468,H,298.4,309.0,1183,37.4,189,0,0,0,0,0,0
3469,L03469,H,298.4,311.7,1247,47.5,58,0,0,0,0,0,0
3470,L03470,L,301.0,309.6,2383,38.7,122,0,0,0,0,0,0
3471,L03471,H,295.4,310.0,1465,38.6,138,0,0,0,0,0,0
3472,L03472,M,294.9,310.6,2493,30.9,113,0,0,0,0,0,0
3473,L03473,M,302.0,309.8,1859,30.5,81,0,0,0,0,0,0
3474,L03474,L,298.6,311.4,2608,26.0,213,0,0,0,0,0,0
3475,M03475,M,300.4,309.3,2429,36.4,0,0,0,0,0,0,0
3476,H03476,L,300.8,309.6,2727,54.8,67,0,0,0,0,0,0
3477,M03477,M,302.1,309.6,1554,41.8,8,0,0,0,0,0,0
3478,L03478,L,299.1,309.2,1765,40.6,2,0,0,0,0,0,0
3479,L03479,M,299.2,309.1,2627,24.4,199,0,0,0,0,0,0
3480,H03480,L,298.8,310.0,2031,51.1,8,0,0,0,0,0,0
3481,M03481,L,301.2,311.3,2362,56.0,81,0,0,0,0,0,0
3482,H03482,L,301.3,308.8,1983,31.6,68,0,0,0,0,0,0
3483,M03483,L,302.6,309.8,2004,30.2,21,0,0,0,0,1,0
3484,L03484,L,297.5,310.8,2747,54.4,100,0,0,0,0,0,0
3485,H03485,L,304.5,312.0,2561,43.9,117,0,0,0,0,0,0
3486,H03486,M,299.4,310.9,2316,57.2,196,0,0,0,0,0,0
3487,L03487,M,299.9,309.8,2395,51.8,150,0,0,0,0,0,0
3488,H03488,M,300.3,309.4,1589,20.8,79,0,0,0,0,0,0
3489,M03489,L,298.2,311.1,1681,55.9,132,0,0,0,0,0,0
3490,M03490,L,299.2,310.9,2453,41.3,228,0,0,0,0,0,0
3491,M03491,L,302.9,310.0,1926,40.2,235,0,0,0,0,0,0
3492,M03492,H,303.0,309.8,2421,40.3,38,0,0,0,0,0,0
3493,L03493,M,300.4,312.0,1265,39.2,2,0,0,0,0,0,0
3494,H03494,L,302.1,311.9,1554,24.8,25,0,0,0,0,0,0
3495,M03495,L,300.8,310.4,2428,53.9,246,0,0,0,0,0,0
3496,L03496,M,299.9,310.2,1446,34.5,7,0,0,0,0,0,0
3497,H03497,M,298.5,308.9,2698,36.9,212,0,0,0,0,0,0
3498,H03498,M,298.3,310.0,2050,45.8,51,0,0,0,0,0,0
3499,L03499,M,298.5,311.2,1707,57.5,209,0,0,0,0,0,0
3500,L03500,L,303.2,308.1,1483,39.2,196,1,0,0,0,1,0
3501,M03501,L,301.7,310.6,2244,42.0,133,0,0,0,0,0,0
3502,H03502,L,302.9,310.7,2115,54.0,125,0,0,0,0,0,0
3503,H03503,L,300.8,310.7,1208,45.7,154,0,0,0,0,0,0
3504,L03504,L,298.2,309.3,1865,44.7,120,0,0,0,0,0,0
3505,H03505,L,301.2,309.7,2155,11.1,213,0,0,0,0,0,0
3506,M03506,L,302.5,309.4,2224,37.0,149,0,0,0,0,0,0
3507,H03507,L,301.3,312.0,1165,41.7,229,0,0,0,0,0,0
3508,L03508,L,297.4,311.6,2677,41.6,55,0,0,0,0,0,0
3509,L03509,L,297.1,310.4,1200,49.2,229,0,0,0,0,0,0
3510,M03510,L,301.3,310.0,2301,27.8,42,0,0,0,0,0,0
3511,M03511,M,299.4,310.0,2343,29.8,26,0,0,0,0,0,0
3512,H03512,M,300.6,309.7,2753,49.7,44,0,0,0,0,0,0
3513,H03513,L,298.6,308.1,2806,50.9,45,0,0,0,0,0,0
3514,L03514,L,300.3,310.0,2138,29.7,112,0,0,0,0,0,0
3515,M03515,L,297.8,312.0,2353,42.7,32,0,0,0,0,0,0
3516,M03516,M,300.5,310.3,1887,37.6,126,0,0,0,0,0,0
3517,M03517,L,301.5,309.4,2055,33.6,233,0,0,0,0,0,0
3518,H03518,L,301.6,310.3,1477,28.0,94,0,0,0,0,0,0
3519,M03519,M,297.4,309.8,2081,31.0,27,0,0,0,0,0,0
3520,L03520,L,300.9,309.0,1450,31.8,93,0,0,0,0,0,0
3521,L03521,L,298.8,308.9,2424,55.5,97,0,0,0,0,0,0
3522,H03522,L,303.1,310.0,1667,45.0,108,0,0,0,0,0,1
3523,H03523,L,301.9,308.5,1411,42.8,80,0,0,0,0,0,0
3524,M03524,L,300.1,310.0,1240,28.8,178,0,0,0,0,0,0
3525,H03525,M,304.4,309.9,1343,53.2,191,0,0,0,0,0,0
3526,L03526,L,298.5,310.7,2502,54.4,34,0,0,0,0,0,0
3527,M03527,M,299.9,309.8,2237,42.5,163,0,0,0,0,0,0
3528,L03528,L,301.1,308.9,2467,41.3,5,0,0,0,0,0,0
3529,M03529,L,304.1,310.2,1375,41.4,236,1,0,0,0,0,0
3530,H03530,L,302.9,311.0,1594,47.4,220,0,0,0,0,0,0
3531,M03531,L,301.6,309.5,1483,25.4,185,0,0,0,0,0,0
3532,M03532,L,298.2,311.6,2236,29.4,127,0,0,0,0,0,0
3533,L03533,L,298.2,310.1,1646,32.0,150,0,0,0,0,0,0
3534,L03534,M,301.4,309.6,2756,35.3,13,0,0,0,0,0,0
3535,M03535,L,297.5,309.4,2705,43.1,200,0,0,0,0,0,0
3536,H03536,L,300.6,310.2,2632,50.2,55,0,0,0,0,0,0
3537,H03537,L,301.6,309.9,2506,49.3,78,0,0,0,0,0,0
3538,L03538,L,297.0,308.7,2164,24.3,229,0,0,0,0,0,0
3539,H03539,L,301.3,311.6,1394,58.9,152,0,0,0,0,0,0
3540,L03540,L,301.8,309.7,1213,62.1,147,0,0,0,0,0,0
3541,H03541,L,299.3,311.6,1954,56.4,234,0,0,0,0,0,0
3542,M03542,L,299.7,308.9,2081,33.1,213,0,0,0,0,0,0
3543,L03543,M,296.4,311.0,2439,35.1,198,0,1,0,0,0,0
3544,L03544,L,299.8,311.4,1311,24.2,145,0,0,0,0,0,0
3545,M03545,L,296.9,311.3,2218,42.9,123,0,0,0,0,0,0
3546,L03546,M,298.6,310.4,1174,42.7,144,0,0,0,0,0,0
3547,H03547,H,299.2,311.0,1449,36.4,141,0,0,0,0,0,0
3548,H03548,M,297.7,310.5,2398,30.9,25,0,0,0,0,0,0
3549,L03549,L,297.5,309.0,1223,42.2,231,0,0,0,0,0,0
3550,H03550,M,297.6,310.4,2289,38.3,159,0,0,0,0,0,0
3551,L03551,L,302.4,308.9,1301,43.9,92,0,0,0,0,0,0
3552,M03552,L,299.9,308.8,1730,55.6,231,0,0,0,0,0,0
3553,L03553,M,302.5,310.3,2264,46.7,186,0,0,0,0,0,0
3554,M03554,L,299.2,309.4,2735,42.4,70,0,0,0,0,0,0
3555,H03555,H,299.2,311.6,2462,42.0,56,1,0,0,0,0,0
3556,M03556,M,299.2,311.7,1241,29.6,200,0,0,0,0,0,0
3557,H03557,M,294.0,312.7,2021,39.5,11,0,0,0,0,0,0
3558,L03558,M,301.0,308.6,1896,43.1,2,0,0,0,0,0,0
3559,H03559,L,299.8,308.9,2560,49.2,159,0,0,0,0,0,0
3560,L03560,L,300.1,310.9,2588,46.7,96,0,0,0,0,0,0
3561,L03561,M,295.8,309.7,1977,37.4,142,0,0,0,0,0,0
3562,M03562,M,299.9,309.3,2714,53.7,136,0,0,0,0,0,0
3563,M03563,M,299.1,309.6,2345,20.5,48,0,0,0,0,0,0
3564,M03564,M,300.3,309.9,1834,45.7,171,0,0,0,0,0,0
3565,M03565,H,299.8,310.7,1521,30.4,80,0,0,0,0,0,0
3566,H03566,M,299.0,308.2,2671,55.3,155,0,0,0,0,0,0
3567,H03567,L,301.1,310.4,2409,49.9,172,0,0,0,0,0,0
3568,H03568,L,302.0,309.8,2215,25.3,12,0,0,0,0,0,0
3569,L03569,M,299.2,309.2,2322,30.0,46,0,0,0,0,0,0
3570,H03570,L,297.1,311.4,1949,22.7,20,0,0,0,0,0,0
3571,H03571,L,297.2,309.6,1874,47.6,49,0,0,0,0,0,0
3572,H03572,L,300.8,309.7,1760,44.5,174,0,0,0,0,0,0
3573,M03573,M,302.6,309.7,2651,49.1,113,0,0,0,0,0,0
3574,H03574,M,296.4,311.6,1269,13.3,4,0,0,0,0,0,0
3575,L03575,M,298.0,310.1,2702,31.8,6,0,0,0,0,0,0
3576,M03576,L,299.3,309.9,1690,47.3,165,0,0,0,0,0,0
3577,L03577,M,295.9,310.9,1197,52.8,36,0,0,0,0,0,0
3578,H03578,M,299.8,307.8,2559,36.5,82,0,0,0,0,0,0
3579,M03579,L,300.7,310.2,1950,42.9,232,0,0,0,0,0,0
3580,L03580,L,301.0,310.2,2301,47.8,159,0,0,0,0,0,0
3581,H03581,L,299.2,310.8,2675,55.5,183,0,0,0,0,0,0
3582,L03582,L,299.3,310.3,2620,24.4,170,0,0,0,0,0,0
3583,L03583,M,298.0,308.9,2753,37.9,66,0,0,0,0,0,0
3584,L03584,L,296.5,308.3,2158,24.8,102,0,0,0,0,0,0
3585,H03585,H,299.6,310.6,1188,44.6,98,0,0,0,0,0,0
3586,H03586,L,300.8,309.5,1622,25.5,26,0,0,0,0,0,0
3587,L03587,L,300.0,309.7,2306,40.0,229,0,0,0,0,0,0
3588,M03588,L,302.2,309.1,2292,41.2,50,0,0,0,0,0,0
3589,M03589,L,300.7,310.0,1473,31.9,175,0,0,0,0,0,0
3590,H03590,L,301.3,309.9,1201,50.0,71,0,0,0,0,0,0
3591,H03591,L,300.3,308.8,2097,42.3,242,0,0,0,0,0,0
3592,H03592,L,303.7,310.8,2082,40.5,180,0,0,0,0,0,0
3593,H03593,L,299.0,309.3,1285,33.1,210,0,0,0,0,0,0
3594,H03594,M,301.4,311.4,2577,38.0,93,0,0,0,0,0,0
3595,M03595,L,300.5,310.2,1318,30.9,47,0,0,0,0,0,0
3596,H03596,L,301.5,309.9,2755,36.9,231,0,0,0,0,0,0
3597,L03597,M,300.7,308.5,2721,40.1,9,0,0,0,0,0,0
3598,L03598,L,299.9,310.5,1666,65.9,93,0,0,0,0,0,0
3599,M03599,M,300.8,310.0,1509,39.2,136,0,0,0,0,0,0
3600,L03600,H,301.0,310.2,2833,32.9,239,0,0,0,0,0,0
3601,M03601,L,301.3,311.3,2410,27.1,85,0,0,0,0,0,0
3602,M03602,H,302.9,310.9,1217,46.4,94,0,0,0,0,0,0
3603,L03603,M,300.4,311.1,2323,29.5,45,0,0,0,0,0,0
3604,H03604,H,297.8,307.6,1630,43.8,137,0,0,0,0,0,0
3605,L03605,M,300.3,309.8,2588,53.8,35,0,0,0,0,0,0
3606,L03606,L,299.1,308.4,1370,47.6,9,0,0,0,0,0,0
3607,M03607,M,299.1,310.5,1410,30.6,243,0,0,0,0,0,0
3608,L03608,L,299.4,308.1,1415,42.4,244,0,0,0,0,0,0
3609,M03609,L,298.2,311.1,2632,52.9,123,0,0,0,0,0,0
3610,H03610,L,295.2,311.6,2799,43.4,26,0,0,0,0,0,0
3611,H03611,L,303.0,309.8,1826,37.9,78,0,0,0,0,0,0
3612,H03612,L,299.0,310.3,2229,48.9,146,0,0,0,0,0,0
3613,L03613,M,296.6,311.6,2003,45.0,138,0,0,0,0,0,0
3614,M03614,H,300.4,312.1,1557,41.4,31,0,0,0,0,0,0
3615,H03615,L,301.2,311.7,1618,46.8,147,0,0,0,0,0,0
3616,M03616,H,299.6,310.5,1911,42.9,45,0,0,0,0,0,0
3617,M03617,H,297.4,311.6,1392,35.4,59,0,0,0,0,0,0
3618,H03618,L,297.2,309.0,1663,42.0,206,0,0,0,0,0,0
3619,H03619,L,304.6,309.3,2828,37.4,67,0,0,0,0,0,0
3620,M03620,M,297.2,310.9,2342,51.5,16,0,0,0,0,0,0
3621,H03621,M,296.7,310.0,1724,37.3,64,0,0,1,0,0,0
3622,M03622,M,299.4,310.7,2606,37.3,184,0,0,0,0,0,0
3623,M03623,M,301.6,310.9,1815,48.2,18,0,0,0,0,0,0
3624,H03624,L,303.3,310.9,1916,37.7,4,0,0,0,0,0,0
3625,L03625,L,299.6,308.1,2751,41.0,81,0,0,0,0,0,0
3626,H03626,L,299.5,310.7,2458,36.6,208,0,0,1,0,0,0
3627,L03627,L,297.4,309.4,1603,32.2,54,1,0,0,0,0,0
3628,M03628,M,302.2,310.3,1337,37.0,105,0,0,0,0,0,0
3629,M03629,M,299.9,309.6,1854,33.9,232,0,0,0,0,0,0
3630,L03630,L,299.9,309.6,2469,67.4,3,0,0,0,0,0,0
3631,M03631,H,300.9,309.4,2696,37.2,179,0,0,0,0,0,0
3632,L03632,L,300.6,310.8,1841,35.2,18,0,0,0,0,0,0
3633,L03633,M,299.7,309.8,2555,48.7,158,0,0,0,0,0,0
3634,M03634,M,302.6,309.8,2516,48.1,130,0,0,0,0,0,0
3635,L03635,H,296.8,309.7,1751,30.9,241,0,0,0,0,0,0
3636,H03636,M,300.4,310.6,2396,42.3,66,0,0,0,0,0,0
3637,H03637,L,300.8,309.1,1484,37.4,28,0,0,0,0,0,0
3638,M03638,H,299.2,311.6,1606,42.9,180,0,0,0,0,0,0
3639,M03639,M,301.2,309.3,2621,37.3,135,0,0,0,0,1,0
3640,L03640,L,301.3,309.6,1887,19.4,119,0,0,0,0,0,0
3641,L03641,M,302.2,310.0,2788,45.5,132,0,0,0,0,0,0
3642,L03642,M,299.8,310.5,1486,44.5,63,0,0,0,0,0,0
3643,L03643,L,299.6,309.8,1504,27.7,222,0,0,1,0,0,0
3644,H03644,L,301.1,309.8,1505,50.0,26,0,0,0,0,0,0
3645,H03645,M,299.6,311.1,1381,50.0,32,0,0,0,0,0,0
3646,M03646,M,297.0,307.7,2440,52.0,57,0,0,0,0,0,0
3647,L03647,L,301.7,309.4,1945,24.5,61,0,1,0,0,0,0
3648,L03648,L,296.3,309.2,1339,48.4,81,0,0,0,0,0,0
3649,M03649,L,300.8,309.6,1197,31.5,215,0,0,0,0,0,0
3650,L03650,M,305.1,311.4,2457,27.8,25,1,0,1,0,0,0
3651,L03651,M,301.1,309.3,1963,34.9,222,0,0,0,0,0,0
3652,L03652,L,298.6,309.9,1204,37.7,13,0,0,0,0,0,0
3653,L03653,L,299.1,310.5,2512,34.9,216,0,0,0,0,0,0
3654,L03654,L,300.7,309.2,1268,51.9,31,0,0,0,0,0,0
3655,M03655,M,300.0,307.7,2175,29.6,230,0,0,0,0,0,0
3656,L03656,L,301.5,307.4,1373,49.7,40,0,0,0,0,0,0
3657,M03657,L,302.9,311.3,1897,35.7,248,0,0,0,0,0,0
3658,L03658,L,302.6,310.5,1352,40.9,141,0,0,0,0,0,0
3659,H03659,M,297.7,309.7,2829,37.2,47,0,0,0,0,0,0
3660,H03660,L,300.0,309.7,1160,31.9,175,0,0,0,0,0,0
3661,H03661,L,301.0,309.1,1408,31.7,90,0,0,0,0,0,0
3662,H03662,H,303.0,310.2,1447,26.9,213,0,0,0,0,0,0
3663,M03663,L,300.7,310.7,1818,26.0,37,0,0,0,0,0,0
3664,M03664,L,298.6,309.1,2370,38.3,134,0,0,0,0,0,0
3665,L03665,H,300.9,310.3,2777,53.7,32,0,0,0,0,0,0
3666,H03666,L,303.6,309.1,2588,28.8,106,0,0,0,0,0,0
3667,M03667,L,299.5,309.9,1482,41.8,232,0,0,0,0,0,0
3668,L03668,L,298.6,309.4,1302,38.5,96,0,0,0,0,0,0
3669,L03669,M,299.9,310.9,2549,52.9,23,1,0,0,0,0,0
3670,M03670,L,298.7,310.0,1283,44.8,25,0,0,0,0,0,0
3671,H03671,M,301.7,308.8,2105,33.5,49,0,0,0,0,0,0
3672,L03672,L,298.7,309.9,1265,28.1,169,0,0,0,0,0,0
3673,H03673,L,302.6,311.0,2240,20.7,94,0,0,1,0,0,0
3674,H03674,M,301.0,308.8,1811,32.4,218,0,0,0,0,0,0
3675,H03675,H,301.4,309.7,2429,61.6,124,0,0,0,0,0,0
3676,L03676,L,301.4,309.6,1702,34.1,140,0,0,0,0,0,0
3677,H03677,M,301.7,310.2,1842,21.1,158,0,0,0,0,0,0
3678,L03678,L,299.4,309.8,1337,23.5,223,0,0,0,0,0,0
3679,H03679,L,298.0,310.4,1188,55.8,22,0,0,0,0,0,0
3680,L03680,L,299.0,309.3,1629,35.5,164,0,0,0,0,0,0
3681,H03681,M,301.9,309.8,2075,44.0,231,0,0,0,0,0,0
3682,M03682,L,296.5,309.8,2500,43.1,108,0,0,0,0,0,0
3683,H03683,L,296.0,311.8,1878,33.7,58,0,0,0,0,0,0
3684,H03684,L,300.4,310.3,2303,35.3,185,0,0,0,0,0,0
3685,L03685,L,301.7,310.8,1925,30.6,15,0,0,0,0,0,0
3686,L03686,H,302.0,311.8,2799,21.7,38,0,0,0,0,0,0
3687,H03687,H,298.1,310.3,1212,50.2,199,0,0,0,0,0,0
3688,M03688,M,297.6,309.8,2104,48.0,81,0,0,0,0,0,0
3689,M03689,L,298.6,309.0,1246,39.8,249,0,0,0,0,0,0
3690,L03690,L,299.2,308.8,2585,40.8,90,0,0,0,0,0,0
3691,M03691,M,299.3,307.8,1679,49.9,8,0,0,0,0,0,0
3692,H03692,H,300.2,310.9,2619,17.1,191,0,0,0,0,0,0
3693,L03693,L,302.8,310.5,1874,45.2,91,0,0,0,0,0,0
3694,H03694,M,299.9,309.8,2782,50.3,21,0,0,0,0,0,0
3695,L03695,H,301.9,309.7,2170,58.9,74,0,0,0,0,0,0
3696,L03696,M,301.3,309.0,1385,49.3,53,0,0,0,0,0,0
3697,L03697,L,298.6,310.5,2853,56.0,149,0,0,0,0,0,0
3698,L03698,L,301.3,309.4,2745,37.8,240,0,0,0,0,0,0
3699,M03699,L,301.1,309.7,2258,40.2,13,0,0,0,0,0,0
3700,H03700,L,300.0,308.9,1504,31.9,214,1,0,0,0,0,0
3701,H03701,L,300.3,309.1,2575,33.9,193,0,0,0,0,0,0
3702,H03702,L,299.9,310.9,2339,49.4,78,0,0,0,0,0,0
3703,L03703,M,297.8,311.1,2401,44.3,177,0,0,0,0,0,0
3704,M03704,L,304.7,308.8,2540,45.3,132,0,0,0,0,0,0
3705,H03705,L,302.1,310.6,2074,24.7,220,0,0,0,0,0,0
3706,M03706,M,301.1,309.3,2583,45.0,245,0,0,0,0,0,0
3707,L03707,M,299.2,309.5,2233,53.7,224,0,0,0,0,0,0
3708,H03708,M,299.8,311.2,1313,44.5,239,0,0,0,0,0,0
3709,M03709,L,297.7,309.7,2403,30.4,107,0,0,0,0,0,0
3710,L03710,M,300.9,309.7,2031,39.6,93,0,0,0,0,0,0
3711,M03711,L,300.7,308.4,1743,54.2,237,0,0,0,0,0,0
3712,H03712,L,299.6,309.7,2330,43.1,144,1,0,0,0,0,0
3713,H03713,M,300.1,309.4,2167,52.7,0,0,0,0,0,0,0
3714,L03714,L,299.4,310.5,2076,59.2,141,0,0,0,0,0,0
3715,L03715,L,299.0,309.5,2023,38.2,238,0,0,0,0,0,0
3716,L03716,L,298.4,311.2,2058,29.4,54,0,0,0,0,0,0
3717,M03717,L,298.0,310.4,2547,35.1,235,0,0,0,0,0,0
3718,M03718,L,298.6,310.2,2415,59.4,16,0,0,0,0,0,0
3719,M03719,M,298.7,310.7,2040,48.4,8,0,0,0,0,0,0
3720,L03720,L,302.2,310.2,2341,42.5,127,0,0,0,0,0,0
3721,H03721,H,298.8,310.7,1270,50.9,98,0,0,0,0,0,0
3722,H03722,L,295.9,309.9,2115,35.6,94,0,0,0,0,0,0
3723,M03723,L,300.6,309.9,1151,36.8,11,1,0,0,0,0,0
3724,M03724,L,301.2,309.2,1267,33.0,121,0,0,0,0,0,0
3725,H03725,L,301.9,309.3,2821,61.8,108,0,0,0,0,0,0
3726,H03726,M,300.3,311.3,1788,42.0,65,0,0,0,0,0,0
3727,M03727,L,297.7,310.5,2680,39.0,245,0,0,0,0,0,0
3728,M03728,L,298.4,308.5,1523,42.3,142,0,0,0,0,0,0
3729,H03729,M,301.2,311.1,2281,39.2,161,0,0,0,0,0,0
3730,L03730,L,302.9,310.1,2472,31.5,36,0,0,0,0,0,0
3731,M03731,M,297.7,309.2,2606,50.9,52,0,0,0,0,0,0
3732,H03732,M,300.4,311.8,1261,23.2,168,0,0,0,0,0,0
3733,H03733,L,298.9,311.3,2579,42.2,123,0,0,0,0,0,0
3734,H03734,L,298.4,310.8,1649,46.4,221,0,0,0,0,0,0
3735,H03735,L,300.1,310.2,1824,24.8,77,0,0,0,0,0,0
3736,L03736,M,299.7,310.3,2192,44.7,236,0,0,0,0,0,0
3737,H03737,L,296.0,307.8,2193,35.6,3,0,0,0,0,0,0
3738,M03738,L,300.4,310.7,1921,23.6,135,0,0,0,0,0,0
3739,L03739,L,300.7,310.2,1710,41.9,86,0,0,0,0,0,0
3740,H03740,L,301.5,310.2,2679,49.3,70,0,0,0,0,0,0
3741,L03741,L,298.9,310.2,1303,71.1,16,0,0,0,0,0,0
3742,M03742,M,296.8,309.5,2688,36.1,149,0,0,0,0,0,0
3743,H03743,L,299.2,309.1,1969,45.0,101,0,0,0,0,0,0
3744,M03744,H,301.4,310.1,2651,49.3,217,0,0,0,0,0,0
3745,H03745,M,299.8,308.7,1533,41.4,135,0,0,0,0,0,0
3746,H03746,L,301.7,310.3,1953,47.3,21,0,0,0,0,0,0
3747,H03747,L,297.4,309.0,1830,35.7,39,0,0,0,0,0,0
3748,H03748,L,301.6,311.0,2371,38.2,236,0,0,0,0,0,0
3749,H03749,M,300.5,308.6,1328,27.4,149,0,0,0,0,0,0
3750,L03750,L,299.3,310.0,1764,36.3,103,0,0,0,0,0,0
3751,H03751,H,302.1,310.1,2701,23.5,132,0,0,0,0,0,0
3752,H03752,M,300.5,311.2,1196,24.5,8,0,0,0,0,0,0
3753,L03753,L,298.0,310.3,1707,48.8,59,0,0,0,0,0,0
3754,L03754,M,302.0,309.2,2785,27.1,19,0,0,0,0,0,0
3755,L03755,L,299.5,309.1,1332,49.4,85,1,0,0,0,0,0
3756,L03756,M,300.1,311.4,1503,38.4,122,0,0,0,0,0,0
3757,L03757,L,298.3,310.0,1636,38.4,33,0,0,0,0,0,0
3758,L03758,L,299.9,309.8,1365,32.6,226,0,0,0,0,0,0
3759,H03759,L,298.1,309.3,2041,39.7,163,0,0,0,0,0,0
3760,H03760,M,299.7,308.8,2596,55.4,210,0,0,0,0,0,0
3761,M03761,L,300.1,311.9,2819,32.8,91,0,0,0,0,0,0
3762,H03762,H,301.2,310.1,2001,36.5,124,0,0,0,0,0,0
3763,H03763,L,297.2,308.9,1978,47.9,126,0,0,0,0,0,0
3764,L03764,L,302.0,310.7,2182,28.4,70,0,0,0,0,0,0
3765,L03765,L,302.1,310.6,2158,27.5,232,0,0,0,0,0,0
3766,H03766,L,299.6,308.8,2386,39.5,165,0,0,0,0,0,0
3767,M03767,L,300.3,309.4,2312,52.0,194,0,0,0,0,0,0
3768,L03768,L,300.6,310.5,2157,39.1,31,0,0,0,0,0,0
3769,H03769,M,300.2,310.7,1883,37.2,173,0,0,0,0,0,0
3770,H03770,L,301.2,309.2,1470,39.7,108,0,0,0,0,0,0
3771,M03771,L,299.2,308.1,1240,39.1,94,0,0,0,0,0,0
3772,M03772,L,298.5,310.2,1464,33.5,236,0,0,0,0,0,0
3773,L03773,M,300.9,310.9,1261,49.3,24,0,0,0,0,0,0
3774,M03774,L,296.9,309.9,2286,42.2,63,0,0,0,0,0,0
3775,H03775,L,301.2,309.7,1523,34.9,160,0,0,0,0,0,0
3776,H03776,L,301.4,311.6,2436,40.6,46,0,0,0,0,0,0
3777,M03777,M,298.4,308.0,1517,36.7,68,0,0,0,0,0,0
3778,M03778,M,302.8,310.7,1527,25.8,125,0,0,0,0,0,0
3779,M03779,L,299.3,310.8,1978,61.7,28,0,0,0,0,0,0
3780,M03780,L,299.1,309.2,1974,41.3,186,1,0,0,0,0,0
3781,L03781,M,298.7,307.7,1823,30.0,158,0,0,0,0,0,0
3782,M03782,H,300.9,310.8,2769,28.5,25,0,0,0,0,0,0
3783,L03783,M,299.2,310.3,1706,25.1,62,0,0,0,0,0,0
3784,H03784,H,297.1,311.4,2218,32.6,185,0,0,0,0,0,0
3785,M03785,M,300.7,309.4,2444,28.1,84,0,0,0,0,0,0
3786,L03786,M,299.4,310.2,1644,37.8,225,0,0,0,0,0,0
3787,M03787,L,302.2,308.3,1871,56.4,228,0,0,0,0,0,0
3788,H03788,L,300.6,310.7,1835,33.0,176,0,0,1,0,0,0
3789,H03789,L,300.5,308.5,1396,72.6,192,0,0,0,0,0,0
3790,H03790,M,302.0,310.0,1323,46.6,58,0,0,0,0,0,0
3791,M03791,H,300.3,309.0,1185,62.0,189,0,0,0,0,0,0
3792,M03792,M,301.6,310.3,1451,27.0,195,0,0,0,0,0,0
3793,L03793,L,298.7,309.8,2331,33.0,238,0,0,0,0,0,0
3794,H03794,L,303.3,309.8,2824,33.5,46,0,0,0,0,0,0
3795,M03795,L,300.6,309.9,2035,39.2,21,0,0,0,0,0,0
3796,H03796,L,297.6,310.0,1182,46.8,207,0,0,0,0,0,0
3797,H03797,M,300.3,311.4,1531,24.8,108,0,0,0,0,0,0
3798,L03798,H,300.4,310.5,1573,48.7,191,0,0,0,0,0,0
3799,L03799,L,300.2,309.3,2856,33.0,173,0,0,0,0,0,0
3800,L03800,L,295.4,309.4,2795,58.2,186,0,0,0,0,0,0
3801,L03801,M,298.9,311.0,2852,43.5,159,0,0,0,0,0,0
3802,H03802,L,297.2,308.9,2810,52.5,97,0,0,0,0,0,0
3803,L03803,M,297.3,310.0,1875,35.4,212,0,0,0,0,0,0
3804,L03804,L,300.3,308.3,2468,45.5,90,1,0,0,0,0,0
3805,L03805,L,298.9,309.9,1842,35.3,233,0,0,0,0,0,0
3806,L03806,L,299.3,308.9,1744,46.1,164,0,0,0,0,0,0
3807,H03807,L,298.2,309.4,2131,42.4,66,1,0,0,0,0,0
3808,L03808,L,302.8,310.2,1564,55.3,179,0,0,0,0,0,0
3809,H03809,L,300.1,310.6,2023,49.4,170,0,0,0,0,0,0
3810,M03810,L,297.0,309.3,1468,44.8,108,0,0,0,0,0,0
3811,H03811,L,301.3,311.1,2198,41.9,33,0,0,0,0,0,0
3812,H03812,L,299.3,308.8,1907,40.8,188,0,0,0,0,0,0
3813,L03813,L,302.4,310.8,2726,25.1,70,0,0,0,0,0,0
3814,M03814,L,300.0,309.6,2607,28.7,220,0,0,0,0,0,0
3815,M03815,M,298.6,311.0,1208,31.0,194,0,0,0,0,0,0
3816,M03816,H,298.9,309.6,1326,56.6,172,0,0,0,0,1,0
3817,M03817,L,299.2,309.3,2715,34.7,229,0,0,0,0,0,0
3818,H03818,L,301.0,310.6,2218,35.5,168,0,0,0,0,0,0
3819,M03819,L,298.4,310.4,2625,46.1,118,0,0,0,0,0,0
3820,H03820,L,302.5,309.5,1458,30.8,179,0,0,0,0,0,0
3821,H03821,M,300.7,310.5,1303,54.1,65,0,0,0,0,0,0
3822,H03822,M,300.4,309.9,2116,14.4,11,1,0,0,0,0,0
3823,M03823,M,300.1,310.1,2725,52.3,14,0,0,0,0,0,0
3824,L03824,L,300.0,310.3,2313,58.6,125,0,0,0,0,0,0
3825,L03825,L,297.5,308.6,1918,43.4,246,0,0,0,0,0,0
3826,M03826,H,300.6,310.0,2755,33.0,247,0,0,0,0,0,0
3827,L03827,L,303.9,308.5,1534,49.5,15,0,0,0,0,0,0
3828,L03828,L,301.4,309.0,2821,32.6,2,0,0,0,0,0,0
3829,H03829,H,300.9,309.9,1897,61.1,154,0,0,0,0,0,0
3830,H03830,M,296.9,311.0,1773,45.7,237,1,0,0,0,0,0
3831,M03831,M,302.2,309.8,2206,30.8,150,0,0,0,0,0,0
3832,M03832,L,301.6,309.6,2544,48.3,191,0,0,0,0,0,0
3833,L03833,L,302.3,309.5,2351,29.7,160,0,0,0,0,0,0
3834,H03834,L,298.2,310.4,2533,32.1,47,0,0,0,0,0,0
3835,M03835,M,299.2,308.9,2819,47.7,90,0,0,0,0,0,0
3836,M03836,L,297.0,308.6,2609,33.0,215,0,0,0,0,0,0
3837,M03837,M,296.9,311.4,1155,41.2,182,0,0,0,0,0,0
3838,M03838,M,298.8,310.4,1840,45.8,229,0,0,0,0,0,0
3839,M03839,L,300.9,309.3,1944,33.3,154,0,0,0,0,0,0
3840,M03840,L,299.2,309.4,2791,34.6,46,0,0,0,0,0,0
3841,L03841,L,298.7,309.4,2040,57.2,158,0,0,0,0,0,0
3842,H03842,M,300.7,308.7,2404,46.8,206,0,0,0,0,0,0
3843,H03843,M,293.5,309.7,2574,39.9,162,0,0,0,0,0,0
3844,M03844,M,298.9,310.0,1876,39.1,163,0,0,0,0,0,0
3845,H03845,L,300.7,311.4,1934,28.1,151,0,0,0,0,0,0
3846,H03846,L,299.2,310.1,1766,44.8,144,0,0,0,0,0,0
3847,H03847,M,302.6,310.7,2035,41.1,44,0,0,0,0,0,0
3848,M03848,L,298.7,309.7,1172,49.2,97,0,0,0,0,0,0
3849,M03849,M,298.8,309.5,1956,19.0,189,0,0,0,0,0,0
3850,H03850,M,298.0,310.0,1310,38.0,128,0,0,0,0,0,0
3851,H03851,L,298.5,310.9,2367,39.1,19,0,0,0,0,0,0
3852,M03852,L,300.6,309.4,1415,43.4,197,0,0,0,0,0,0
3853,L03853,L,301.6,310.2,1232,42.3,196,1,0,0,0,0,0
3854,H03854,L,304.3,310.2,1317,45.3,191,0,0,0,0,0,0
3855,L03855,M,301.2,310.0,1804,38.0,92,0,0,0,0,0,0
3856,H03856,M,297.6,310.9,1704,27.5,69,0,0,0,0,0,0
3857,L03857,M,302.5,310.0,1493,25.4,177,0,0,0,0,0,0
3858,L03858,M,301.0,309.9,1161,39.4,52,0,0,0,0,0,0
3859,L03859,L,300.1,309.9,2707,70.0,224,0,0,0,0,0,0
3860,M03860,L,302.1,307.9,2703,45.8,108,0,0,0,0,0,0
3861,L03861,M,304.7,309.8,1599,65.4,165,0,0,0,0,0,0
3862,L03862,L,299.6,308.9,1723,46.9,179,0,0,0,0,0,0
3863,L03863,M,298.3,309.8,1740,29.5,92,0,0,0,0,0,0
3864,H03864,M,302.7,310.0,1639,38.7,107,0,0,1,0,0,0
3865,L03865,L,305.3,310.5,2340,65.3,188,0,0,0,0,0,0
3866,H03866,L,300.3,312.0,1811,47.8,73,0,0,0,0,0,0
3867,L03867,L,300.1,311.3,1614,47.5,223,0,0,0,0,0,0
3868,L03868,M,300.3,310.0,2059,33.1,24,0,0,0,0,0,0
3869,M03869,L,300.9,310.6,1766,40.1,219,0,0,0,0,0,0
3870,H03870,H,297.2,309.6,1156,29.3,28,0,0,0,0,0,0
3871,L03871,L,300.6,310.2,2156,35.6,114,0,0,0,0,0,0
3872,H03872,H,300.5,310.2,2336,41.6,34,0,0,0,0,0,0
3873,H03873,L,300.4,309.0,1951,33.8,46,0,0,0,0,0,0
3874,M03874,L,300.3,309.5,2368,49.6,184,0,0,0,0,0,0
3875,M03875,M,300.2,308.3,1468,34.2,159,0,0,0,0,0,0
3876,M03876,M,295.8,309.8,1279,43.2,126,0,0,0,0,0,0
3877,M03877,L,298.6,310.0,1258,49.9,45,0,1,0,0,0,0
3878,M03878,M,301.7,309.9,1368,60.8,35,0,0,0,0,0,0
3879,M03879,M,302.2,309.0,1655,43.7,70,0,0,0,0,0,0
3880,M03880,L,299.2,309.9,1578,29.7,137,0,0,0,0,0,0
3881,M03881,L,298.1,310.2,1791,39.8,45,0,0,0,0,0,0
3882,L03882,M,301.4,310.5,1393,59.6,97,0,0,0,0,0,0
3883,H03883,L,300.5,310.3,1587,49.5,96,0,0,0,1,0,0
3884,M03884,L,299.8,309.7,1456,41.9,25,0,0,0,0,0,0
3885,M03885,M,301.7,309.9,2050,45.7,175,0,0,0,0,0,0
3886,H03886,L,297.6,310.3,2770,42.8,175,0,0,0,0,0,0
3887,L03887,L,302.3,309.6,2428,27.2,12,0,0,0,0,0,0
3888,H03888,H,297.0,309.1,2500,42.1,157,0,0,0,0,1,0
3889,H03889,L,298.3,309.6,1558,33.0,223,0,0,0,0,0,0
3890,M03890,M,297.9,310.4,1898,34.5,224,1,0,0,0,0,0
3891,H03891,M,298.8,310.7,1150,37.2,197,0,0,0,0,0,0
3892,H03892,L,300.6,310.9,1926,19.2,227,0,0,0,0,0,0
3893,M03893,L,301.4,309.2,1343,38.3,193,1,0,0,0,0,0
3894,M03894,L,299.8,311.9,2112,23.2,124,0,0,0,0,0,0
3895,M03895,L,297.4,309.3,2537,48.4,6,0,0,0,0,0,0
3896,M03896,M,296.0,309.8,1271,19.5,55,0,0,0,0,0,0
3897,H03897,M,301.7,311.2,1513,22.7,29,0,0,0,0,0,0
3898,H03898,L,301.4,308.3,2177,21.2,237,0,0,0,0,0,0
3899,L03899,L,302.1,310.1,1298,43.1,54,0,0,0,0,0,0
3900,L03900,L,299.7,309.7,2234,39.9,217,0,0,0,0,0,0
3901,H03901,L,301.3,308.6,1943,57.1,216,0,0,0,0,0,0
3902,L03902,L,298.7,308.6,2290,44.3,160,0,0,0,0,0,0
3903,H03903,L,301.0,311.1,2857,22.4,169,0,0,0,0,0,0
3904,L03904,M,299.0,310.5,1995,31.6,5,0,0,0,0,0,0
3905,M03905,L,298.4,310.9,1387,41.9,7,0,0,0,0,0,0
3906,L03906,L,300.5,309.0,2311,43.3,72,0,0,0,0,0,0
3907,M03907,M,300.4,310.3,1879,22.1,127,0,0,0,0,0,0
3908,M03908,L,301.8,312.3,1607,49.0,74,0,0,0,0,0,0
3909,M03909,L,297.4,309.8,1634,31.3,215,0,0,0,0,0,0
3910,M03910,L,301.9,310.1,2255,31.5,69,0,0,0,0,0,0
3911,L03911,L,300.3,310.0,1998,50.7,39,0,0,0,0,0,0
3912,H03912,L,302.1,309.9,1863,40.1,183,0,0,0,0,0,0
3913,M03913,H,302.1,309.2,2760,43.4,79,0,0,0,0,0,0
3914,L03914,L,295.1,310.0,2220,45.3,16,0,0,0,0,0,0
3915,M03915,H,302.1,311.6,1493,24.4,87,0,0,0,0,0,0
3916,L03916,L,302.2,309.9,2512,42.5,134,0,0,0,0,0,0
3917,L03917,L,297.5,311.2,1385,59.2,39,0,0,0,0,0,0
3918,L03918,L,296.9,312.9,2637,37.9,103,0,0,0,0,0,0
3919,H03919,L,301.5,309.2,1812,43.8,57,0,0,0,0,0,0
3920,L03920,L,300.2,310.5,1525,65.4,189,0,0,0,0,0,0
3921,L03921,L,298.7,308.8,2296,55.4,90,0,0,0,0,0,0
3922,H03922,L,302.9,309.9,2121,35.6,201,0,0,0,0,0,0
3923,H03923,L,300.6,312.5,1395,44.9,53,0,0,0,0,0,0
3924,L03924,L,295.8,310.6,2427,47.5,8,0,0,0,0,0,0
3925,H03925,L,298.0,310.3,1715,61.6,50,0,0,0,0,0,0
3926,M03926,L,302.1,308.8,1848,30.9,137,0,0,0,0,0,0
3927,M03927,M,300.1,309.4,2064,70.7,48,0,0,0,0,0,0
3928,H03928,M,298.6,309.2,1430,42.9,157,0,0,0,0,0,0
3929,H03929,L,300.9,309.0,1216,36.9,8,0,0,0,0,0,0
3930,L03930,L,298.8,310.8,2826,46.2,173,0,0,0,0,0,0
3931,H03931,L,297.5,310.7,2706,36.4,121,0,0,0,0,0,0
3932,L03932,M,302.0,309.8,2707,36.7,125,0,0,0,0,0,0
3933,M03933,L,302.3,309.5,1324,34.3,25,0,0,0,0,0,0
3934,H03934,M,301.0,310.7,2364,34.5,191,0,0,0,0,0,0
3935,L03935,L,296.9,311.7,1434,23.1,161,0,0,0,0,0,0
3936,L03936,L,303.7,311.0,1454,23.7,226,0,0,0,0,0,0
3937,M03937,L,303.6,310.1,2024,32.0,127,0,0,0,0,0,0
3938,H03938,L,302.5,310.9,1942,42.7,26,0,0,0,0,1,0
3939,M03939,M,300.6,311.0,1556,32.8,83,0,0,1,0,0,0
3940,L03940,L,300.2,310.2,1481,61.2,215,0,0,0,0,0,0
3941,L03941,L,300.9,310.2,1454,46.4,154,0,1,0,0,0,0
3942,H03942,L,297.7,309.5,2068,33.3,168,0,0,0,0,0,0
3943,L03943,M,298.9,310.8,1818,58.1,82,0,0,0,0,0,0
3944,H03944,L,298.8,309.8,1922,37.8,17,0,0,0,0,0,0
3945,M03945,L,301.2,309.0,1700,37.8,49,0,0,0,0,0,0
3946,H03946,L,300.5,309.1,2144,46.4,42,0,0,0,0,0,0
3947,H03947,L,298.1,310.0,2510,39.3,40,0,0,0,0,0,0
3948,L03948,M,296.8,309.1,2203,41.0,203,0,0,0,0,0,0
3949,L03949,L,300.7,312.7,1589,46.7,103,0,0,0,0,0,0
3950,H03950,L,297.9,310.5,1407,28.6,17,0,0,0,0,0,0
3951,L03951,L,297.5,309.5,1932,38.9,188,0,0,0,0,0,0
3952,L03952,H,304.2,310.2,1712,30.6,199,1,0,0,0,0,0
3953,L03953,L,304.6,310.7,1383,43.5,99,0,0,0,0,0,0
3954,H03954,L,299.1,310.2,1175,25.9,229,0,0,0,0,0,0
3955,L03955,H,296.4,309.0,1672,55.7,52,0,0,0,0,0,0
3956,H03956,L,302.4,309.9,1533,34.1,79,0,0,0,0,0,0
3957,L03957,H,300.7,309.8,2709,36.7,52,0,0,0,0,0,0
3958,M03958,L,301.5,309.5,1542,38.9,12,0,0,0,0,0,0
3959,L03959,L,298.7,309.2,1611,30.3,25,0,0,0,0,0,0
3960,L03960,M,297.9,310.9,1988,42.3,111,0,0,0,0,0,0
3961,H03961,M,299.5,310.5,2311,51.1,89,0,0,0,0,0,0
3962,H03962,L,300.3,310.5,1886,36.7,246,0,0,0,0,0,0
3963,L03963,H,298.5,308.1,1259,35.8,55,0,0,0,0,0,0
3964,M03964,L,302.6,309.6,2648,46.4,84,0,0,0,0,0,0
3965,L03965,M,296.5,311.2,2501,45.8,188,0,0,0,1,0,0
3966,L03966,L,300.8,310.4,1355,41.2,243,0,0,0,0,0,0
3967,M03967,L,300.3,308.8,2244,52.2,177,0,0,0,0,0,0
3968,H03968,H,302.4,311.7,1359,44.1,148,0,0,0,0,0,0
3969,L03969,H,298.1,307.6,1334,57.7,7,0,0,0,0,0,0
3970,H03970,L,301.4,310.1,1751,37.0,224,0,0,0,0,0,0
3971,H03971,L,301.0,311.7,1908,28.6,197,0,0,0,0,0,0
3972,M03972,L,300.5,308.4,2556,53.9,191,0,0,0,0,0,0
3973,M03973,L,298.2,309.5,1894,22.4,177,0,0,0,0,0,0
3974,H03974,L,298.5,308.6,2040,31.6,129,0,0,0,0,0,0
3975,L03975,L,299.4,311.4,1548,30.2,71,0,0,0,0,0,0
3976,H03976,L,299.0,309.2,1694,40.6,69,0,0,0,0,0,0
3977,L03977,M,302.5,311.0,2056,39.2,5,0,0,0,0,0,0
3978,L03978,L,300.3,311.4,2832,52.1,21,0,0,0,0,0,0
3979,M03979,L,301.6,308.7,1831,40.7,216,0,0,0,0,0,0
3980,L03980,L,297.1,308.5,2127,34.3,173,0,0,0,0,0,0
3981,L03981,M,296.3,310.5,1463,37.2,94,0,0,0,0,0,0
3982,H03982,L,299.6,310.8,1377,30.6,188,1,0,0,0,0,0
3983,M03983,L,297.4,309.9,1807,46.6,162,1,0,0,0,0,0
3984,L03984,M,300.1,310.0,2319,54.9,241,0,0,0,0,0,0
3985,L03985,M,298.3,311.5,2195,42.1,61,0,0,0,0,0,0
3986,M03986,M,300.6,309.8,2774,39.8,68,0,0,0,0,0,0
3987,H03987,H,298.4,311.4,1841,44.7,85,0,0,0,0,0,0
3988,M03988,M,301.1,309.4,1449,35.5,56,0,0,0,0,0,0
3989,M03989,M,298.2,312.4,2076,38.6,111,0,0,0,0,1,0
3990,L03990,L,296.3,309.1,2438,38.3,152,0,0,0,0,0,0
3991,L03991,L,301.7,311.2,2223,47.0,209,0,0,0,0,0,0
3992,H03992,L,298.5,309.0,1891,36.1,72,0,0,0,0,0,0
3993,L03993,L,302.7,310.8,2548,18.8,152,0,0,0,0,0,0
3994,L03994,L,298.7,310.0,1210,28.7,92,0,0,0,0,0,0
3995,M03995,L,298.4,310.3,2192,63.1,117,0,0,0,0,0,0
3996,L03996,M,299.4,310.7,1457,38.4,160,0,0,0,0,0,0
3997,H03997,L,298.9,310.2,1686,45.0,106,0,0,0,0,0,0
3998,M03998,L,300.3,310.2,2380,39.2,7,0,0,0,0,0,0
3999,H03999,H,300.8,308.1,2498,39.3,103,0,0,0,0,0,0
4000,M04000,L,301.1,311.4,1224,28.8,119,0,0,0,0,0,0
4001,L04001,L,299.8,311.5,2826,57.0,140,0,0,0,0,0,0
4002,M04002,L,297.0,309.9,2591,32.5,60,0,0,0,0,0,0
4003,M04003,M,303.4,310.6,2501,32.3,135,0,0,0,0,0,0
4004,L04004,L,299.3,311.4,2454,43.8,239,0,0,0,0,0,0
4005,L04005,M,299.2,310.6,2776,51.7,249,0,0,0,0,0,0
4006,H04006,L,299.8,309.5,2248,37.3,116,1,0,0,0,0,0
4007,H04007,L,299.5,308.8,2749,21.3,113,0,0,0,0,0,0
4008,L04008,L,296.5,310.6,1743,21.6,104,0,0,0,0,0,0
4009,L04009,M,301.1,310.1,2823,55.5,235,0,0,0,0,0,0
4010,L04010,M,298.4,310.0,1758,40.7,26,0,0,0,0,0,0
4011,M04011,M,299.4,309.2,1761,53.3,53,0,0,0,0,0,0
4012,M04012,M,303.5,309.7,2170,42.4,130,0,0,0,0,0,0
4013,M04013,L,301.9,310.3,1934,31.5,32,0,0,0,0,0,0
4014,L04014,M,303.2,309.7,1390,43.9,222,0,0,0,0,0,0
4015,H04015,L,298.6,310.0,1154,42.7,155,0,0,0,0,0,0
4016,L04016,M,301.5,310.0,2388,45.0,212,0,0,0,0,0,0
4017,M04017,L,300.8,310.7,2752,40.8,179,0,0,0,0,0,0
4018,M04018,L,299.9,308.6,1636,35.2,28,0,0,1,0,0,0
4019,L04019,L,298.5,309.6,1506,51.5,92,0,0,0,0,0,0
4020,L04020,L,302.2,308.9,1543,39.4,188,0,0,0,0,0,0
4021,M04021,L,299.0,310.2,2328,42.4,243,0,0,0,0,0,0
4022,M04022,M,300.3,309.2,2564,30.2,72,0,0,0,0,0,0
4023,M04023,L,301.8,310.9,1518,29.2,60,0,0,0,0,0,0
4024,L04024,L,298.0,309.6,1178,31.9,149,0,0,0,0,0,0
4025,M04025,M,297.8,309.4,2596,29.2,199,0,0,0,0,0,0
4026,M04026,L,305.0,309.2,2115,18.4,56,0,0,0,0,0,0
4027,H04027,M,298.3,310.3,1158,33.7,44,0,0,0,0,0,0
4028,L04028,L,303.2,308.7,2373,55.2,80,0,0,0,0,0,0
4029,H04029,H,299.9,309.9,2618,35.8,214,0,0,0,0,0,0
4030,H04030,L,299.1,309.9,1483,27.4,230,0,0,0,0,0,0
4031,M04031,L,299.3,309.5,2099,47.1,29,0,0,0,0,0,0
4032,L04032,L,299.9,310.2,1379,38.8,206,0,0,0,0,0,0
4033,M04033,L,302.7,309.5,1542,36.3,141,0,0,0,0,0,0
4034,L04034,H,301.5,310.3,2481,28.0,216,0,0,0,0,0,0
4035,H04035,L,299.6,309.5,2504,40.1,79,1,0,0,0,0,0
4036,L04036,L,296.3,309.3,1928,40.3,240,0,0,0,0,0,0
4037,M04037,L,300.0,310.3,2533,43.1,175,0,0,0,0,0,0
4038,M04038,M,300.3,310.8,2848,40.7,145,0,0,0,0,0,0
4039,M04039,L,302.5,312.9,2760,38.6,159,0,0,1,0,0,0
4040,L04040,H,297.1,309.7,2356,40.0,109,0,0,0,0,0,0
4041,H04041,L,299.0,310.8,1536,38.9,165,0,0,0,0,0,0
4042,H04042,L,298.9,309.6,1258,25.2,115,0,0,0,0,0,0
4043,L04043,L,299.9,310.8,1488,59.6,52,0,0,0,0,0,0
4044,M04044,M,300.2,311.3,2373,46.0,142,0,0,0,0,0,0
4045,H04045,M,300.9,310.1,2354,41.4,164,0,0,0,0,0,0
4046,M04046,L,296.2,310.7,2713,37.7,121,0,0,0,0,0,0
4047,L04047,L,300.3,310.4,1714,38.3,48,0,0,0,0,0,0
4048,M04048,M,300.5,310.0,2610,42.9,32,0,0,0,0,0,0
4049,H04049,L,300.2,309.6,1982,54.0,12,0,0,0,0,0,0
4050,H04050,L,299.6,309.6,2213,33.1,198,0,0,0,0,0,0
4051,M04051,L,293.2,308.7,1371,42.7,191,0,0,0,0,0,0
4052,L04052,L,301.1,311.0,1446,23.8,146,0,0,0,0,0,0
4053,M04053,L,298.1,311.9,2851,48.1,84,0,0,0,0,0,0
4054,L04054,L,301.2,308.6,2202,43.4,55,0,0,0,0,0,1
4055,M04055,L,302.5,311.0,2076,39.0,36,0,0,0,0,0,0
4056,H04056,M,296.6,310.0,2375,18.4,57,0,0,0,0,0,0
4057,L04057,L,301.2,309.4,2144,34.3,8,0,0,0,0,0,0
4058,L04058,M,297.5,310.1,2138,30.6,131,0,0,0,0,0,0
4059,L04059,L,299.9,309.2,1634,30.9,222,0,0,0,0,0,0
4060,H04060,M,299.7,310.2,1279,21.4,70,0,0,0,0,0,0
4061,M04061,L,301.5,309.7,1197,36.3,140,0,0,0,0,0,0
4062,H04062,M,301.2,309.7,1976,58.2,190,0,0,0,0,0,0
4063,L04063,L,300.5,311.2,2589,47.1,103,0,0,0,0,0,0
4064,M04064,M,296.7,308.3,1749,40.5,246,0,0,0,0,0,0
4065,H04065,L,295.0,309.4,1919,45.5,62,0,0,0,0,0,0
4066,L04066,L,301.8,308.0,1720,61.9,60,0,0,0,0,0,0
4067,L04067,H,301.5,310.1,1606,30.0,163,0,0,0,0,0,0
4068,H04068,L,298.0,309.5,2222,32.2,7,0,0,0,0,0,0
4069,H04069,L,300.7,309.3,1877,35.1,89,0,0,0,0,0,0
4070,H04070,H,299.6,310.3,2249,25.8,26,0,0,0,0,0,0
4071,L04071,L,302.2,310.6,2719,43.2,239,0,0,0,0,0,0
4072,H04072,L,300.2,311.2,2421,36.9,153,0,0,0,0,0,0
4073,L04073,H,301.8,312.9,1439,46.2,44,0,0,0,0,0,0
4074,H04074,L,298.8,309.4,1684,48.3,169,0,0,0,0,0,0
4075,L04075,M,300.6,309.3,2704,53.2,13,1,0,0,0,0,0
4076,L04076,L,299.2,310.0,1585,47.2,211,0,0,0,0,0,0
4077,M04077,M,298.8,310.1,1977,36.2,105,0,0,1,0,0,0
4078,H04078,L,295.3,311.7,2556,34.9,236,0,0,0,0,0,0
4079,H04079,H,301.8,310.5,2269,30.1,219,0,0,0,0,0,0
4080,L04080,L,303.5,309.1,1400,40.5,71,0,0,0,0,0,0
4081,L04081,L,297.2,309.0,1390,43.6,119,0,0,0,0,0,0
4082,L04082,M,301.4,310.7,2073,25.1,51,0,0,0,0,0,0
4083,M04083,L,301.3,309.8,1454,51.6,196,0,0,0,0,0,0
4084,M04084,M,299.0,311.4,1706,40.3,180,0,0,0,0,0,0
4085,L04085,M,298.5,310.5,2761,36.2,244,0,0,0,0,0,0
4086,H04086,L,302.4,309.0,2792,29.8,50,0,0,0,0,0,0
4087,H04087,M,302.2,308.8,2167,54.1,204,0,0,0,0,0,0
4088,M04088,L,300.9,310.3,2140,45.1,129,0,0,0,0,0,0
4089,M04089,L,299.0,309.7,2745,48.6,47,0,0,0,0,0,0
4090,L04090,L,302.2,311.1,2613,38.9,205,0,0,0,0,0,0
4091,H04091,M,298.3,310.3,2661,56.2,176,0,0,0,0,0,0
4092,L04092,L,302.8,310.3,2671,48.2,186,0,0,0,0,0,0
4093,M04093,M,303.3,308.8,1281,53.2,66,0,0,0,0,0,0
4094,H04094,L,302.4,309.5,2575,51.6,79,0,0,1,0,0,0
4095,H04095,M,300.7,310.0,2842,33.8,136,0,0,0,0,0,0
4096,M04096,L,294.9,308.1,2156,42.1,102,0,0,1,0,0,0
4097,L04097,M,299.6,310.6,1525,53.3,1,0,0,0,0,0,0
4098,L04098,L,303.5,310.9,2740,44.9,74,0,0,0,0,0,0
4099,H04099,L,301.9,309.5,1836,30.1,215,0,0,0,0,0,0
4100,M04100,L,300.9,311.3,2716,40.9,170,0,0,0,0,0,0
4101,H04101,M,298.6,311.2,1520,48.2,220,0,0,0,0,0,0
4102,M04102,L,302.0,310.5,2585,25.4,13,0,0,0,0,0,0
4103,L04103,M,296.9,309.9,1304,30.3,239,0,0,0,0,0,0
4104,M04104,L,299.7,311.0,1394,25.8,167,1,0,0,0,0,0
4105,L04105,M,303.5,308.5,1691,44.8,182,0,0,0,0,0,0
4106,M04106,L,298.4,310.1,2734,55.6,58,0,0,0,0,0,0
4107,H04107,L,301.2,309.2,1831,19.7,213,0,0,0,0,0,0
4108,L04108,L,296.5,309.3,2248,42.1,46,0,0,0,0,0,0
4109,H04109,L,298.7,310.4,2379,33.6,111,0,0,0,0,0,0
4110,H04110,L,300.4,309.2,2046,57.1,161,0,0,0,0,0,0
4111,L04111,H,300.7,308.5,2601,42.2,126,0,0,0,0,0,0
4112,L04112,H,304.1,312.2,2020,48.6,127,0,0,0,0,0,0
4113,H04113,M,299.0,309.4,2594,53.9,163,0,0,0,0,0,0
4114,H04114,L,301.2,309.2,1822,41.8,32,0,0,0,0,0,0
4115,H04115,L,301.1,311.2,2322,22.0,102,0,0,0,0,0,0
4116,H04116,M,298.8,309.4,1237,38.8,190,0,0,0,0,0,0
4117,L04117,L,301.9,308.7,2679,42.1,234,0,0,0,0,0,0
4118,L04118,H,301.3,309.1,2341,28.3,17,0,0,0,0,0,0
4119,H04119,L,299.5,309.6,2362,21.1,149,0,0,0,0,0,0
4120,M04120,H,300.4,308.9,2287,26.2,216,0,0,0,0,0,0
4121,M04121,L,298.1,309.2,1162,53.3,100,0,0,0,0,0,0
4122,L04122,M,298.2,309.6,2030,28.3,4,0,0,0,0,0,0
4123,H04123,L,300.0,311.0,2143,68.1,31,0,0,0,0,0,0
4124,H04124,M,301.5,312.1,2851,54.3,115,0,0,0,0,0,0
4125,L04125,L,299.3,311.1,2330,49.2,176,0,0,0,0,0,0
4126,M04126,M,298.8,309.8,2354,24.5,163,0,0,0,0,0,0
4127,M04127,M,299.5,308.6,1469,54.1,72,0,0,0,0,0,0
4128,M04128,L,301.7,310.7,1441,35.0,13,0,0,0,0,0,0
4129,L04129,L,297.3,309.0,2789,21.7,63,0,0,0,0,0,0
4130,M04130,L,301.7,309.6,1772,42.6,31,0,0,0,0,0,0
4131,L04131,L,301.0,311.6,1922,44.5,136,0,0,0,0,0,0
4132,L04132,L,297.3,311.7,2833,32.0,214,0,0,0,0,0,0
4133,H04133,L,299.5,310.2,2650,34.0,108,0,0,0,0,0,0
4134,M04134,L,301.3,311.2,2824,38.2,47,0,0,0,0,0,0
4135,L04135,M,296.2,311.2,1989,38.0,51,0,0,0,0,0,0
4136,M04136,M,297.9,310.7,2073,47.5,108,0,0,0,0,0,0
4137,M04137,L,297.0,309.7,2606,37.3,136,0,0,0,0,0,0
4138,H04138,M,298.8,309.4,2342,56.5,212,0,0,0,0,0,0
4139,M04139,M,302.1,310.0,1551,43.2,107,0,0,0,0,0,0
4140,H04140,L,301.6,308.7,1307,23.4,31,0,0,0,0,0,0
4141,L04141,L,299.0,309.5,1533,51.5,107,0,0,0,0,0,0
4142,M04142,L,302.1,310.6,1547,31.6,137,0,0,0,0,0,0
4143,L04143,M,301.3,309.4,1205,51.4,92,0,0,0,0,0,0
4144,M04144,M,302.6,311.5,2246,43.4,225,0,0,0,0,0,0
4145,L04145,L,299.8,310.2,2119,31.8,248,0,0,0,0,0,0
4146,M04146,M,301.1,310.8,1909,35.8,213,0,0,0,0,0,0
4147,M04147,L,306.7,309.8,1622,44.6,68,0,0,0,0,0,0
4148,M04148,L,299.4,310.6,2353,42.7,10,0,0,0,0,0,0
4149,M04149,M,299.9,308.9,2776,49.5,185,0,0,0,0,0,0
4150,M04150,M,299.7,310.4,1343,44.3,27,0,0,0,0,0,0
4151,M04151,L,299.8,310.5,1946,40.0,87,0,0,0,0,0,0
4152,M04152,L,301.1,311.3,2557,41.0,161,0,0,0,0,0,0
4153,M04153,H,300.1,308.0,1909,38.1,180,0,0,0,0,0,0
4154,M04154,L,297.3,309.3,2402,45.3,105,0,0,0,0,0,0
4155,L04155,M,300.0,308.2,1944,44.2,39,0,0,0,0,0,0
4156,H04156,L,298.9,309.2,1985,42.6,191,0,0,0,0,0,0
4157,M04157,L,296.5,309.9,1824,63.0,115,0,0,0,0,0,0
4158,H04158,L,302.3,310.6,2776,43.8,137,0,0,0,0,0,0
4159,M04159,L,298.9,312.2,1415,52.3,25,0,0,0,0,0,0
4160,M04160,M,300.8,311.4,2812,33.5,42,0,0,0,0,0,0
4161,L04161,L,293.7,309.5,1943,40.1,232,0,0,0,0,0,0
4162,L04162,L,301.0,310.7,2244,18.6,198,0,0,0,0,0,0
4163,H04163,L,299.4,311.2,1240,40.9,171,0,0,0,0,0,0
4164,L04164,L,296.9,309.9,2779,33.9,70,0,0,0,0,0,0
4165,L04165,H,298.9,309.9,2249,32.9,111,0,0,0,0,0,0
4166,H04166,M,298.6,309.8,2789,42.1,184,0,0,0,0,0,0
4167,L04167,L,301.5,310.5,1594,36.0,114,0,0,0,0,0,0
4168,M04168,M,300.2,310.4,2370,24.6,175,0,0,0,0,0,0
4169,H04169,M,297.0,310.1,2357,38.0,78,0,0,0,0,0,0
4170,H04170,M,300.9,311.7,1226,75.5,61,0,0,0,0,0,0
4171,M04171,L,295.9,311.0,2621,44.2,109,0,0,0,0,0,0
4172,L04172,L,297.7,308.4,2470,42.8,236,0,0,0,0,0,0
4173,H04173,L,300.0,308.2,2561,28.7,188,1,0,0,0,0,0
4174,H04174,M,298.8,310.4,1471,27.6,194,0,0,0,0,0,0
4175,M04175,M,302.4,309.9,1570,30.6,44,0,0,0,0,0,0
4176,M04176,L,300.3,308.3,1695,42.8,188,0,0,0,0,0,0
4177,L04177,L,301.3,308.1,2807,27.8,217,0,0,0,0,0,0
4178,H04178,L,301.3,309.8,2479,54.3,198,0,0,0,0,0,0
4179,L04179,L,299.1,310.3,1495,28.4,129,0,0,0,0,0,0
4180,L04180,H,297.9,310.3,1864,48.1,201,0,0,0,0,0,0
4181,M04181,L,299.9,309.4,2814,42.7,93,0,0,0,0,0,0
4182,H04182,L,301.7,309.4,1874,55.0,46,0,0,0,0,0,0
4183,H04183,H,299.5,309.5,1799,29.1,66,0,0,0,0,0,0
4184,H04184,L,301.2,310.5,2434,70.7,229,0,0,0,0,0,0
4185,M04185,M,299.9,308.5,2519,41.9,28,0,0,0,1,0,0
4186,M04186,L,296.9,310.0,2857,52.0,190,0,0,0,0,0,0
4187,M04187,L,297.1,311.0,1808,43.9,24,0,0,0,0,0,0
4188,M04188,L,303.1,309.6,1298,29.4,109,0,0,0,0,0,0
4189,M04189,M,297.7,310.2,1567,32.3,3,0,0,0,0,0,0
4190,H04190,L,298.7,310.4,2202,40.3,174,0,0,0,0,0,0
4191,L04191,L,301.8,309.3,2787,32.3,68,0,0,0,0,0,0
4192,H04192,M,297.6,309.9,2636,41.5,62,0,0,0,0,0,0
4193,L04193,L,298.6,308.7,1915,48.8,5,0,0,0,0,0,0
4194,M04194,L,299.6,310.5,2734,52.8,82,0,0,0,0,0,0
4195,L04195,L,299.3,310.2,2362,56.7,17,0,0,0,0,0,0
4196,H04196,L,298.1,311.2,1214,39.5,115,0,0,0,0,0,0
4197,H04197,M,299.6,310.9,2632,35.8,101,0,0,0,0,0,0
4198,L04198,M,301.4,311.2,1825,22.7,35,0,0,0,0,0,0
4199,M04199,H,299.8,311.2,1373,16.4,75,0,0,0,0,0,0
4200,M04200,M,298.7,309.3,1625,39.0,87,0,0,0,0,0,0
4201,H04201,L,301.9,310.5,1475,52.5,184,0,0,0,0,0,0
4202,L04202,M,303.4,310.7,2692,41.2,157,0,0,0,0,0,0
4203,M04203,L,301.9,309.4,2746,44.2,247,0,0,0,0,0,0
4204,M04204,L,297.8,311.2,2365,29.8,141,0,0,0,0,0,0
4205,H04205,L,297.8,309.9,1237,35.5,38,0,0,0,0,0,0
4206,M04206,L,300.9,310.6,2631,51.7,129,0,0,0,0,0,0
4207,L04207,M,300.3,311.1,1307,44.4,121,0,0,0,0,0,0
4208,H04208,L,297.6,310.4,2446,35.4,33,0,0,0,0,0,0
4209,H04209,L,300.6,311.8,2089,46.7,57,0,0,0,0,0,0
4210,L04210,L,300.2,312.4,2505,41.2,116,0,0,0,0,0,0
4211,H04211,L,303.0,310.0,1431,50.8,211,0,0,0,0,0,0
4212,M04212,L,299.1,311.0,1806,44.9,99,0,0,0,0,0,0
4213,M04213,M,302.8,312.4,1312,36.7,115,0,0,0,0,0,0
4214,L04214,L,302.9,309.4,2347,37.8,214,0,0,0,0,0,0
4215,M04215,M,298.7,307.2,2281,26.3,162,0,0,0,0,0,0
4216,L04216,L,300.7,311.0,2050,23.8,33,0,0,1,0,0,0
4217,L04217,L,299.6,309.6,2474,35.6,212,0,0,0,0,0,0
4218,M04218,M,299.5,308.8,1480,53.5,124,0,0,0,0,0,0
4219,L04219,M,300.5,309.3,1293,44.3,101,0,0,0,0,0,0
4220,M04220,L,298.4,308.4,2231,37.1,237,0,0,0,0,0,0
4221,H04221,M,296.8,311.7,2471,46.6,135,0,0,0,0,0,0
4222,H04222,H,298.9,311.5,2361,51.2,42,0,0,0,0,0,0
4223,L04223,H,302.4,309.8,1589,33.9,62,0,0,0,0,0,0
4224,M04224,M,299.6,309.9,1637,34.0,114,0,0,0,0,0,0
4225,M04225,M,300.0,310.2,2563,71.9,189,0,0,0,0,0,0
4226,H04226,L,301.6,311.7,2193,31.1,93,0,0,0,0,0,0
4227,H04227,M,296.8,308.9,2385,34.5,110,0,0,0,0,0,0
4228,M04228,L,300.9,309.8,1685,36.4,19,0,0,0,0,0,0
4229,L04229,H,303.3,311.2,2776,30.0,179,0,0,0,0,0,0
4230,H04230,L,300.2,309.7,2112,20.7,83,0,0,0,0,0,0
4231,L04231,L,296.2,309.2,1877,40.9,214,0,0,0,0,0,0
4232,L04232,L,299.8,310.2,2737,33.7,83,1,0,0,0,0,0
4233,H04233,L,301.2,308.2,1799,44.4,45,0,0,0,0,0,0
4234,L04234,L,300.2,310.4,1814,31.6,86,0,0,0,0,0,0
4235,L04235,L,300.5,309.7,2393,52.6,131,0,0,0,0,0,0
4236,M04236,M,300.8,310.6,2127,39.5,61,0,0,0,0,0,0
4237,L04237,M,298.1,309.3,2023,31.6,126,0,0,0,0,0,0
4238,M04238,L,298.4,310.5,1322,33.2,137,0,0,0,0,0,0
4239,H04239,M,299.3,310.2,2123,37.5,167,0,0,0,0,0,0
4240,H04240,L,300.8,308.8,1150,53.7,132,0,0,0,0,0,0
4241,M04241,L,297.6,309.1,2641,34.2,95,0,0,0,0,0,0
4242,H04242,M,304.1,311.2,2198,23.9,145,0,0,0,0,0,0
4243,L04243,M,295.2,311.0,2377,57.4,60,0,0,0,0,0,0
4244,L04244,L,296.6,308.3,2029,22.0,184,0,0,0,0,0,0
4245,L04245,L,301.1,309.6,2374,63.5,62,0,0,0,0,0,0
4246,H04246,L,300.9,310.3,2087,21.6,88,0,0,0,0,0,0
4247,L04247,L,299.9,310.5,2364,36.1,208,0,0,0,0,0,0
4248,H04248,L,301.4,310.3,2022,35.6,4,0,0,0,0,0,0
4249,L04249,H,301.1,310.4,1558,48.8,98,0,0,0,0,0,0
4250,M04250,M,300.0,309.6,2651,47.0,233,0,0,0,0,0,0
4251,H04251,M,300.5,310.2,2477,59.5,20,0,0,0,0,0,0
4252,H04252,L,293.7,309.0,1893,24.8,99,0,0,0,0,0,0
4253,L04253,M,299.7,309.6,1727,22.7,18,0,0,0,0,0,0
4254,H04254,L,299.9,307.9,2709,50.5,150,0,0,0,0,0,0
4255,H04255,L,303.8,308.9,1231,62.7,68,0,0,0,0,0,0
4256,M04256,L,298.3,309.1,1752,52.2,160,0,0,0,0,0,0
4257,M04257,M,299.9,309.2,2857,47.4,131,0,0,0,0,0,0
4258,L04258,H,302.8,310.7,1696,51.9,224,0,0,0,0,0,0
4259,M04259,L,301.1,308.4,2719,26.5,238,0,0,0,0,0,0
4260,L04260,L,300.1,309.4,2435,37.7,34,0,0,0,0,0,0
4261,L04261,L,301.9,310.6,1326,40.3,58,0,0,0,0,0,0
4262,L04262,M,298.4,308.7,1805,39.0,41,0,0,0,0,0,0
4263,H04263,L,303.5,311.3,2388,45.3,126,0,0,0,0,1,0
4264,M04264,L,301.3,310.2,2137,39.7,217,0,0,0,0,0,0
4265,L04265,M,296.7,310.7,1290,35.6,100,1,0,0,0,0,0
4266,M04266,L,298.8,309.1,1417,28.5,85,0,0,0,0,0,0
4267,L04267,L,295.7,309.2,1288,38.6,202,0,0,0,0,0,0
4268,M04268,L,301.6,309.9,2220,27.0,48,0,0,0,0,0,0
4269,M04269,M,301.1,310.8,2233,39.1,217,0,0,0,0,0,0
4270,L04270,L,299.1,310.8,1710,43.3,40,0,0,0,0,0,0
4271,H04271,H,302.4,310.4,2737,33.4,76,0,0,0,0,0,0
4272,M04272,M,299.8,309.8,2234,47.5,205,1,0,0,0,0,0
4273,H04273,L,305.2,309.2,2268,50.3,104,0,0,0,0,0,0
4274,H04274,L,297.6,311.1,2805,35.0,48,0,0,0,0,0,0
4275,L04275,L,301.3,309.6,2648,36.2,70,0,0,0,0,0,0
4276,L04276,L,299.2,308.5,1880,47.3,207,0,0,0,0,0,0
4277,L04277,H,298.6,309.0,1189,29.9,83,0,0,0,0,0,0
4278,M04278,M,299.7,309.3,2519,28.9,236,0,0,0,0,0,0
4279,L04279,L,300.7,309.7,2500,36.5,173,0,0,0,0,0,0
4280,L04280,L,300.1,309.9,1586,39.8,63,0,0,0,0,0,0
4281,M04281,L,301.4,308.6,1555,34.5,177,0,0,0,0,0,0
4282,M04282,L,301.2,309.5,1893,45.7,170,0,0,0,0,0,0
4283,L04283,L,302.9,309.6,2384,26.4,154,0,0,0,0,0,0
4284,L04284,L,297.6,309.8,1187,44.5,33,0,0,0,0,0,0
4285,L04285,H,296.9,309.2,1617,34.6,213,0,0,0,0,0,0
4286,L04286,L,299.9,312.5,1466,55.9,190,0,0,0,0,0,0
4287,H04287,L,298.4,309.6,2384,49.1,101,0,0,1,0,0,0
4288,H04288,M,301.7,309.4,2256,41.3,100,0,0,1,0,0,0
4289,L04289,L,297.9,308.9,2529,39.6,194,0,0,0,0,0,0
4290,H04290,L,298.9,310.8,1779,34.8,154,0,0,0,0,0,0
4291,M04291,L,299.3,308.1,1964,13.3,6,0,0,1,0,0,0
4292,H04292,L,303.5,308.2,1688,41.1,226,0,0,0,0,0,0
4293,H04293,H,304.2,310.0,1358,51.4,236,0,0,0,0,0,0
4294,L04294,H,297.7,310.5,2810,30.6,122,0,0,0,0,0,0
4295,H04295,H,295.6,309.9,2449,31.8,22,0,0,0,0,0,0
4296,H04296,M,298.9,312.0,1641,41.0,193,0,0,0,0,0,0
4297,H04297,L,299.9,309.5,1447,27.3,126,0,0,0,0,0,0
4298,H04298,H,299.9,309.7,1733,32.7,215,0,0,1,0,0,0
4299,M04299,H,299.8,310.0,1207,35.6,129,0,0,0,0,0,0
4300,L04300,L,301.6,310.0,2469,41.2,241,0,0,0,0,0,0
4301,L04301,L,299.2,309.9,2632,60.6,163,0,0,0,0,0,0
4302,M04302,L,300.4,309.8,2804,39.5,57,0,0,0,0,0,0
4303,H04303,L,301.3,308.7,1545,43.8,208,0,0,0,0,0,0
4304,M04304,L,300.4,310.7,2547,39.2,10,0,0,0,0,0,0
4305,H04305,H,301.4,311.0,2235,43.0,6,0,0,0,0,1,0
4306,M04306,H,296.6,309.5,2619,41.5,65,0,0,0,0,0,0
4307,L04307,L,300.2,310.0,1236,49.7,206,0,0,0,0,0,0
4308,L04308,L,300.5,311.6,1760,56.9,109,0,0,0,0,0,0
4309,L04309,M,299.7,309.2,2572,38.5,30,0,0,0,0,0,0
4310,H04310,M,298.8,310.2,2297,36.4,45,0,0,0,0,0,0
4311,H04311,L,300.9,310.1,2692,63.7,69,0,0,0,0,0,0
4312,M04312,M,300.2,311.6,1795,57.0,228,0,0,0,0,0,0
4313,M04313,M,299.9,311.9,1432,43.5,237,0,0,0,0,0,0
4314,L04314,H,299.3,310.8,1663,52.6,52,0,0,0,0,0,0
4315,H04315,L,299.4,313.5,2051,56.3,92,0,0,0,0,0,0
4316,M04316,L,298.5,310.0,1978,37.8,67,0,0,0,0,0,0
4317,H04317,H,299.0,305.5,2845,49.8,45,0,0,0,0,0,0
4318,H04318,L,298.1,309.5,1306,41.8,36,1,0,0,0,0,0
4319,L04319,M,299.2,309.5,1375,42.1,75,0,0,0,0,0,0
4320,L04320,L,300.7,311.6,1982,48.2,154,0,0,0,0,0,0
4321,H04321,L,301.6,309.8,2828,57.7,24,0,0,0,0,0,0
4322,H04322,L,299.9,311.3,2567,45.7,236,0,0,0,0,0,0
4323,H04323,L,299.8,310.8,1415,49.5,11,0,0,0,0,0,0
4324,H04324,H,300.3,310.3,2439,49.4,187,0,0,0,0,0,0
4325,L04325,L,302.0,310.4,2722,53.4,16,0,0,0,0,0,0
4326,M04326,M,299.6,310.3,2461,46.2,177,0,0,0,0,0,0
4327,L04327,M,300.9,311.1,2465,42.7,203,0,0,0,0,0,0
4328,M04328,L,300.7,309.7,2493,37.0,127,0,0,0,0,0,0
4329,H04329,M,298.8,309.6,1622,47.0,94,0,0,0,0,0,0
4330,M04330,L,301.4,310.4,1548,36.6,118,0,0,0,0,0,0
4331,L04331,M,295.9,310.2,2246,41.4,8,0,0,0,0,0,0
4332,L04332,L,302.1,309.8,1677,30.1,210,0,0,0,0,0,0
4333,H04333,L,297.6,312.2,2256,61.6,117,0,0,0,0,0,0
4334,L04334,L,299.7,310.7,1323,29.5,28,0,0,0,0,0,0
4335,H04335,M,301.7,309.4,2039,46.1,116,0,0,1,0,0,0
4336,L04336,H,299.1,310.6,2601,32.7,127,0,0,0,0,0,0
4337,L04337,L,300.5,309.1,2761,26.7,152,0,0,0,0,0,0
4338,H04338,L,301.7,308.9,1440,45.3,142,0,0,0,0,0,0
4339,M04339,L,303.7,310.8,1530,55.5,136,0,0,0,0,0,0
4340,L04340,M,300.0,309.1,1712,32.8,140,0,0,0,0,0,0
4341,M04341,L,300.4,310.0,2536,46.4,46,0,0,0,0,0,0
4342,L04342,M,300.1,309.0,1335,58.6,171,0,0,0,0,0,0
4343,L04343,L,299.6,309.7,2178,63.5,233,0,0,0,0,0,0
4344,L04344,L,297.3,309.6,2435,37.8,130,0,0,0,0,0,0
4345,L04345,M,297.8,309.9,1328,40.2,121,0,0,0,0,0,0
4346,M04346,M,300.0,312.3,2315,41.8,201,0,0,0,0,0,0
4347,M04347,M,300.7,311.3,2441,47.9,145,0,0,0,0,0,0
4348,L04348,L,302.5,309.9,1775,38.9,137,0,0,0,0,0,0
4349,L04349,M,299.6,309.8,1619,47.2,163,0,0,0,0,0,0
4350,M04350,L,303.1,309.3,2154,40.1,123,0,0,0,0,0,0
4351,H04351,H,297.6,309.0,2150,33.1,219,0,0,0,0,0,0
4352,H04352,L,300.4,309.9,2241,45.2,184,1,0,0,0,0,0
4353,M04353,L,299.5,311.3,1256,34.9,2,0,0,0,0,0,0
4354,L04354,L,297.4,306.8,1720,30.8,147,0,0,0,0,0,0
4355,L04355,L,296.6,311.0,2610,40.7,145,0,0,0,0,0,0
4356,H04356,L,299.1,311.1,2204,32.5,176,0,0,0,0,0,0
4357,H04357,M,299.3,307.9,2720,37.1,164,0,0,0,0,0,0
4358,M04358,M,298.2,310.0,1670,50.4,19,0,1,0,0,0,0
4359,H04359,H,301.5,309.6,2794,34.7,73,0,0,0,0,0,0
4360,M04360,L,299.2,309.8,1804,28.6,225,0,0,0,0,0,0
4361,H04361,L,298.0,310.2,1191,46.5,191,0,0,0,0,0,0
4362,H04362,M,299.5,310.3,2360,51.6,21,0,0,0,0,0,0
4363,H04363,L,298.7,308.6,1746,36.3,148,0,0,0,0,0,0
4364,L04364,L,303.3,311.6,2013,54.1,224,0,0,0,0,0,0
4365,L04365,M,299.4,309.5,1997,46.4,79,0,0,0,0,0,0
4366,L04366,L,298.2,312.6,2474,55.1,233,0,1,0,0,0,0
4367,H04367,L,303.3,309.1,1410,31.1,162,0,0,0,0,0,0
4368,M04368,M,301.5,308.9,2663,22.6,99,0,0,0,0,0,0
4369,M04369,L,300.2,310.3,1820,45.9,128,0,0,0,0,0,0
4370,M04370,M,298.4,310.9,2838,40.5,123,0,0,0,0,0,0
4371,M04371,L,301.5,311.3,1845,42.9,139,0,0,0,0,0,0
4372,L04372,M,297.1,309.0,2430,44.8,12,0,0,0,0,0,0
4373,L04373,L,301.4,309.7,1978,56.1,7,0,0,0,0,0,0
4374,H04374,M,300.5,311.9,2240,34.0,114,0,0,0,0,0,0
4375,H04375,L,302.0,309.6,1369,57.5,158,0,0,0,0,0,0
4376,M04376,M,295.3,310.9,2496,35.4,4,0,0,0,0,0,0
4377,L04377,L,298.2,308.1,2013,45.4,127,0,0,0,0,0,0
4378,M04378,L,298.0,308.4,2779,44.4,171,0,0,0,0,0,0
4379,H04379,M,297.8,311.0,2232,32.6,50,0,0,0,0,0,0
4380,H04380,L,300.9,309.9,2351,45.0,99,0,0,0,0,0,0
4381,M04381,L,299.4,310.8,1610,30.5,238,0,0,0,0,1,0
4382,H04382,L,298.3,309.4,1439,20.8,152,0,0,0,0,0,0
4383,M04383,L,297.8,308.3,2285,50.1,172,0,0,0,0,0,0
4384,L04384,L,298.1,310.1,2497,50.6,12,0,0,0,0,0,0
4385,M04385,L,301.7,308.6,1331,25.9,162,0,0,0,0,0,0
4386,L04386,L,299.9,310.1,1615,37.7,31,0,0,0,0,0,0
4387,L04387,M,301.7,309.0,1373,29.1,199,0,0,0,0,0,0
4388,H04388,L,305.3,310.7,1547,46.5,149,0,0,0,0,0,0
4389,H04389,L,300.0,309.7,2333,51.3,133,0,0,0,0,0,0
4390,H04390,H,297.2,309.7,1603,31.4,48,0,0,0,0,0,0
4391,M04391,M,299.7,310.3,1512,18.3,10,0,0,0,0,0,0
4392,M04392,L,303.8,310.9,1925,45.1,70,0,0,0,0,0,0
4393,H04393,L,302.2,310.2,1824,46.1,142,0,0,0,0,0,0
4394,M04394,H,298.7,311.8,1152,31.4,67,0,0,0,0,0,0
4395,H04395,L,299.4,311.7,1742,35.1,167,0,0,0,0,0,0
4396,M04396,L,301.6,309.3,1840,32.3,248,0,0,0,0,0,0
4397,L04397,L,301.0,308.9,2533,40.2,161,0,0,0,0,0,0
4398,L04398,M,301.6,308.8,1998,48.4,247,0,0,0,0,0,0
4399,H04399,L,299.5,311.8,2488,44.2,106,0,0,0,0,0,0
4400,M04400,M,300.8,308.8,1755,45.5,103,0,0,0,0,0,0
4401,M04401,M,299.4,309.6,1878,27.2,213,0,0,0,0,0,0
4402,L04402,L,302.8,310.0,1171,34.4,157,0,0,0,0,0,0
4403,L04403,M,296.9,311.8,1570,51.8,18,0,0,0,0,0,0
4404,H04404,L,297.0,308.7,2299,28.0,100,0,0,0,0,0,0
4405,L04405,L,298.6,311.1,2578,31.7,113,1,0,0,0,0,0
4406,H04406,L,298.6,310.0,2828,46.3,189,0,0,0,0,0,0
4407,L04407,L,296.9,309.9,1417,21.8,61,0,0,0,0,0,0
4408,L04408,L,296.6,310.0,1764,30.0,165,0,0,0,0,0,0
4409,M04409,L,302.1,309.3,1717,47.9,29,0,0,0,0,0,0
4410,L04410,L,299.7,309.6,1888,24.7,31,0,0,0,0,0,0
4411,L04411,L,299.5,309.3,2279,32.4,82,0,0,0,0,0,0
4412,H04412,L,300.1,308.7,1805,46.1,115,0,0,0,0,0,0
4413,L04413,M,303.2,308.8,1694,28.9,152,0,0,0,0,0,0
4414,H04414,L,300.2,311.2,2802,48.6,249,0,0,0,0,0,0
4415,L04415,M,299.8,309.6,1320,42.8,100,0,0,0,0,0,0
4416,L04416,L,298.7,310.7,1454,37.4,108,0,0,0,0,0,0
4417,H04417,L,301.2,309.8,1483,21.0,86,0,0,0,0,0,0
4418,M04418,L,299.9,309.8,2191,40.2,11,0,0,0,0,0,0
4419,H04419,L,303.3,309.9,1549,24.3,8,0,0,0,0,0,0
4420,H04420,L,299.7,310.7,2341,22.8,124,0,0,0,0,0,0
4421,H04421,L,302.0,309.3,2112,44.0,164,0,0,0,0,0,0
4422,M04422,H,298.6,309.8,2024,42.8,16,0,0,0,0,0,0
4423,L04423,H,298.6,310.9,2107,19.9,241,0,0,0,0,0,0
4424,H04424,L,296.3,311.1,2007,37.2,162,0,0,0,0,0,0
4425,H04425,M,301.6,311.5,1484,44.7,242,0,0,0,0,0,0
4426,M04426,L,299.9,309.0,2328,42.6,238,0,0,0,0,0,0
4427,H04427,L,301.3,309.4,1901,42.0,112,0,0,0,0,0,0
4428,L04428,M,303.4,309.8,1779,37.4,104,0,0,0,0,0,0
4429,M04429,L,298.3,308.7,1525,50.7,221,0,0,0,0,0,0
4430,L04430,L,298.0,310.9,1230,41.7,120,0,0,0,0,0,0
4431,L04431,L,298.4,310.3,2059,51.3,59,0,0,0,0,0,0
4432,M04432,L,295.8,309.8,1599,40.4,3,1,0,0,0,0,0
4433,H04433,L,299.6,311.0,2172,28.6,168,0,0,0,0,0,0
4434,L04434,L,301.8,309.2,2072,41.7,195,0,0,0,0,0,0
4435,L04435,L,300.1,311.1,2483,26.6,215,0,0,0,0,0,0
4436,L04436,L,296.9,311.7,1829,44.3,130,0,0,0,0,0,0
4437,L04437,M,299.3,310.3,1834,59.0,136,0,0,0,0,0,0
4438,M04438,L,300.3,310.0,2528,40.6,10,0,0,0,0,0,0
4439,M04439,M,301.9,310.2,2497,39.0,223,0,0,0,0,0,0
4440,L04440,M,301.6,308.6,1879,49.0,234,0,0,0,0,0,0
4441,H04441,M,299.3,309.8,2401,42.6,243,0,0,0,0,0,0
4442,L04442,M,299.3,312.1,2113,63.8,60,0,0,0,0,0,0
4443,H04443,L,301.2,312.1,1340,39.6,231,0,0,0,0,0,0
4444,L04444,L,298.8,310.1,2122,43.2,92,0,0,0,0,0,0
4445,H04445,L,301.7,309.5,2163,50.4,225,0,0,0,0,0,0
4446,L04446,H,298.7,311.0,1829,25.4,111,0,0,0,0,0,0
4447,H04447,L,303.1,310.0,2470,47.1,246,0,0,0,0,0,0
4448,L04448,L,300.5,310.9,1338,35.6,97,0,0,0,0,0,0
4449,L04449,L,296.1,309.3,2366,37.0,20,0,0,0,0,0,0
4450,H04450,H,301.3,310.3,1662,47.7,24,0,0,0,0,0,0
4451,M04451,L,300.5,309.6,2182,33.1,212,0,0,0,0,0,0
4452,H04452,L,301.0,310.0,1736,37.6,61,0,0,0,0,0,0
4453,M04453,L,304.5,309.4,1997,38.5,83,0,0,0,0,0,0
4454,L04454,H,299.5,309.9,2010,39.2,23,0,0,0,0,0,0
4455,H04455,L,296.9,310.3,2145,33.1,196,0,0,0,0,0,0
4456,H04456,L,302.5,310.7,1292,45.6,168,0,0,0,0,0,0
4457,H04457,M,296.4,309.8,1636,28.1,184,0,0,0,0,0,0
4458,M04458,L,298.5,311.5,1343,21.2,65,0,0,0,0,0,0
4459,M04459,M,300.1,308.7,1671,37.0,249,0,0,0,0,0,0
4460,L04460,L,298.2,308.5,2606,45.3,8,0,0,0,0,0,0
4461,M04461,L,299.9,309.4,2312,45.6,234,0,0,0,0,0,0
4462,M04462,M,299.7,310.0,2203,43.1,135,1,0,0,0,0,0
4463,L04463,H,303.1,311.6,2452,36.6,125,1,0,0,0,0,0
4464,H04464,L,295.2,309.8,1939,44.0,95,0,0,0,0,0,0
4465,H04465,L,300.2,309.1,2215,38.6,57,0,0,0,0,0,0
4466,L04466,M,298.2,309.4,2401,39.3,70,0,0,0,0,0,0
4467,H04467,L,298.9,310.1,2653,14.7,37,0,0,0,0,0,0
4468,M04468,H,301.4,308.9,1566,35.5,147,0,0,1,0,0,0
4469,L04469,H,301.0,311.9,2374,20.3,46,0,0,0,0,0,0
4470,L04470,L,300.7,307.7,2494,61.2,78,0,0,0,0,0,0
4471,L04471,H,297.5,309.2,1839,48.6,230,0,0,0,0,0,0
4472,H04472,L,302.4,309.4,1517,52.0,27,0,0,0,0,0,0
4473,L04473,M,298.2,309.0,1747,34.9,222,0,0,0,0,0,0
4474,L04474,L,302.8,310.7,1709,39.2,187,0,0,0,0,0,0
4475,L04475,M,298.7,309.3,1954,27.0,21,0,0,0,0,0,0
4476,H04476,M,302.1,310.6,1867,28.5,231,0,0,0,0,0,0
4477,M04477,M,300.2,311.6,2008,37.4,112,0,0,0,0,0,0
4478,L04478,H,296.7,311.2,2499,34.5,178,0,0,0,0,0,0
4479,M04479,L,299.3,310.2,1972,44.5,23,0,0,0,0,0,0
4480,H04480,L,303.4,310.0,1459,44.0,225,0,0,0,0,0,0
4481,H04481,M,301.6,310.9,1852,36.0,72,0,0,0,0,0,0
4482,H04482,M,299.1,309.7,2534,48.3,60,0,0,0,0,0,0
4483,H04483,H,302.6,309.5,1677,28.4,1,0,0,0,0,0,0
4484,M04484,H,300.6,309.0,1789,27.4,108,0,0,0,0,0,0
4485,L04485,L,303.3,310.3,2476,45.1,88,0,0,0,0,0,0
4486,H04486,L,299.8,308.9,1846,45.4,203,0,0,0,0,0,0
4487,H04487,L,299.4,309.3,2815,48.5,182,0,0,0,0,0,0
4488,M04488,M,302.0,312.1,2850,25.6,3,0,0,0,0,0,0
4489,M04489,L,300.5,310.7,1754,31.7,242,0,0,0,0,0,0
4490,H04490,M,301.1,310.4,2452,43.0,231,0,0,0,0,0,0
4491,L04491,L,298.3,309.3,1802,43.2,57,0,0,0,0,0,0
4492,L04492,L,302.3,310.8,2800,58.9,126,0,0,0,0,0,0
4493,H04493,L,302.0,309.0,1470,29.8,12,0,0,0,0,0,0
4494,M04494,L,302.7,308.5,2650,61.4,220,0,0,0,0,0,0
4495,H04495,M,297.3,309.4,1453,45.2,223,0,0,0,0,0,0
4496,H04496,L,297.7,308.8,1668,51.7,154,0,0,0,0,0,0
4497,M04497,L,298.5,310.5,2076,46.1,29,0,0,0,0,0,0
4498,H04498,L,299.5,310.4,2090,32.6,109,0,0,0,0,0,0
4499,H04499,M,297.3,310.2,2229,34.4,102,0,0,0,0,0,0
4500,H04500,M,301.3,310.6,1341,40.0,121,0,0,0,0,0,0
4501,M04501,L,299.1,310.5,1171,24.8,61,0,0,0,0,0,0
4502,L04502,M,302.5,309.3,1980,23.7,192,0,0,0,0,0,0
4503,L04503,L,304.2,310.5,1229,33.8,10,0,0,0,0,0,0
4504,M04504,L,298.8,310.3,2457,47.0,86,0,0,0,0,0,0
4505,L04505,M,298.5,309.4,1577,33.4,176,0,0,0,0,0,0
4506,H04506,L,301.5,309.6,1252,39.3,16,0,0,0,0,0,0
4507,L04507,M,300.2,310.9,1878,38.5,142,0,0,0,0,0,0
4508,H04508,L,300.7,308.7,1291,50.1,154,0,0,0,0,0,0
4509,L04509,H,302.7,310.3,2159,44.2,116,0,0,0,0,0,0
4510,M04510,L,299.5,309.9,2770,48.5,137,0,0,0,0,0,0
4511,L04511,L,297.9,310.0,1552,51.7,207,0,0,0,0,0,0
4512,L04512,H,297.5,309.7,2105,30.1,228,0,0,0,0,0,0
4513,L04513,L,299.6,310.4,2762,19.2,155,0,0,0,0,0,0
4514,M04514,L,299.3,308.4,1919,35.9,129,0,0,0,0,0,0
4515,L04515,L,301.7,310.3,1968,51.3,230,0,0,0,0,0,0
4516,M04516,L,302.8,309.0,1889,46.9,34,0,0,0,0,0,0
4517,H04517,L,302.8,311.0,2763,36.2,142,0,0,0,0,0,0
4518,L04518,L,298.6,308.7,1311,59.2,186,0,0,0,0,0,0
4519,M04519,M,298.4,307.6,1743,47.8,202,0,0,0,0,0,0
4520,M04520,L,296.4,308.3,1365,34.0,160,1,0,0,0,0,0
4521,L04521,M,300.0,309.9,2651,51.7,54,0,0,0,0,0,0
4522,H04522,L,301.8,308.4,1712,24.2,207,0,0,0,0,0,0
4523,M04523,L,298.6,308.7,2064,43.3,74,0,0,0,0,0,0
4524,L04524,L,297.0,309.3,2849,34.7,211,0,0,0,0,0,0
4525,H04525,L,303.8,310.5,1400,39.3,51,0,0,0,0,0,0
4526,M04526,L,298.6,309.2,1874,46.1,18,0,0,0,0,0,0
4527,M04527,L,299.8,309.8,2583,49.3,166,0,0,0,0,0,0
4528,H04528,L,299.1,309.8,1824,41.1,241,0,0,0,0,0,0
4529,H04529,L,297.3,308.6,2492,37.8,214,0,0,0,0,0,0
4530,L04530,L,301.8,310.4,1537,22.8,187,0,0,0,0,0,0
4531,L04531,L,296.5,312.3,1234,24.4,9,0,0,0,0,0,0
4532,M04532,M,302.2,308.3,1664,14.3,199,0,0,0,0,0,0
4533,H04533,L,300.5,309.1,1154,41.7,65,0,0,0,0,0,0
4534,H04534,L,299.5,308.7,1384,49.2,183,0,0,0,0,0,0
4535,H04535,L,299.5,309.8,2586,16.1,6,0,0,0,0,1,0
4536,M04536,L,300.9,308.5,1524,50.5,89,0,0,0,0,0,0
4537,H04537,L,298.7,311.3,1424,53.9,167,0,0,0,0,0,0
4538,H04538,H,300.4,311.4,2544,41.8,146,0,0,0,0,0,0
4539,M04539,M,298.2,310.7,2062,55.4,197,0,0,0,1,0,0
4540,L04540,M,295.7,310.9,2705,39.6,224,0,0,0,0,0,0
4541,L04541,M,301.2,310.1,2073,27.4,118,0,0,0,0,1,0
4542,M04542,L,304.9,311.1,1990,36.7,127,0,0,0,0,0,0
4543,H04543,L,301.1,309.7,2567,56.0,10,0,0,0,0,0,0
4544,M04544,M,299.9,309.5,1810,33.9,51,0,0,0,0,0,0
4545,L04545,L,299.2,310.7,1777,44.2,99,0,0,0,0,0,0
4546,L04546,L,299.3,309.6,1153,45.4,139,0,0,0,0,0,0
4547,M04547,M,299.2,312.1,1683,51.8,219,0,0,0,0,0,0
4548,M04548,M,300.4,311.1,2697,21.4,189,0,0,0,0,0,0
4549,L04549,L,295.2,309.4,1555,53.9,72,0,0,0,0,0,0
4550,M04550,L,294.9,309.8,2586,30.5,150,0,0,0,0,0,0
4551,L04551,M,300.9,309.9,2362,55.2,39,0,0,0,0,0,0
4552,M04552,M,299.6,309.2,1466,36.4,197,0,0,0,0,0,0
4553,M04553,M,298.0,310.9,1688,36.4,49,0,0,0,0,0,0
4554,M04554,H,298.0,309.1,2604,47.7,63,0,0,0,0,0,0
4555,L04555,L,298.9,309.9,1489,53.0,146,0,0,0,0,0,0
4556,M04556,L,299.2,309.2,2827,35.3,211,0,0,0,0,0,0
4557,L04557,L,302.8,309.5,1668,37.2,17,0,0,0,0,0,0
4558,L04558,L,297.9,310.8,2603,33.9,154,0,0,0,0,0,0
4559,M04559,H,301.5,310.7,2073,34.2,96,0,0,0,0,0,0
4560,M04560,H,301.2,309.7,2600,45.0,92,0,0,0,0,0,0
4561,L04561,L,299.6,311.1,2695,39.1,72,0,0,0,0,0,0
4562,L04562,L,301.5,310.6,1840,52.6,236,0,0,0,0,0,0
4563,H04563,L,300.9,310.1,2688,33.1,43,0,0,0,0,0,0
4564,L04564,M,297.5,310.9,2121,47.5,57,0,0,0,0,0,0
4565,H04565,L,298.8,311.4,2122,47.1,61,0,0,0,0,0,0
4566,H04566,L,300.8,310.4,1764,37.2,177,0,0,0,0,0,0
4567,H04567,L,298.8,310.3,2473,37.5,90,0,0,0,0,0,0
4568,M04568,L,301.2,308.1,2227,44.9,52,0,0,0,0,0,0
4569,M04569,H,302.3,310.3,2335,33.1,102,0,0,0,0,0,0
4570,L04570,L,299.9,310.5,2622,36.4,60,0,0,0,0,0,0
4571,H04571,L,298.8,310.3,2006,27.0,202,0,0,0,0,0,0
4572,M04572,L,298.6,309.1,1360,30.9,49,0,0,0,0,0,0
4573,M04573,L,299.3,309.3,1596,29.7,53,0,0,0,0,0,0
4574,M04574,M,299.1,310.7,1219,30.6,41,0,0,0,0,0,0
4575,M04575,L,301.7,309.6,2474,22.4,186,0,0,0,0,0,0
4576,M04576,L,298.8,310.2,2241,23.5,7,0,0,0,0,0,0
4577,H04577,M,299.6,307.9,1431,48.7,141,0,0,0,0,0,0
4578,H04578,L,301.6,310.0,2327,38.6,237,0,0,0,0,0,0
4579,H04579,M,299.3,310.8,1611,52.5,12,0,0,0,0,0,0
4580,H04580,L,299.1,310.3,2397,50.5,198,0,1,0,0,0,0
4581,L04581,L,301.7,309.9,1517,35.4,78,0,0,0,0,0,0
4582,H04582,M,302.3,309.0,2362,30.7,101,0,0,0,0,1,0
4583,M04583,M,300.1,308.2,1535,41.5,171,0,0,0,0,0,0
4584,H04584,L,303.3,309.2,1190,35.6,42,0,0,0,0,0,0
4585,L04585,L,300.3,311.0,1834,46.4,247,0,0,0,0,0,0
4586,M04586,L,301.8,309.9,2130,20.1,145,0,0,0,0,0,0
4587,H04587,L,303.9,310.7,1931,43.4,163,0,0,0,0,0,0
4588,H04588,L,298.7,311.4,1826,55.9,158,0,0,0,0,0,0
4589,H04589,M,299.0,310.1,2815,36.0,131,0,0,0,0,0,0
4590,M04590,L,301.6,310.8,1666,46.1,76,0,0,0,0,0,0
4591,M04591,L,299.7,311.1,2303,27.7,38,0,0,0,0,0,0
4592,L04592,L,298.1,308.6,1837,34.0,93,0,0,0,0,0,0
4593,M04593,L,299.3,309.2,2195,31.2,182,0,0,0,0,0,0
4594,M04594,M,297.2,308.3,1190,55.3,18,0,0,0,0,0,0
4595,H04595,L,300.0,308.2,1302,59.6,195,0,0,0,0,0,0
4596,M04596,L,300.3,309.5,1707,35.1,64,0,0,0,0,0,0
4597,H04597,H,302.2,309.7,2523,53.0,39,0,0,0,0,0,0
4598,H04598,L,302.4,308.1,2182,45.8,95,0,0,0,0,0,0
4599,M04599,L,299.4,310.5,2786,36.2,203,0,0,0,0,0,0
4600,L04600,L,304.2,309.5,2220,55.9,75,0,0,0,0,0,0
4601,L04601,H,297.9,311.4,1479,34.2,211,0,0,0,0,0,0
4602,M04602,H,297.2,310.2,1902,33.5,202,0,0,0,0,0,0
4603,L04603,L,297.5,310.2,1152,29.8,244,0,0,0,0,0,0
4604,H04604,L,297.7,309.8,1925,48.9,116,0,0,0,0,0,0
4605,H04605,H,301.5,309.9,2582,30.5,112,0,0,0,0,0,0
4606,M04606,L,303.4,310.4,2209,38.6,29,0,0,0,0,0,0
4607,L04607,L,303.4,310.9,1960,36.5,240,0,0,0,0,0,0
4608,L04608,M,296.2,308.7,1392,34.8,246,0,0,0,0,0,0
4609,H04609,L,301.7,309.2,2607,37.7,235,0,0,0,0,0,0
4610,M04610,L,303.1,310.3,2591,35.8,222,0,0,0,0,0,0
4611,L04611,M,302.0,310.0,1368,55.9,155,0,0,0,0,0,0
4612,M04612,L,298.7,310.8,1350,44.4,235,0,0,0,0,0,0
4613,L04613,L,300.3,309.3,1543,40.9,176,0,0,0,0,0,0
4614,H04614,L,298.1,311.3,2712,35.9,92,0,0,0,0,0,0
4615,H04615,L,301.5,309.5,1750,27.5,168,0,0,0,0,0,0
4616,M04616,L,297.1,309.7,1418,33.7,85,0,0,0,0,0,0
4617,H04617,L,301.4,311.1,1985,39.8,108,0,0,0,0,0,0
4618,L04618,M,298.6,310.6,1273,39.4,48,0,0,0,0,0,0
4619,H04619,M,300.7,312.0,1549,41.5,156,0,0,0,0,0,0
4620,M04620,L,299.5,310.9,2057,54.6,128,0,0,0,0,0,0
4621,M04621,M,299.3,311.3,1430,35.5,212,0,0,0,0,0,0
4622,M04622,M,301.9,309.7,2157,54.1,30,0,0,0,0,0,0
4623,L04623,M,303.1,311.3,1916,38.0,26,0,0,0,0,0,0
4624,L04624,L,298.3,310.1,1582,42.0,34,0,0,0,0,0,0
4625,L04625,M,300.4,307.8,1549,39.0,7,0,0,0,0,0,0
4626,L04626,L,297.8,310.5,2020,53.3,39,0,0,0,0,0,0
4627,L04627,L,299.1,310.6,2175,31.6,185,0,0,0,0,0,0
4628,H04628,L,298.5,308.9,1478,48.0,199,0,0,0,0,0,0
4629,L04629,M,297.5,310.4,1784,57.4,133,0,0,0,0,0,0
4630,L04630,L,302.1,310.1,1532,39.0,142,0,0,0,0,0,0
4631,H04631,L,300.2,311.2,2762,11.1,20,0,0,0,0,0,0
4632,L04632,M,298.9,310.4,1227,28.8,164,0,0,0,0,0,0
4633,M04633,M,299.9,310.0,1481,35.7,197,0,0,0,0,0,0
4634,L04634,M,302.4,308.7,1312,44.0,53,0,0,0,0,0,0
4635,L04635,L,302.1,308.0,1299,53.2,156,0,0,0,0,1,0
4636,M04636,L,301.1,311.3,1709,39.0,185,0,0,0,0,0,0
4637,M04637,M,298.7,310.4,1775,35.6,88,0,0,0,0,0,0
4638,M04638,L,300.2,309.8,2678,46.7,214,0,0,0,0,0,0
4639,M04639,M,297.8,310.6,1725,38.4,229,0,0,0,0,0,0
4640,L04640,L,299.8,309.8,2112,40.3,90,0,0,0,0,0,0
4641,M04641,H,302.0,308.0,1299,35.2,105,0,0,0,0,0,0
4642,M04642,L,302.3,311.0,2758,56.4,86,1,0,0,0,0,0
4643,H04643,L,298.7,311.1,2220,41.9,18,1,0,0,0,0,0
4644,M04644,M,301.7,309.7,1511,51.8,91,0,0,0,0,0,0
4645,M04645,L,301.3,310.0,1523,43.7,33,0,0,0,0,0,0
4646,H04646,L,299.5,309.4,1920,51.2,57,0,0,0,0,0,0
4647,H04647,M,301.5,311.8,1244,48.5,198,0,0,0,0,0,0
4648,L04648,L,302.5,311.2,2274,48.4,242,0,0,0,0,0,0
4649,H04649,L,301.7,309.2,2563,44.6,140,0,0,0,0,1,0
4650,L04650,L,297.9,310.6,2768,24.8,3,0,0,0,0,0,0
4651,H04651,L,299.4,309.1,2103,24.4,138,0,0,0,0,0,0
4652,H04652,L,300.8,309.2,1231,29.7,177,0,0,0,0,1,0
4653,L04653,M,298.4,309.6,1782,51.8,20,0,0,0,0,0,0
4654,H04654,M,303.1,309.4,2052,46.5,59,0,0,0,0,0,0
4655,L04655,L,300.6,308.4,2145,36.7,148,0,0,0,0,0,0
4656,H04656,L,299.1,311.3,1562,54.6,170,0,0,0,0,0,0
4657,M04657,H,299.0,310.2,1152,50.1,44,0,0,0,0,0,0
4658,H04658,H,298.6,311.6,1162,45.3,41,0,0,0,0,0,0
4659,L04659,L,301.4,309.8,1313,47.2,153,0,1,0,0,0,0
4660,H04660,M,301.6,308.5,1766,46.0,158,0,0,0,0,0,0
4661,L04661,M,298.7,311.0,2518,27.7,176,0,0,0,0,0,0
4662,L04662,L,302.9,310.3,1315,40.5,126,0,0,0,0,0,0
4663,M04663,L,299.2,309.7,2248,45.5,195,0,0,0,0,0,0
4664,M04664,L,298.4,311.2,1209,39.7,2,0,0,0,0,0,0
4665,L04665,M,301.0,308.7,1531,32.9,38,0,0,0,0,0,0
4666,H04666,M,297.6,311.0,2246,22.8,47,0,0,1,0,0,0
4667,L04667,M,297.3,310.7,1939,31.9,148,0,0,0,0,0,0
4668,L04668,L,298.1,310.2,1810,49.3,229,0,0,0,0,0,0
4669,H04669,M,298.4,308.5,2296,45.6,17,0,0,0,0,0,0
4670,H04670,M,301.5,310.9,1616,24.2,224,0,0,0,0,0,0
4671,H04671,M,297.4,310.7,2462,47.6,242,0,0,0,0,0,0
4672,H04672,L,300.7,310.3,1665,26.9,105,0,0,0,0,0,0
4673,L04673,M,301.7,309.9,1630,38.1,162,0,0,0,0,0,0
4674,L04674,L,302.9,308.9,1386,48.1,31,0,0,0,0,0,0
4675,M04675,M,299.0,308.9,1869,36.8,121,0,0,0,0,0,0
4676,L04676,M,299.2,309.2,1321,26.1,182,0,0,0,0,0,0
4677,H04677,L,304.1,308.4,2558,13.9,138,0,0,1,0,0,1
4678,M04678,M,302.7,308.5,2619,30.5,102,0,0,0,0,0,0
4679,H04679,L,299.5,309.6,1356,35.7,185,0,0,0,0,0,0
4680,L04680,M,302.3,308.7,2323,44.0,222,0,0,0,0,0,0
4681,M04681,L,300.5,309.8,1720,34.0,93,0,0,0,0,0,0
4682,H04682,M,300.0,310.1,1954,34.8,165,1,0,0,0,0,0
4683,M04683,H,305.0,308.6,2324,34.8,45,0,0,0,0,0,0
4684,M04684,L,302.1,310.8,2846,32.9,125,0,0,0,0,0,0
4685,L04685,L,303.8,311.0,1262,58.5,124,0,0,0,0,0,0
4686,H04686,L,297.9,307.8,2405,42.5,147,0,0,0,0,0,0
4687,M04687,L,303.6,311.4,1637,30.5,103,0,0,0,0,0,0
4688,M04688,L,299.7,310.6,1532,18.9,25,0,0,0,0,0,0
4689,H04689,M,299.7,310.1,2107,41.3,138,0,0,0,0,0,0
4690,M04690,H,300.8,311.5,2547,54.5,193,0,0,0,0,0,0
4691,M04691,M,301.0,310.1,1847,45.1,102,0,0,0,0,0,0
4692,M04692,L,302.1,309.2,2420,65.6,208,0,0,0,0,0,0
4693,H04693,M,301.8,308.5,2313,34.2,215,0,1,0,0,0,0
4694,H04694,M,298.7,309.9,1773,45.3,93,0,0,0,0,0,0
4695,H04695,L,298.0,309.9,2575,25.0,36,0,0,0,0,0,0
4696,H04696,L,299.6,308.3,1856,22.4,133,0,0,0,0,0,0
4697,L04697,L,300.0,309.6,1274,38.2,181,0,0,0,0,0,0
4698,M04698,M,300.2,311.5,1505,51.6,240,0,0,1,0,0,0
4699,H04699,L,302.7,310.5,1388,56.8,214,1,0,0,0,0,0
4700,M04700,M,300.4,308.7,2155,40.6,174,0,0,1,0,0,0
4701,M04701,L,305.3,310.3,1662,31.0,226,0,0,0,0,0,0
4702,L04702,H,302.9,310.7,1782,18.0,113,0,0,0,0,0,0
4703,H04703,L,299.4,311.0,1750,34.0,46,0,0,0,0,0,0
4704,H04704,M,296.4,310.6,2173,39.5,246,0,0,0,0,0,0
4705,M04705,L,304.8,311.2,2705,34.1,153,0,0,0,0,0,0
4706,H04706,L,299.4,310.8,2446,21.9,24,0,0,0,0,0,0
4707,M04707,M,301.9,309.8,2350,39.9,163,0,0,0,0,0,0
4708,M04708,H,298.7,310.3,2579,36.4,246,0,0,0,0,0,0
4709,L04709,L,303.2,309.8,1263,44.4,20,0,0,0,0,0,0
4710,L04710,L,301.7,310.4,2078,31.7,233,0,0,0,0,0,0
4711,L04711,L,297.8,310.7,1176,36.1,185,0,0,0,0,0,0
4712,M04712,L,296.1,309.9,2591,39.9,42,0,0,0,0,0,0
4713,H04713,L,300.4,310.3,1748,43.5,22,0,0,0,0,0,0
4714,L04714,M,301.0,309.5,1741,35.0,64,0,0,0,0,0,0
4715,H04715,H,301.5,309.7,2635,32.1,186,0,0,0,0,0,0
4716,L04716,L,298.4,309.9,1329,28.7,60,0,0,0,0,0,0
4717,L04717,L,298.7,309.4,1716,40.5,73,0,0,0,0,0,0
4718,M04718,L,296.2,311.3,1396,35.8,88,0,0,0,0,0,0
4719,L04719,L,298.9,310.6,2673,56.6,85,0,0,0,0,0,0
4720,L04720,L,296.7,310.7,1466,37.8,238,0,0,0,0,0,0
4721,M04721,L,298.6,310.6,2607,41.1,199,0,0,0,0,0,0
4722,H04722,L,300.7,310.2,2406,48.9,104,0,0,0,0,0,0
4723,L04723,L,300.6,308.8,2108,50.2,63,0,0,0,0,0,0
4724,M04724,L,298.7,311.1,1931,35.2,160,0,0,0,0,0,0
4725,L04725,L,300.5,312.1,2794,58.5,116,0,0,0,0,0,0
4726,M04726,L,303.0,310.7,2135,61.0,203,0,0,0,0,0,0
4727,H04727,M,299.4,309.2,2039,36.3,175,0,0,0,0,0,0
4728,H04728,M,297.4,310.6,2542,39.7,38,0,0,0,0,0,0
4729,M04729,M,301.6,309.2,2840,42.8,139,1,0,0,0,0,0
4730,M04730,L,302.2,309.5,2341,31.9,203,0,0,0,1,0,0
4731,M04731,L,298.6,307.6,2241,39.1,138,0,0,0,0,0,0
4732,H04732,L,298.6,311.4,1926,29.7,47,0,0,0,0,0,0
4733,L04733,L,296.0,310.3,1896,39.0,135,0,0,0,0,0,0
4734,H04734,M,299.1,310.6,2724,38.1,50,0,0,0,0,0,0
4735,M04735,L,298.2,310.8,2828,43.4,135,0,0,0,0,0,0
4736,M04736,L,297.0,310.5,1494,44.9,100,0,0,0,0,0,0
4737,H04737,L,299.3,311.0,2703,39.1,240,0,0,0,0,0,0
4738,M04738,L,300.0,311.4,1201,52.6,207,0,0,0,0,0,0
4739,H04739,H,299.6,310.0,2618,30.2,227,0,0,0,0,0,0
4740,M04740,L,299.4,308.3,1954,35.8,127,0,0,0,1,0,0
4741,L04741,M,303.0,309.2,1741,32.7,209,0,0,0,0,0,0
4742,L04742,L,300.6,310.6,1842,54.8,107,0,0,0,0,0,0
4743,M04743,H,301.3,309.0,2313,37.8,84,0,0,0,0,0,0
4744,H04744,L,303.6,309.9,1558,37.9,67,0,0,0,0,0,0
4745,L04745,M,302.0,312.5,1484,52.8,113,0,0,0,0,0,0
4746,H04746,L,299.5,311.0,2454,24.5,70,0,0,0,0,0,0
4747,M04747,M,296.3,308.0,1554,29.5,97,0,0,0,0,0,0
4748,H04748,L,299.3,312.3,1271,38.5,225,0,0,0,0,0,0
4749,L04749,L,302.9,311.4,1796,34.2,108,0,0,0,0,0,0
4750,H04750,M,302.0,310.7,2633,48.6,163,0,0,0,0,0,0
4751,H04751,H,299.3,310.1,1838,25.6,100,0,0,0,0,0,0
4752,M04752,L,299.8,308.6,2212,45.8,29,0,0,0,0,0,0
4753,M04753,M,300.3,309.6,1224,30.0,89,0,0,0,0,0,0
4754,M04754,L,298.8,308.0,2014,42.6,139,0,0,0,0,0,0
4755,L04755,M,298.9,311.0,2734,48.8,74,0,0,0,0,0,0
4756,L04756,M,298.7,310.2,1366,58.7,28,0,0,0,0,0,0
4757,M04757,L,301.0,309.3,2419,25.0,2,0,0,0,0,0,0
4758,M04758,M,297.9,311.0,1892,41.0,61,0,0,0,0,0,0
4759,L04759,M,302.9,310.3,1567,49.5,10,0,0,0,0,0,0
4760,L04760,L,300.0,311.6,2376,40.7,72,0,0,0,0,0,0
4761,L04761,M,297.8,309.6,1805,43.8,217,0,0,0,0,0,0
4762,L04762,L,302.1,311.4,2013,33.0,117,0,0,0,0,0,0
4763,M04763,M,303.0,310.2,1957,36.7,186,0,0,0,0,0,0
4764,L04764,M,306.3,309.2,2692,32.2,71,0,0,0,0,0,0
4765,M04765,L,302.7,310.6,2786,46.1,212,0,0,0,0,0,0
4766,H04766,M,298.2,310.1,1445,58.5,71,0,0,0,0,0,0
4767,H04767,L,300.4,310.5,1599,41.6,41,0,0,0,0,0,0
4768,L04768,L,305.1,309.0,2401,40.6,133,0,0,0,0,0,0
4769,H04769,L,298.4,307.7,1252,18.6,54,0,0,0,0,0,0
4770,H04770,L,297.5,309.5,2265,39.3,209,0,1,0,0,0,0
4771,H04771,M,299.2,310.6,1939,45.7,5,0,0,0,0,0,0
4772,L04772,L,298.0,310.5,2530,23.5,20,0,0,0,0,0,0
4773,L04773,L,298.8,309.5,2050,41.6,171,0,0,0,0,0,0
4774,H04774,M,298.7,310.2,1295,39.8,239,0,0,0,0,0,0
4775,M04775,L,301.4,309.6,2440,19.9,247,0,0,0,0,0,0
4776,H04776,L,297.4,309.9,1268,44.2,116,0,0,0,0,0,0
4777,L04777,L,300.3,311.3,2676,35.8,175,0,0,0,0,0,0
4778,L04778,M,298.5,308.7,1413,41.3,86,0,0,0,0,0,0
4779,L04779,L,301.1,311.9,2449,43.2,163,0,0,0,0,0,0
4780,H04780,L,301.3,310.2,2232,32.4,209,0,0,0,0,0,0
4781,M04781,L,301.8,312.0,2520,43.4,124,0,0,0,0,0,1
4782,L04782,M,301.8,311.9,2138,34.9,218,0,0,0,0,0,0
4783,L04783,L,298.8,307.7,1814,41.4,172,0,0,0,0,0,0
4784,H04784,H,300.0,310.2,1335,33.5,130,0,0,0,0,0,0
4785,M04785,M,302.9,309.0,2288,50.8,186,0,0,0,0,0,0
4786,H04786,M,300.9,309.9,1936,46.9,249,0,0,0,0,0,0
4787,L04787,L,301.8,310.5,2042,36.6,11,0,0,0,0,0,0
4788,M04788,L,297.6,311.5,1511,47.0,83,0,0,0,0,0,0
4789,M04789,H,301.9,308.9,2148,35.8,18,0,0,0,0,0,0
4790,L04790,L,296.2,312.5,1385,42.2,22,0,0,0,0,0,0
4791,M04791,L,296.9,309.4,2615,31.5,123,0,0,0,0,0,0
4792,M04792,L,298.2,308.7,2751,49.6,132,0,0,0,0,0,0
4793,H04793,H,300.9,311.1,2436,38.8,50,0,0,0,0,0,0
4794,L04794,M,301.2,310.1,2224,33.3,146,0,0,0,0,0,0
4795,L04795,L,298.4,312.2,1500,42.3,248,0,0,0,0,0,0
4796,L04796,M,296.2,309.0,1566,22.6,11,0,0,0,0,0,0
4797,L04797,L,301.9,310.2,1992,29.9,91,0,0,0,0,0,0
4798,L04798,M,301.2,311.3,1893,37.1,184,0,0,0,0,0,0
4799,M04799,L,300.9,309.2,2155,41.3,164,0,0,0,0,0,0
4800,H04800,M,303.9,311.3,1162,41.2,33,0,0,0,0,0,0
4801,L04801,L,300.3,310.4,2567,34.6,249,0,0,0,0,0,0
4802,H04802,L,298.0,309.0,2030,45.9,79,0,0,0,0,0,0
4803,H04803,L,302.7,311.3,1955,27.7,62,0,0,0,0,0,0
4804,M04804,L,299.2,309.8,2705,37.3,116,0,0,0,0,0,0
4805,L04805,M,299.8,311.2,1362,50.6,131,0,0,0,0,0,0
4806,M04806,L,298.9,309.3,1419,45.8,181,0,0,0,0,0,0
4807,L04807,L,298.3,308.5,2133,52.7,110,0,0,0,0,0,0
4808,M04808,L,299.2,309.6,2213,62.5,233,0,0,0,0,0,0
4809,H04809,L,303.0,309.9,2820,33.9,53,0,0,0,0,0,0
4810,L04810,L,297.9,310.2,1923,43.4,5,0,0,0,1,0,0
4811,H04811,L,302.1,310.5,1330,31.9,134,0,0,0,0,0,0
4812,H04812,L,296.3,312.0,2438,29.0,33,0,0,0,0,0,0
4813,M04813,L,303.2,309.9,2166,44.3,67,0,0,0,0,0,0
4814,L04814,L,303.4,311.8,1255,40.3,142,0,0,0,0,0,1
4815,H04815,H,298.0,311.0,1982,36.0,12,0,0,0,0,0,0
4816,M04816,M,300.2,309.9,1636,45.7,200,0,0,0,0,0,0
4817,L04817,L,301.3,310.3,1553,36.4,36,0,0,0,0,0,0
4818,L04818,M,298.8,310.4,1539,25.0,208,0,0,0,0,1,0
4819,H04819,M,303.8,311.0,1757,46.8,165,0,0,0,0,0,0
4820,L04820,L,300.0,311.2,2149,33.1,205,0,0,0,0,0,0
4821,H04821,M,299.0,308.6,1272,47.5,228,0,0,0,0,0,0
4822,L04822,L,300.2,311.0,1938,43.6,158,0,0,0,0,0,0
4823,M04823,M,298.5,310.4,1186,13.7,193,0,0,0,0,0,0
4824,H04824,L,300.0,310.4,1859,37.1,109,0,0,0,0,0,0
4825,H04825,L,299.1,309.9,1916,30.6,210,0,0,0,0,0,0
4826,L04826,L,298.4,310.7,1652,49.3,210,0,0,0,0,0,0
4827,L04827,H,301.6,310.9,2700,34.3,59,0,0,0,0,0,0
4828,H04828,M,296.6,310.1,2066,48.5,246,0,0,0,0,0,0
4829,L04829,L,303.5,311.0,1746,40.6,12,0,0,0,0,0,0
4830,M04830,L,300.5,309.4,1241,34.2,148,0,0,0,0,0,0
4831,L04831,L,303.7,310.0,1249,45.0,94,0,0,0,0,0,0
4832,M04832,L,301.9,310.4,2126,48.8,171,0,0,0,0,0,0
4833,M04833,L,297.3,309.7,1835,28.2,27,1,0,0,0,0,0
4834,M04834,L,300.1,309.7,2628,24.7,184,0,0,0,0,0,0
4835,M04835,M,296.4,309.1,2771,39.2,128,0,0,0,0,0,0
4836,M04836,M,298.2,310.4,1543,36.0,226,1,0,0,0,0,0
4837,L04837,L,299.7,311.9,1743,44.8,137,0,0,0,0,0,0
4838,M04838,L,298.6,310.6,1983,47.9,7,0,0,0,0,0,0
4839,L04839,H,299.0,309.8,2035,23.4,204,0,0,0,0,0,0
4840,M04840,M,298.7,311.3,2154,36.2,190,0,0,0,0,0,0
4841,H04841,M,304.5,310.0,1654,24.4,210,0,0,0,0,0,0
4842,M04842,H,300.2,310.8,2290,26.4,66,0,0,0,1,0,0
4843,H04843,M,301.2,310.6,2852,23.2,119,0,0,0,0,0,0
4844,M04844,L,299.9,308.5,1939,36.2,249,0,0,0,0,0,0
4845,M04845,L,300.7,310.1,1640,24.2,66,0,0,0,0,0,0
4846,M04846,H,295.9,312.1,1491,33.3,154,0,0,0,0,0,0
4847,H04847,L,303.3,309.5,2599,31.3,17,0,0,0,0,0,0
4848,H04848,L,298.6,311.6,1619,36.6,34,0,0,0,0,0,0
4849,M04849,L,302.3,311.0,1283,40.0,124,0,0,0,0,0,0
4850,L04850,M,302.4,309.6,2027,39.2,43,0,0,0,0,0,0
4851,M04851,H,296.4,310.1,2353,27.7,97,0,0,0,0,0,0
4852,H04852,L,300.1,309.0,1826,39.6,221,0,0,0,0,0,0
4853,M04853,L,300.8,311.0,1361,35.8,135,0,0,0,0,0,0
4854,H04854,M,300.2,309.1,2691,44.6,126,0,0,0,0,0,0
4855,H04855,L,300.0,310.5,1734,33.3,84,0,0,0,0,0,0
4856,H04856,L,299.1,311.9,2586,45.8,173,0,0,0,0,0,0
4857,M04857,H,298.6,309.5,1506,30.2,210,0,0,0,0,0,0
4858,H04858,L,302.1,310.4,1602,30.7,42,0,0,0,0,0,0
4859,H04859,L,300.8,308.6,2608,38.9,239,1,0,0,0,0,0
4860,M04860,M,300.4,310.1,2250,22.8,45,0,0,0,0,0,0
4861,H04861,L,296.8,309.1,2456,31.2,39,0,0,0,0,0,0
4862,M04862,H,299.5,310.3,2850,51.5,221,0,0,0,0,0,0
4863,H04863,L,299.9,309.6,2859,46.7,55,0,0,0,0,0,0
4864,L04864,L,301.7,309.1,2783,36.1,154,0,0,0,0,0,0
4865,L04865,L,296.5,310.0,1686,63.5,147,0,0,0,0,0,0
4866,H04866,L,297.8,307.4,1570,38.3,205,0,0,0,0,0,0
4867,L04867,M,303.6,309.0,1300,41.5,56,0,0,0,0,0,0
4868,M04868,M,298.4,312.5,1652,54.5,11,0,0,0,0,0,0
4869,L04869,H,296.3,309.9,2839,43.2,240,0,0,0,0,0,0
4870,H04870,L,298.6,309.6,2761,36.9,22,0,0,0,0,0,0
4871,H04871,M,298.4,310.5,2037,47.0,11,0,0,0,0,0,0
4872,M04872,L,301.3,311.2,2097,46.1,116,0,0,0,0,0,0
4873,H04873,M,301.3,311.8,1892,32.7,107,0,0,0,0,0,0
4874,M04874,M,298.1,310.1,1664,37.8,171,1,0,0,0,0,0
4875,L04875,L,299.2,309.9,2758,41.4,38,0,0,0,0,0,0
4876,L04876,L,301.1,310.5,2796,41.5,41,0,0,0,0,0,0
4877,M04877,L,301.1,310.2,1484,31.4,221,0,0,0,0,0,0
4878,M04878,L,297.9,310.0,1733,43.0,47,0,0,0,0,0,0
4879,H04879,H,298.2,310.7,2585,36.4,90,0,0,0,0,0,0
4880,L04880,L,304.2,310.7,2428,44.7,87,0,0,0,0,0,0
4881,M04881,L,299.5,310.2,2391,48.9,66,0,0,0,0,0,0
4882,L04882,L,303.0,312.5,1357,31.8,221,0,0,0,0,0,0
4883,M04883,M,300.5,312.0,2463,36.3,34,0,0,0,0,0,0
4884,L04884,L,302.2,310.7,2001,41.9,96,0,0,0,0,0,0
4885,H04885,L,301.3,311.3,1726,47.3,36,0,0,0,0,0,0
4886,L04886,L,300.3,309.4,2458,34.3,167,0,0,0,0,0,0
4887,L04887,M,300.3,310.1,2689,40.3,240,0,0,0,0,0,0
4888,L04888,L,297.5,310.8,1857,56.1,15,0,0,0,0,0,0
4889,L04889,M,299.7,311.5,2804,48.2,175,0,0,0,0,0,0
4890,L04890,L,299.0,309.1,1827,37.5,17,0,0,0,0,0,0
4891,H04891,L,299.3,309.5,1381,58.7,145,0,0,0,0,0,0
4892,M04892,L,299.3,310.2,2815,44.7,141,0,0,0,0,0,0
4893,L04893,L,300.3,311.6,2138,57.4,223,0,0,0,0,0,0
4894,H04894,L,301.3,310.2,2030,51.2,126,0,0,0,0,0,0
4895,L04895,L,299.7,311.3,1753,68.6,75,0,0,0,0,0,0
4896,L04896,M,301.9,310.0,1481,54.8,41,0,0,0,0,0,0
4897,M04897,L,299.2,310.8,2810,35.5,1,0,0,0,0,0,0
4898,L04898,L,300.2,309.0,1961,48.1,52,0,0,0,0,0,0
4899,H04899,M,305.0,309.4,1356,31.0,217,0,0,0,0,0,0
4900,H04900,L,297.6,309.9,2799,49.2,214,0,0,0,0,0,0
4901,M04901,M,299.2,308.9,1510,57.0,59,0,0,0,0,0,0
4902,L04902,M,296.4,308.9,2524,31.7,34,0,0,0,0,0,0
4903,H04903,L,300.5,309.7,1522,47.4,191,0,0,0,0,0,0
4904,L04904,M,300.0,308.6,2274,46.4,160,0,0,0,0,0,0
4905,L04905,L,300.3,309.9,1693,46.7,40,0,0,0,0,0,0
4906,L04906,L,298.2,310.3,2643,28.2,190,0,0,0,0,0,0
4907,M04907,L,298.5,309.2,1280,35.3,88,0,0,0,0,0,0
4908,L04908,L,300.1,309.7,1678,43.2,3,0,0,0,0,0,0
4909,H04909,L,297.2,309.7,2650,36.3,20,0,0,0,0,0,0
4910,L04910,L,301.8,311.6,2421,30.4,111,0,0,0,0,0,0
4911,H04911,L,297.2,310.2,2548,49.6,131,0,0,0,0,0,0
4912,L04912,L,299.7,312.3,2569,33.6,94,0,0,0,0,0,0
4913,H04913,L,299.1,309.6,2749,39.7,55,0,0,0,0,0,0
4914,H04914,L,299.0,309.6,1227,62.4,240,0,0,0,0,0,0
4915,L04915,L,296.8,311.2,1190,50.3,206,0,0,0,0,0,0
4916,L04916,L,299.9,307.5,1407,40.5,3,0,0,0,0,0,0
4917,H04917,L,297.6,310.8,2354,44.0,131,0,0,0,0,0,0
4918,M04918,L,300.3,309.9,1439,42.9,235,0,0,0,0,0,0
4919,L04919,M,298.5,310.1,2298,25.5,2,0,0,0,0,0,0
4920,M04920,M,299.9,309.7,1773,43.4,243,0,0,0,0,0,0
4921,L04921,L,296.4,310.6,2641,51.4,54,0,0,0,0,0,0
4922,L04922,M,301.8,308.2,2408,39.2,196,0,0,0,0,0,0
4923,L04923,L,302.2,309.3,2673,47.5,82,0,0,0,0,0,0
4924,L04924,L,298.9,312.0,1863,45.2,101,0,0,0,0,0,0
4925,M04925,H,305.6,310.1,1701,46.5,31,1,0,0,0,0,0
4926,L04926,L,301.5,308.8,1860,29.5,123,0,0,0,0,0,0
4927,H04927,H,299.5,310.1,2110,44.1,57,1,0,0,0,0,0
4928,H04928,L,299.0,310.7,1972,57.2,200,0,0,0,0,0,0
4929,M04929,L,298.4,310.1,2811,39.8,194,0,0,0,0,0,0
4930,L04930,L,298.8,309.9,1223,37.4,161,0,0,0,0,0,0
4931,H04931,L,299.8,309.4,1154,48.3,190,0,0,0,0,0,0
4932,M04932,L,299.9,308.7,1973,49.3,216,0,0,0,0,0,0
4933,L04933,L,297.2,308.1,1267,52.2,244,0,0,0,0,0,0
4934,H04934,M,302.7,309.2,1893,38.9,9,0,0,0,0,0,0
4935,H04935,L,301.6,311.3,1810,45.4,31,0,0,0,0,0,0
4936,M04936,L,303.7,309.6,2487,59.4,4,0,0,0,0,0,0
4937,L04937,L,300.7,309.8,2374,31.9,156,0,0,0,0,0,0
4938,L04938,M,302.1,308.5,2716,26.2,134,0,0,0,0,0,0
4939,H04939,L,297.5,310.0,1898,47.9,142,0,0,0,0,0,0
4940,H04940,L,301.2,309.6,1579,44.3,1,0,0,0,0,0,0
4941,H04941,H,296.4,309.7,1816,35.9,9,0,0,0,0,0,0
4942,L04942,L,298.1,309.4,2792,33.5,138,0,0,0,0,0,0
4943,M04943,L,305.0,309.4,1308,39.2,52,0,0,0,0,0,0
4944,M04944,M,299.3,309.8,1830,50.1,55,0,0,0,0,0,0
4945,L04945,M,300.0,310.0,2474,49.5,39,0,0,0,0,0,0
4946,M04946,L,301.4,307.7,2593,42.2,185,0,0,0,0,0,0
4947,H04947,L,299.9,308.3,2431,35.2,246,0,0,0,0,0,0
4948,M04948,M,298.0,309.5,2235,14.9,212,0,0,0,0,0,0
4949,M04949,L,298.0,310.9,2165,44.5,75,0,0,0,0,0,0
4950,M04950,H,301.6,308.6,1810,46.7,195,0,0,0,0,0,0
4951,H04951,L,300.6,310.6,2335,38.6,91,0,0,0,0,0,0
4952,L04952,L,301.7,311.7,2259,63.3,220,0,0,0,0,0,0
4953,H04953,L,301.2,309.7,2186,32.6,204,0,0,0,0,0,0
4954,L04954,M,300.1,309.6,2448,54.8,113,0,0,0,0,0,0
4955,L04955,M,300.0,310.5,1566,47.6,81,0,0,0,0,0,0
4956,L04956,M,300.2,310.1,2297,38.2,154,0,0,0,0,0,0
4957,M04957,H,299.3,309.4,2019,24.0,130,0,0,0,0,0,0
4958,M04958,L,299.3,310.3,2168,53.9,226,0,0,0,0,0,0
4959,L04959,L,301.0,309.3,1765,40.6,166,0,0,0,0,0,0
4960,L04960,M,302.9,311.4,2222,58.0,21,0,0,0,0,0,0
4961,M04961,M,296.6,309.8,2176,40.7,208,0,0,0,0,0,0
4962,H04962,M,304.8,310.4,2083,54.5,219,0,0,0,0,0,0
4963,L04963,M,301.4,311.7,2172,25.7,188,0,0,0,0,0,0
4964,H04964,L,300.9,309.8,1911,26.6,165,0,0,0,0,0,0
4965,M04965,L,298.0,309.2,1732,36.0,15,0,0,0,0,0,0
4966,L04966,H,298.6,309.4,1420,18.3,123,0,0,0,0,0,0
4967,H04967,L,301.2,310.0,2723,43.2,68,0,0,0,0,0,0
4968,H04968,L,300.5,309.9,2326,32.4,127,0,0,0,0,0,0
4969,H04969,M,297.4,309.8,2490,47.5,85,0,0,0,0,0,0
4970,M04970,L,298.3,310.3,1876,20.6,247,0,0,0,0,0,0
4971,M04971,M,298.5,310.1,1583,51.5,16,0,0,0,0,0,0
4972,H04972,L,298.3,309.5,1671,40.9,188,0,0,0,0,0,0
4973,H04973,M,300.5,310.0,1761,49.1,74,0,0,0,0,0,0
4974,M04974,M,298.0,309.3,2018,38.3,213,0,0,0,0,0,0
4975,H04975,L,301.6,309.5,2095,23.3,171,0,0,0,0,0,0
4976,H04976,L,297.0,307.7,1639,53.2,43,0,0,0,0,0,0
4977,M04977,L,302.0,309.2,1959,47.5,227,0,0,0,0,0,0
4978,H04978,L,306.1,310.8,1895,49.6,40,0,0,0,0,0,0
4979,H04979,L,301.6,310.6,2372,41.3,237,0,0,0,0,0,0
4980,H04980,L,298.9,310.7,1585,58.4,235,0,0,0,0,0,0
4981,M04981,L,299.0,310.4,1835,65.2,233,0,0,0,0,0,0
4982,H04982,L,297.8,309.5,1366,53.8,103,0,0,0,0,0,0
4983,M04983,L,302.2,308.7,2683,25.9,182,0,0,0,0,0,0
4984,M04984,M,300.3,309.7,1189,42.5,2,0,0,0,0,0,0
4985,L04985,L,296.4,306.9,1847,33.3,90,0,0,0,0,0,0
4986,L04986,M,297.1,311.1,2662,26.5,108,0,0,0,0,0,0
4987,H04987,M,296.5,310.2,1941,38.8,239,0,0,0,0,0,0
4988,M04988,M,301.5,310.9,2754,51.5,248,0,0,0,0,0,0
4989,L04989,M,298.0,309.5,2422,35.7,12,0,0,0,0,0,0
4990,H04990,L,301.7,308.4,2258,34.2,204,0,0,0,1,0,0
4991,L04991,M,298.9,310.2,1829,37.0,178,0,0,0,0,0,0
4992,L04992,L,301.6,310.2,1553,60.9,181,0,0,0,0,0,0
4993,M04993,M,299.5,309.9,2202,45.3,221,0,0,0,0,0,0
4994,M04994,M,301.9,310.3,1186,32.9,145,1,0,0,0,0,0
4995,L04995,L,298.4,309.5,1656,57.5,39,0,0,0,0,0,0
4996,L04996,L,298.5,310.2,2705,41.3,96,0,0,0,0,0,0
4997,M04997,L,299.1,310.5,2831,31.6,208,0,0,0,0,0,0
4998,H04998,M,301.7,311.7,1409,35.1,119,0,0,0,0,0,0
4999,M04999,L,297.8,310.8,2824,31.8,232,0,0,0,0,0,0
5000,L05000,L,298.8,308.8,2428,38.7,137,1,0,0,0,0,0
5001,H05001,L,299.5,309.6,2109,39.4,168,0,0,0,0,0,0
5002,L05002,L,300.8,309.1,2259,42.0,43,0,0,0,0,0,0
5003,H05003,H,299.2,311.4,2737,34.7,215,0,0,0,0,0,0
5004,L05004,M,301.2,309.5,2827,46.2,233,0,0,0,0,0,0
5005,H05005,L,298.5,309.7,1783,56.0,92,0,0,0,0,0,0
5006,H05006,L,302.0,309.9,1561,34.1,135,0,0,0,0,0,0
5007,L05007,L,301.5,310.4,2561,53.0,163,0,0,0,0,0,0
5008,H05008,L,298.9,308.8,2573,42.0,183,0,0,0,0,0,0
5009,M05009,M,301.4,310.0,1571,38.5,141,0,0,0,0,0,0
5010,L05010,L,297.8,310.9,2108,47.4,28,0,0,0,0,0,0
5011,M05011,L,300.3,309.7,1812,45.0,134,0,0,0,0,0,0
5012,L05012,M,298.4,311.8,2506,46.5,216,0,0,0,0,0,0
5013,H05013,H,300.6,309.1,2164,33.1,169,0,0,0,0,0,0
5014,H05014,L,299.7,309.5,2833,30.0,29,0,0,0,0,0,0
5015,H05015,L,298.5,310.8,2626,18.9,247,0,0,0,0,0,0
5016,L05016,L,296.9,310.0,1744,44.1,219,0,0,0,0,0,0
5017,M05017,M,299.6,309.8,2322,30.9,201,0,0,0,0,0,0
5018,M05018,H,302.4,308.9,1319,34.3,238,0,0,0,0,0,0
5019,L05019,L,300.6,309.4,2498,39.0,46,0,0,0,0,0,0
5020,L05020,L,296.9,311.8,1931,27.7,161,0,0,0,0,0,0
5021,M05021,M,299.5,310.3,1377,54.5,119,0,0,0,0,0,0
5022,M05022,M,302.4,310.6,2499,37.3,189,0,0,0,0,0,0
5023,M05023,H,299.4,309.4,1154,45.5,143,0,0,0,0,0,0
5024,M05024,L,298.1,310.2,1301,48.9,247,0,0,0,0,0,0
5025,L05025,L,303.5,309.7,1370,22.1,73,1,0,0,0,0,0
5026,L05026,L,297.8,308.8,1306,36.5,28,0,0,0,0,0,0
5027,H05027,L,299.5,309.3,2431,48.5,249,0,0,0,0,0,0
5028,M05028,L,298.8,309.5,2179,30.1,120,0,0,0,0,0,0
5029,H05029,L,301.3,312.1,1439,43.3,14,0,0,0,0,0,0
5030,L05030,L,301.0,311.9,2377,31.2,219,0,0,0,0,0,0
5031,L05031,M,298.2,308.3,1427,44.1,50,0,0,0,0,0,0
5032,H05032,L,298.6,309.2,2154,34.6,55,0,0,0,0,0,0
5033,M05033,M,300.3,309.8,2030,40.9,215,0,0,0,0,0,0
5034,M05034,L,300.4,310.0,2307,52.9,169,0,0,0,0,0,0
5035,M05035,M,299.5,309.9,2762,47.2,147,0,0,0,0,0,0
5036,M05036,L,299.4,311.8,2620,32.8,174,0,0,0,0,0,0
5037,H05037,M,297.5,309.5,2132,45.4,63,0,0,0,0,0,0
5038,H05038,L,303.7,311.8,2144,44.0,116,0,0,0,0,0,0
5039,L05039,L,301.3,311.0,1495,51.8,92,0,0,0,0,0,0
5040,M05040,M,300.0,309.9,2289,41.0,1,0,0,0,0,0,0
5041,M05041,L,302.0,309.4,2772,40.6,109,0,0,0,0,0,0
5042,M05042,L,299.6,309.3,1729,48.0,31,0,0,0,0,0,0
5043,H05043,M,298.4,311.9,1762,48.2,110,0,0,0,0,0,0
5044,M05044,M,300.7,310.7,1823,73.7,53,0,0,0,0,0,0
5045,H05045,L,300.3,310.3,1462,55.5,41,0,0,0,0,0,0
5046,M05046,L,303.4,307.8,2594,40.3,157,0,0,0,0,0,0
5047,M05047,L,298.5,309.5,2756,39.2,8,0,0,0,0,0,0
5048,L05048,L,298.1,309.6,1322,32.6,18,0,0,0,0,0,0
5049,M05049,H,304.2,310.2,2342,25.1,133,0,0,0,0,0,0
5050,M05050,L,302.4,309.9,2276,41.2,199,0,0,0,0,0,0
5051,L05051,L,301.3,309.6,1377,18.7,97,0,0,0,0,0,0
5052,H05052,H,298.6,310.3,2306,59.8,185,0,0,0,0,0,0
5053,H05053,L,300.8,310.9,2745,32.0,0,0,0,0,0,0,0
5054,M05054,M,297.4,309.4,2830,53.0,140,0,0,0,0,0,0
5055,H05055,L,299.0,309.0,2384,38.9,5,0,0,0,0,0,0
5056,M05056,L,297.7,309.4,2282,45.8,98,0,0,0,0,0,0
5057,L05057,L,298.5,309.0,1342,27.4,156,0,0,0,0,0,0
5058,L05058,L,297.6,309.7,2530,45.9,193,0,0,0,0,0,0
5059,M05059,L,301.4,312.0,1670,41.4,73,0,1,0,0,0,0
5060,L05060,L,303.6,309.7,2817,59.7,30,0,0,0,0,0,0
5061,L05061,L,302.0,308.9,1575,27.4,71,0,0,0,0,0,0
5062,M05062,L,301.5,309.6,2091,26.9,168,0,0,1,0,0,0
5063,M05063,L,299.3,311.6,1223,29.9,127,0,0,0,0,1,0
5064,L05064,L,300.4,309.7,2269,19.8,38,0,0,0,0,0,0
5065,H05065,L,297.9,309.2,2302,31.7,56,0,0,0,0,0,0
5066,H05066,M,297.4,308.3,1492,30.6,124,0,0,0,0,0,0
5067,M05067,L,297.1,309.7,1520,39.8,155,0,0,0,0,0,0
5068,M05068,L,297.6,308.6,1550,40.5,30,0,0,0,0,0,0
5069,H05069,M,301.4,310.2,2033,25.2,12,0,0,0,0,0,0
5070,L05070,L,301.6,309.6,1371,52.1,70,1,0,0,0,0,0
5071,H05071,M,298.2,307.9,1789,45.9,50,0,0,0,0,0,0
5072,H05072,M,300.6,311.7,2685,49.4,64,0,0,0,0,0,0
5073,H05073,L,302.3,312.1,2008,52.1,44,0,0,0,0,0,0
5074,H05074,L,299.7,310.3,2678,30.4,112,0,0,0,0,0,0
5075,M05075,H,298.5,311.5,2508,34.4,235,1,0,0,0,0,0
5076,M05076,L,299.2,310.2,1523,44.0,52,0,0,0,0,0,0
5077,L05077,M,302.9,308.1,2659,53.1,184,0,0,0,0,0,0
5078,L05078,L,299.9,309.7,2180,43.3,25,0,0,0,0,0,0
5079,L05079,L,304.3,309.4,1886,40.1,109,0,0,0,0,0,0
5080,L05080,L,298.7,308.5,2562,33.5,143,0,0,0,0,0,0
5081,H05081,L,299.0,310.0,1585,27.0,11,0,0,0,1,0,0
5082,M05082,L,297.2,309.3,2289,51.8,245,0,0,0,0,0,0
5083,M05083,M,302.1,310.2,2276,36.5,15,0,0,0,0,0,0
5084,L05084,H,300.2,310.7,1887,40.8,225,0,0,0,0,0,0
5085,L05085,M,298.2,311.7,1714,57.2,181,0,0,0,0,0,0
5086,H05086,L,299.3,310.0,2176,36.7,90,0,0,0,0,0,0
5087,H05087,M,301.0,308.9,1693,41.0,51,0,0,0,0,0,0
5088,L05088,M,298.3,309.5,2253,35.6,216,0,0,0,0,0,1
5089,M05089,H,300.7,309.6,1785,27.3,249,0,0,0,0,0,0
5090,M05090,L,301.8,312.3,1998,43.6,82,0,0,0,0,0,0
5091,M05091,M,299.1,309.9,1970,20.7,198,0,0,0,0,0,0
5092,L05092,L,296.3,310.5,1545,54.8,249,0,0,0,0,0,0
5093,M05093,L,299.5,311.1,2041,19.7,75,1,0,0,0,0,0
5094,H05094,H,299.0,311.4,1538,37.5,109,0,0,0,0,0,0
5095,H05095,L,297.5,310.2,2433,35.0,151,0,0,0,0,0,0
5096,L05096,L,301.2,309.7,2485,51.5,113,0,0,0,0,0,0
5097,H05097,M,301.3,309.5,2509,33.1,57,0,0,0,0,0,0
5098,L05098,L,300.4,308.7,2383,24.4,166,0,0,0,0,0,0
5099,M05099,M,299.1,310.9,2684,27.2,196,0,0,0,0,0,0
5100,M05100,M,300.3,312.7,1597,19.2,0,0,0,0,0,0,0
5101,M05101,L,298.7,311.4,1194,49.1,198,0,0,0,0,0,0
5102,H05102,L,301.4,310.0,1553,58.7,239,0,0,0,0,0,0
5103,L05103,M,299.1,308.7,1458,52.5,89,0,0,0,0,0,0
5104,M05104,L,299.5,309.4,1376,40.8,87,0,0,0,0,0,0
5105,L05105,H,299.7,310.4,1498,43.7,188,0,0,0,0,0,0
5106,M05106,M,306.5,309.7,1262,36.9,47,0,0,0,0,0,0
5107,H05107,L,298.0,309.9,2203,34.8,61,0,0,0,0,0,0
5108,H05108,L,299.1,310.4,1425,45.3,208,0,0,0,0,0,0
5109,L05109,H,296.8,310.2,2535,27.1,131,0,0,0,0,0,0
5110,H05110,L,300.5,312.3,1875,45.8,207,0,0,0,0,0,0
5111,H05111,L,303.5,312.3,1236,39.9,227,0,0,0,0,0,0
5112,L05112,M,299.5,309.7,2609,47.0,68,1,0,0,0,0,0
5113,M05113,M,298.7,311.0,1953,45.5,68,0,0,0,0,0,0
5114,H05114,M,299.9,308.6,1171,28.1,51,0,0,0,0,0,0
5115,L05115,L,302.1,310.9,1534,47.9,106,0,0,0,0,0,0
5116,H05116,M,302.8,310.5,2194,55.6,45,0,0,0,0,0,0
5117,H05117,M,297.9,309.1,1640,48.1,144,0,0,0,0,0,0
5118,H05118,M,301.3,311.2,2640,31.1,232,0,0,0,0,0,0
5119,H05119,H,299.8,309.0,2629,49.1,84,0,0,0,0,0,0
5120,L05120,L,302.9,309.9,1922,44.8,29,0,0,0,0,0,0
5121,L05121,M,304.6,310.1,2164,21.5,176,0,0,0,0,0,0
5122,L05122,H,303.6,308.3,2037,38.0,178,0,0,0,0,0,0
5123,H05123,L,298.0,310.2,2853,48.5,32,1,0,0,0,0,0
5124,H05124,L,298.3,309.1,1370,39.5,108,0,0,0,0,0,0
5125,H05125,M,303.4,309.6,2767,45.6,214,0,0,0,0,0,0
5126,L05126,L,299.8,309.9,1740,34.4,57,0,0,0,0,0,0
5127,H05127,L,298.5,308.3,2671,43.2,105,0,0,0,0,0,0
5128,M05128,L,297.3,309.5,1962,52.6,92,0,0,0,0,0,0
5129,H05129,L,300.3,309.8,2332,45.2,233,0,0,0,0,0,0
5130,M05130,L,299.2,309.6,1292,42.7,166,0,0,1,0,0,0
5131,H05131,L,300.8,309.0,1194,41.2,229,0,0,0,0,0,0
5132,L05132,H,300.4,308.6,1600,39.4,248,0,0,0,0,0,0
5133,H05133,M,297.6,309.0,2409,32.8,198,0,0,0,0,0,0
5134,M05134,M,298.4,308.1,2153,36.9,36,0,0,0,1,0,0
5135,M05135,L,301.9,309.2,1831,42.0,198,0,0,0,0,0,0
5136,H05136,M,302.1,311.2,2398,20.3,14,0,0,0,0,0,0
5137,M05137,M,299.3,308.5,2581,52.9,188,0,0,0,0,0,0
5138,M05138,M,300.4,310.9,2467,34.9,92,0,0,0,0,0,0
5139,L05139,L,297.9,308.7,2453,28.2,9,0,0,0,0,0,0
5140,H05140,L,299.9,310.5,2776,60.1,19,0,0,0,0,0,0
5141,H05141,M,302.2,312.6,2590,42.0,121,0,0,0,0,0,0
5142,H05142,M,303.3,310.6,1296,50.9,236,0,0,0,0,0,0
5143,M05143,M,299.7,309.8,1942,33.3,136,0,0,0,0,0,0
5144,H05144,L,299.4,309.8,2755,51.3,197,0,0,0,0,0,0
5145,H05145,L,297.1,310.9,2142,47.3,19,0,0,0,0,0,0
5146,L05146,M,298.8,310.4,2134,36.8,63,0,0,0,0,0,0
5147,L05147,L,299.9,310.3,2644,23.0,84,0,0,0,0,0,0
5148,L05148,M,299.7,309.5,2222,50.5,119,0,0,0,0,0,0
5149,M05149,H,298.9,310.3,1166,38.0,134,0,0,0,0,0,0
5150,H05150,M,302.4,308.2,1298,51.8,101,0,0,0,0,1,0
5151,L05151,L,300.8,309.4,2728,36.5,63,0,0,0,0,0,0
5152,L05152,L,299.7,311.8,2385,39.3,47,0,0,0,0,0,0
5153,L05153,M,301.4,310.9,2165,43.6,225,0,0,0,0,0,0
5154,H05154,M,299.9,309.9,1866,59.8,46,0,0,0,0,0,0
5155,H05155,L,303.1,308.9,1999,31.9,191,0,0,0,0,0,0
5156,H05156,L,298.4,312.0,2067,35.8,66,0,0,0,0,0,0
5157,M05157,L,300.7,309.4,2236,34.5,172,0,0,0,0,0,0
5158,M05158,M,295.7,309.0,2709,33.7,16,0,0,0,0,0,0
5159,L05159,M,299.2,310.2,2718,39.4,178,0,0,0,0,0,0
5160,H05160,H,300.3,309.5,2660,51.2,170,0,0,0,0,0,0
5161,L05161,L,299.4,308.0,1629,36.3,193,0,0,0,0,0,0
5162,H05162,M,297.8,308.6,1193,58.8,105,0,0,0,0,0,0
5163,H05163,L,298.6,309.8,2838,53.2,125,0,0,0,0,0,0
5164,H05164,L,298.0,308.9,2629,38.9,203,0,0,0,0,0,0
5165,M05165,M,299.8,308.4,2684,32.7,140,0,1,0,0,0,0
5166,M05166,L,301.6,308.5,2024,47.4,229,0,0,0,0,0,0
5167,H05167,L,299.3,309.8,1504,54.9,227,0,0,0,0,0,0
5168,L05168,M,303.6,309.9,2185,50.4,75,0,0,0,0,0,0
5169,H05169,L,300.5,310.8,1505,33.1,26,0,0,0,0,0,0
5170,H05170,L,295.9,308.8,2044,38.5,89,0,0,0,0,0,0
5171,L05171,L,300.7,309.8,2310,25.5,46,0,0,0,0,0,0
5172,H05172,L,299.9,309.3,1623,26.8,114,0,0,0,0,0,0
5173,L05173,H,302.8,310.6,2771,49.6,39,0,0,0,0,0,0
5174,M05174,L,300.0,310.0,1202,45.9,68,0,0,0,0,1,0
5175,M05175,M,299.5,310.3,2746,56.5,159,0,0,0,0,0,0
5176,L05176,L,304.1,311.2,1262,28.2,99,0,0,0,0,0,0
5177,M05177,L,295.8,310.2,2793,53.6,44,0,0,0,0,0,0
5178,M05178,L,299.3,311.1,2651,53.1,101,0,0,0,0,0,0
5179,L05179,M,300.5,308.7,2508,60.8,243,0,0,0,0,0,0
5180,M05180,L,299.2,308.5,1964,48.7,79,0,0,0,0,0,0
5181,H05181,M,295.8,311.3,2590,14.3,73,0,0,0,0,0,0
5182,H05182,L,300.8,310.3,2240,45.6,249,1,0,0,0,0,0
5183,L05183,H,299.1,310.6,1469,21.4,123,0,0,0,0,0,0
5184,M05184,M,299.7,311.2,1783,18.2,36,0,0,0,0,0,0
5185,H05185,M,302.5,309.2,2427,42.8,142,1,0,0,0,0,0
5186,H05186,M,300.6,309.4,1550,48.0,74,0,0,0,0,0,0
5187,M05187,M,298.8,310.8,2473,22.9,243,0,0,0,0,0,0
5188,M05188,M,300.8,309.7,1154,18.2,8,0,0,0,0,0,0
5189,H05189,L,299.2,309.4,2619,35.7,81,0,0,0,0,0,0
5190,H05190,L,299.4,308.7,2408,45.2,224,0,0,0,0,0,0
5191,L05191,M,301.5,310.9,1596,39.8,54,0,0,0,0,0,0
5192,L05192,L,298.7,309.5,1188,36.6,136,0,0,0,0,0,0
5193,H05193,L,301.1,310.9,1349,27.9,63,0,0,0,0,0,0
5194,L05194,L,299.5,310.5,2855,36.6,40,0,0,0,0,0,0
5195,H05195,L,299.0,311.4,1170,50.0,14,0,0,0,0,0,0
5196,H05196,M,299.0,308.3,2247,41.8,35,0,0,0,0,0,0
5197,L05197,L,298.8,307.1,1945,43.3,163,0,0,0,0,0,0
5198,L05198,H,300.2,311.8,1298,57.8,64,0,0,0,0,0,0
5199,M05199,H,299.5,311.0,1774,59.9,155,0,0,0,0,0,0
5200,M05200,H,302.7,309.0,2457,58.9,32,0,1,0,0,0,0
5201,M05201,L,298.2,309.2,1235,66.7,64,0,0,0,0,0,0
5202,H05202,L,301.1,310.0,2275,31.4,181,0,0,0,0,0,0
5203,L05203,H,302.3,309.8,1680,28.1,122,0,0,0,0,0,0
5204,H05204,H,303.5,309.3,1212,45.5,133,0,0,0,0,0,0
5205,L05205,M,298.4,309.2,2801,37.4,126,0,0,0,0,0,0
5206,H05206,L,302.0,309.5,1841,40.4,74,0,0,0,0,0,0
5207,M05207,L,300.4,310.5,1699,19.5,175,0,0,0,0,0,0
5208,M05208,M,302.1,310.0,1963,43.3,90,0,0,0,0,0,0
5209,M05209,L,298.7,309.5,1557,35.9,196,0,0,0,0,0,0
5210,H05210,M,299.8,309.3,2777,36.2,73,0,0,0,0,0,0
5211,L05211,M,299.3,312.1,2346,38.6,155,0,0,0,0,0,0
5212,L05212,M,299.1,309.4,1670,24.0,15,0,0,0,0,0,0
5213,M05213,L,300.1,310.5,2694,33.8,106,0,0,0,0,0,0
5214,M05214,L,305.0,312.5,1682,54.8,25,0,0,0,0,0,0
5215,M05215,H,301.3,310.7,1173,43.3,177,0,0,0,0,0,0
5216,M05216,M,299.3,310.5,1244,54.5,53,0,0,0,0,0,0
5217,L05217,M,299.4,311.2,1445,28.2,91,0,0,0,0,0,0
5218,H05218,M,301.1,311.4,2119,42.5,205,0,0,0,0,0,0
5219,H05219,M,299.6,310.0,2353,29.3,140,0,0,0,0,0,0
5220,H05220,M,299.6,308.7,2304,61.2,192,0,0,0,0,0,0
5221,H05221,L,297.8,309.8,1682,28.8,34,0,0,0,0,0,0
5222,M05222,L,299.9,310.6,2181,50.2,206,0,0,0,0,0,0
5223,M05223,L,294.9,309.7,2037,35.9,28,0,0,0,0,0,0
5224,M05224,L,296.5,309.8,2374,51.7,158,0,0,0,0,0,0
5225,H05225,L,299.3,311.6,2027,26.6,11,0,0,0,0,0,0
5226,M05226,L,301.3,310.8,1534,34.9,68,0,0,0,0,0,0
5227,M05227,M,303.2,310.6,2699,46.4,239,0,0,0,0,0,0
5228,L05228,L,300.8,309.0,1697,39.2,237,0,0,0,0,0,0
5229,L05229,L,301.1,309.8,2579,41.7,31,0,0,0,0,0,0
5230,M05230,L,300.2,310.4,1522,35.9,9,0,0,0,0,0,0
5231,L05231,M,301.7,310.7,2337,38.0,132,0,0,0,1,0,0
5232,L05232,L,300.4,311.6,1706,37.5,26,0,0,0,0,0,0
5233,M05233,L,300.7,310.7,1805,32.5,166,0,0,0,0,0,0
5234,M05234,L,296.9,309.5,1672,60.3,20,0,0,0,0,0,0
5235,M05235,M,300.5,311.9,1984,56.4,15,0,0,0,0,0,0
5236,M05236,H,300.0,309.7,2527,54.4,28,0,0,0,0,0,0
5237,H05237,H,299.2,310.9,2582,47.2,249,0,0,0,0,0,0
5238,H05238,L,299.3,309.4,1660,50.2,206,0,0,0,0,0,0
5239,M05239,M,297.3,309.2,2007,33.2,101,0,0,0,0,0,0
5240,L05240,L,301.1,308.6,2112,29.3,124,0,0,0,0,0,0
5241,M05241,L,300.5,308.7,1361,52.9,70,0,0,0,0,0,0
5242,M05242,L,300.1,309.5,2076,45.0,209,0,0,0,0,0,0
5243,L05243,L,300.5,311.3,1774,53.1,242,0,0,0,0,0,0
5244,H05244,M,297.5,310.3,1494,44.6,82,0,0,0,0,0,0
5245,M05245,L,303.5,308.2,2184,32.9,208,0,0,0,0,0,0
5246,M05246,L,301.9,310.8,1485,28.6,13,0,0,0,0,0,0
5247,H05247,L,301.2,310.0,2513,46.1,40,0,0,0,0,0,0
5248,H05248,L,303.0,311.5,2851,48.7,111,0,0,0,0,0,0
5249,L05249,M,300.4,309.5,2431,46.1,73,0,0,0,0,0,0
5250,H05250,M,299.4,309.1,1203,30.6,216,0,0,0,0,0,0
5251,H05251,M,300.5,311.7,1754,42.8,168,0,0,0,0,0,0
5252,H05252,L,303.1,311.0,1445,43.3,171,0,0,0,0,0,0
5253,L05253,L,298.2,308.3,2730,33.8,72,0,0,0,0,0,0
5254,H05254,L,303.0,310.4,2390,54.0,15,0,0,0,0,0,0
5255,H05255,H,297.3,308.3,1850,39.1,125,0,0,0,0,0,0
5256,L05256,H,301.1,311.0,1537,55.8,111,0,0,0,0,0,0
5257,H05257,M,302.0,308.9,2280,44.5,23,0,0,0,0,0,0
5258,H05258,L,301.3,308.7,2646,39.1,20,0,0,0,0,0,0
5259,L05259,L,302.1,311.4,2181,41.9,186,0,0,0,0,0,0
5260,M05260,L,299.7,310.4,2717,19.8,248,0,0,0,0,0,0
5261,L05261,M,297.5,310.7,2341,40.5,118,0,0,0,0,0,0
5262,H05262,M,302.1,309.5,2504,17.3,225,0,0,0,0,0,0
5263,H05263,M,303.7,309.9,1186,35.4,166,0,1,0,0,0,0
5264,H05264,M,299.7,311.6,2404,44.6,115,0,0,0,0,0,0
5265,L05265,L,301.4,310.3,1332,36.6,70,0,0,0,0,0,0
5266,H05266,L,298.3,312.3,1441,55.8,134,0,0,0,0,0,0
5267,H05267,L,298.2,309.8,2695,40.8,155,0,0,0,0,0,0
5268,L05268,L,300.2,311.0,1219,47.3,178,0,0,0,0,0,0
5269,M05269,L,298.5,311.1,1386,39.5,162,0,0,1,0,0,0
5270,M05270,M,300.2,310.2,1613,44.4,185,0,0,0,0,0,0
5271,H05271,M,306.1,311.4,2291,37.7,9,0,0,0,0,0,0
5272,L05272,L,298.6,309.5,1340,47.0,165,0,0,0,0,0,0
5273,H05273,L,300.7,310.9,2079,52.4,31,0,0,0,0,0,0
5274,L05274,L,296.5,309.0,2679,42.0,61,0,0,0,0,0,0
5275,L05275,M,301.0,308.7,2677,54.6,97,0,0,0,0,0,0
5276,M05276,L,298.6,310.0,1550,38.1,87,0,0,0,0,0,0
5277,M05277,L,300.6,309.9,1466,53.7,119,0,0,0,0,0,0
5278,L05278,M,300.5,308.9,1867,48.6,115,0,0,0,0,0,0
5279,H05279,L,300.3,310.8,1371,38.5,49,0,0,0,0,0,0
5280,M05280,L,298.1,311.6,1807,47.8,40,0,0,0,0,0,0
5281,H05281,M,299.4,309.7,2362,47.5,46,0,0,0,0,0,0
5282,M05282,M,300.5,311.0,1441,49.6,237,0,0,0,0,0,0
5283,M05283,M,299.5,309.4,2098,19.6,232,0,0,0,0,0,0
5284,H05284,L,302.8,309.8,1372,29.5,1,0,0,0,0,0,0
5285,M05285,L,300.1,310.0,1907,37.7,169,0,0,0,0,0,0
5286,M05286,M,298.0,310.8,1908,43.0,3,0,0,0,0,0,0
5287,H05287,L,300.9,309.9,2590,46.5,0,0,0,0,0,0,0
5288,M05288,M,295.1,308.0,2580,36.1,149,0,0,0,0,0,0
5289,M05289,M,303.9,311.2,1187,48.4,10,0,0,0,0,0,0
5290,M05290,H,296.6,310.1,2626,18.9,111,0,0,0,0,0,0
5291,H05291,L,301.8,307.7,2380,26.4,10,0,0,0,1,0,0
5292,L05292,L,301.5,311.4,2075,35.0,108,0,0,0,0,0,0
5293,H05293,L,297.7,311.5,1549,61.0,13,0,0,0,0,0,0
5294,L05294,M,301.1,308.9,2360,49.3,90,0,0,0,0,0,0
5295,M05295,L,298.6,308.6,2533,36.2,224,0,0,0,0,0,0
5296,L05296,L,299.7,311.1,2777,56.9,219,1,0,0,0,0,0
5297,H05297,L,300.9,311.1,2179,30.3,86,0,0,0,0,0,0
5298,H05298,L,299.9,310.5,2306,32.8,248,0,0,0,0,0,0
5299,M05299,L,298.0,309.6,2147,42.8,72,0,0,0,0,0,0
5300,L05300,L,300.8,309.2,2646,41.2,58,1,0,0,0,0,0
5301,M05301,M,299.6,310.6,2777,44.2,145,0,0,0,0,0,0
5302,M05302,L,299.8,309.4,1662,36.5,60,0,0,0,0,0,0
5303,H05303,L,299.9,309.4,1931,47.0,234,0,0,0,0,0,0
5304,L05304,M,297.3,310.8,1232,41.3,23,0,0,0,0,0,0
5305,L05305,M,297.8,311.0,2550,52.3,26,0,0,0,0,0,0
5306,L05306,L,298.8,311.5,1484,48.2,34,0,0,0,0,0,0
5307,L05307,L,300.8,308.2,1808,33.4,244,1,0,0,0,0,0
5308,M05308,M,298.1,309.5,1251,28.3,195,0,0,0,0,0,0
5309,M05309,L,302.4,309.7,2461,50.8,21,1,0,0,0,0,0
5310,H05310,L,300.4,310.0,1974,29.0,10,0,0,0,0,0,0
5311,M05311,L,300.7,308.7,2204,50.6,123,0,0,0,0,0,0
5312,M05312,L,299.3,310.6,2487,37.4,123,0,0,0,0,0,0
5313,H05313,L,296.8,311.9,2146,46.3,198,0,0,0,0,0,0
5314,H05314,M,301.1,308.8,1303,33.9,104,0,0,0,0,0,0
5315,H05315,M,298.6,310.2,1709,44.7,185,0,0,0,0,0,0
5316,M05316,L,297.0,311.3,2726,51.6,228,0,0,0,0,1,0
5317,M05317,L,298.3,309.8,2326,35.6,97,0,0,0,0,0,0
5318,H05318,M,299.8,309.3,2092,31.2,75,0,0,0,0,0,0
5319,H05319,L,295.2,310.2,1843,32.1,131,0,0,0,0,0,0
5320,H05320,L,299.3,310.7,1381,16.5,236,0,0,0,0,1,0
5321,M05321,M,302.0,308.7,2294,31.6,193,0,0,0,0,0,0
5322,M05322,M,300.1,311.0,2358,52.3,110,0,0,0,0,0,0
5323,L05323,L,302.4,309.8,2629,23.1,64,0,0,0,0,0,0
5324,M05324,M,299.2,309.3,1537,34.7,145,0,0,0,0,0,0
5325,M05325,L,302.3,308.5,1781,41.5,58,0,0,0,0,0,0
5326,M05326,L,297.3,309.3,2013,41.2,22,0,0,0,0,0,0
5327,H05327,L,301.2,309.4,2399,31.7,97,0,0,0,0,0,0
5328,M05328,M,299.8,308.8,2797,53.2,3,0,0,0,0,0,0
5329,H05329,M,302.7,310.5,2368,47.6,180,0,0,0,0,0,0
5330,L05330,M,299.2,310.1,1958,30.4,242,0,0,0,0,0,0
5331,L05331,L,297.9,311.0,2199,38.5,243,0,0,0,0,0,0
5332,H05332,L,301.0,310.7,2367,34.1,233,0,0,0,0,0,0
5333,H05333,L,303.3,309.4,2192,44.9,108,0,0,0,0,0,0
5334,H05334,L,300.5,309.7,2004,54.8,210,0,0,0,0,0,0
5335,M05335,L,299.9,309.3,1686,45.0,39,0,0,0,0,0,0
5336,L05336,H,297.6,308.4,1708,56.1,105,0,0,0,0,0,0
5337,H05337,M,301.9,310.4,1860,39.0,167,0,0,0,0,0,0
5338,M05338,L,299.9,310.2,2437,23.9,178,0,0,0,0,0,0
5339,L05339,L,301.4,309.4,2688,32.8,232,0,0,0,0,0,0
5340,M05340,L,300.4,310.8,2644,47.3,136,0,0,0,0,0,0
5341,L05341,M,304.1,309.7,1388,39.3,150,0,0,0,0,0,0
5342,M05342,M,298.9,311.2,1438,41.2,140,0,0,0,0,0,0
5343,L05343,M,299.0,309.8,1517,35.6,0,0,0,0,0,0,0
5344,L05344,L,302.0,308.7,1561,34.5,75,0,0,0,0,0,0
5345,M05345,L,302.1,311.5,2195,51.5,137,1,0,0,0,0,0
5346,H05346,H,302.1,310.4,1503,58.7,154,0,0,0,0,0,0
5347,L05347,H,300.0,309.1,2715,35.3,146,0,0,0,0,0,0
5348,H05348,L,300.4,309.6,2732,33.7,103,0,0,0,0,0,0
5349,M05349,L,297.3,309.2,1569,48.6,223,0,0,0,0,0,0
5350,H05350,L,299.7,311.0,2488,55.6,21,1,0,0,0,0,0
5351,H05351,M,300.6,307.9,1931,51.1,88,0,0,0,0,0,0
5352,H05352,M,300.6,310.3,1478,59.5,10,0,0,0,0,0,0
5353,H05353,M,298.5,308.3,2643,51.7,74,0,0,0,0,0,0
5354,H05354,L,297.8,308.1,2022,48.3,89,0,0,0,0,0,0
5355,L05355,L,302.1,310.4,1931,52.7,15,0,0,0,0,0,0
5356,L05356,L,301.8,308.8,2636,44.6,127,0,0,0,0,0,0
5357,L05357,H,299.5,310.7,2613,41.4,156,0,0,0,0,0,0
5358,M05358,L,302.1,311.0,2837,46.0,157,0,0,0,0,0,0
5359,H05359,M,301.9,309.6,1887,45.5,138,0,0,0,0,0,0
5360,L05360,L,296.6,310.5,2421,33.5,56,0,0,0,0,0,0
5361,M05361,H,299.8,311.5,2344,45.5,64,0,0,0,0,0,0
5362,L05362,M,302.7,309.0,1898,41.9,5,0,0,0,0,0,0
5363,L05363,L,296.8,310.9,1897,45.2,76,0,0,0,0,0,0
5364,H05364,M,297.1,309.2,2452,40.6,90,0,0,0,0,0,0
5365,M05365,L,301.3,310.0,1297,44.4,234,0,0,0,0,0,0
5366,H05366,L,302.6,309.4,1770,43.4,34,0,0,0,0,0,0
5367,H05367,L,299.4,309.4,1292,29.1,127,0,0,0,0,0,0
5368,L05368,H,299.1,309.6,2125,33.2,116,0,0,0,0,0,0
5369,H05369,H,296.6,309.4,1220,25.5,224,0,0,0,0,0,0
5370,M05370,L,299.4,309.9,1460,54.3,58,0,0,0,0,0,0
5371,H05371,M,297.1,311.2,1787,40.0,127,0,0,0,0,0,0
5372,H05372,M,299.3,308.6,1616,43.4,13,0,0,0,0,0,0
5373,H05373,M,302.6,310.4,1743,40.0,170,0,0,0,0,0,0
5374,L05374,L,297.4,308.9,1190,30.0,173,0,1,0,0,0,0
5375,M05375,L,299.5,309.0,2048,38.3,118,0,0,0,0,0,0
5376,L05376,M,301.7,308.1,1920,40.1,149,0,0,0,0,0,0
5377,L05377,L,298.4,311.1,1505,22.4,187,0,0,0,0,0,0
5378,L05378,L,300.8,309.8,2317,45.2,233,0,0,0,0,0,0
5379,L05379,M,301.6,309.1,2856,43.5,84,0,0,0,0,0,0
5380,L05380,L,300.2,310.1,1428,36.6,129,0,0,0,0,0,0
5381,M05381,H,300.2,309.7,2644,54.7,119,0,0,0,0,0,0
5382,H05382,L,297.8,311.1,1804,43.9,68,0,0,0,0,0,0
5383,L05383,H,299.2,309.0,2118,49.0,142,0,0,0,1,0,0
5384,L05384,L,300.3,309.9,2812,43.9,49,0,0,0,0,0,0
5385,M05385,L,296.2,310.9,1207,44.1,239,0,0,0,0,0,0
5386,M05386,L,295.5,308.9,1317,18.4,211,0,0,0,0,0,0
5387,H05387,M,299.7,309.5,2803,34.8,217,0,0,0,0,0,0
5388,M05388,M,300.8,308.7,2339,39.0,183,0,0,0,0,0,0
5389,H05389,L,300.2,309.1,1522,29.0,190,0,0,0,0,0,0
5390,L05390,L,296.8,308.4,1231,37.5,215,0,0,0,0,0,0
5391,L05391,M,302.2,308.9,1283,49.2,162,0,0,0,0,0,0
5392,H05392,L,300.2,308.7,1513,40.1,249,0,0,0,0,0,0
5393,M05393,M,301.9,309.3,2658,26.9,87,0,0,0,0,0,0
5394,H05394,L,298.7,311.0,2219,44.8,25,0,0,0,0,0,0
5395,M05395,M,300.5,310.3,1411,20.7,104,0,0,0,0,0,0
5396,L05396,M,301.0,311.3,1618,45.9,124,0,0,0,0,0,0
5397,M05397,H,302.0,309.6,2808,34.8,241,0,0,0,0,0,0
5398,H05398,M,301.8,309.1,2395,59.0,85,0,0,0,0,0,0
5399,H05399,L,298.4,309.9,1241,25.5,26,0,0,0,0,0,0
5400,L05400,L,299.8,309.4,1168,39.7,18,0,0,0,0,1,0
5401,M05401,M,299.0,310.4,1419,28.9,36,0,0,0,0,0,0
5402,M05402,L,300.3,308.5,1726,36.2,35,0,0,0,0,0,0
5403,M05403,M,297.1,309.9,2013,61.7,220,0,0,0,0,0,0
5404,L05404,M,296.8,311.5,1818,36.1,167,0,0,0,0,0,1
5405,M05405,L,304.8,309.1,1564,28.0,62,0,0,0,0,0,0
5406,H05406,L,303.9,309.6,2838,46.3,38,0,0,0,0,0,0
5407,M05407,L,302.3,308.3,2420,36.4,246,0,0,0,0,0,0
5408,L05408,L,301.0,311.1,2475,36.4,127,0,0,0,0,0,0
5409,M05409,L,301.6,309.9,1165,36.6,106,1,0,0,0,0,0
5410,M05410,L,301.6,309.5,1769,36.6,139,0,0,0,0,0,0
5411,H05411,L,303.3,310.0,1652,51.6,171,0,0,0,0,0,0
5412,M05412,L,299.0,309.9,2568,24.4,79,0,0,0,0,0,0
5413,H05413,L,298.5,309.3,1845,40.7,175,0,0,0,0,0,0
5414,H05414,L,300.0,308.6,2151,42.6,222,0,0,0,0,0,0
5415,L05415,L,301.2,310.2,1333,41.6,78,0,0,0,0,0,0
5416,H05416,M,299.5,310.0,1590,28.8,160,0,0,0,0,0,0
5417,H05417,L,298.9,309.6,1730,29.7,206,0,0,0,0,0,0
5418,L05418,L,302.9,309.7,2423,36.8,31,0,0,0,0,0,0
5419,H05419,M,298.3,311.1,1525,30.0,149,0,0,0,0,0,0
5420,L05420,H,302.9,310.3,2631,43.1,241,0,0,0,0,0,0
5421,M05421,L,301.9,308.7,2261,51.8,119,0,0,0,0,0,0
5422,L05422,L,303.8,311.3,1495,40.6,5,0,0,0,0,0,0
5423,H05423,L,304.4,310.7,1878,36.9,157,0,0,0,0,0,0
5424,L05424,L,300.7,310.6,1539,18.6,104,0,0,0,0,1,0
5425,H05425,H,304.2,309.2,1329,43.0,121,0,0,0,0,0,0
5426,M05426,M,301.0,310.9,1786,32.1,144,0,0,0,0,0,0
5427,L05427,M,300.8,310.2,1525,36.7,247,0,0,0,0,0,0
5428,M05428,L,300.4,308.8,1332,32.6,235,1,0,0,0,0,0
5429,H05429,M,299.1,310.3,1993,37.8,1,0,0,0,0,0,0
5430,H05430,L,301.5,311.0,1478,42.1,79,0,0,0,0,0,0
5431,M05431,L,302.3,310.6,1639,44.0,54,0,0,0,0,0,0
5432,L05432,L,297.2,308.2,1349,50.5,110,0,0,0,0,0,0
5433,L05433,L,305.1,310.4,1845,37.9,11,0,0,0,0,0,0
5434,H05434,L,303.2,309.6,1628,37.8,238,0,0,0,0,0,0
5435,M05435,M,298.8,308.1,1958,52.4,108,0,0,0,0,0,0
5436,M05436,L,301.1,310.6,2628,48.8,139,0,0,0,0,0,0
5437,L05437,L,299.9,310.7,2141,52.9,50,0,0,0,0,0,0
5438,L05438,L,300.7,310.0,2166,49.4,47,0,0,0,0,0,0
5439,L05439,L,299.7,309.0,2613,64.4,166,0,0,0,0,0,0
5440,M05440,M,301.0,311.4,2774,47.4,208,0,0,0,0,0,0
5441,L05441,M,297.9,310.5,1648,29.3,233,0,0,0,0,0,0
5442,L05442,M,304.4,310.6,1779,47.4,104,0,0,0,0,0,0
5443,H05443,L,298.0,310.9,2329,43.7,69,0,0,0,0,0,0
5444,L05444,M,301.1,311.2,2632,36.3,118,0,0,0,0,0,0
5445,L05445,M,298.6,310.3,2844,35.3,104,0,0,0,0,0,0
5446,M05446,L,299.7,308.9,1332,38.3,89,1,0,0,0,0,0
5447,M05447,L,300.9,309.3,1585,18.6,0,0,0,0,0,0,0
5448,H05448,M,300.2,309.5,2751,14.5,143,0,0,0,0,0,0
5449,L05449,L,300.3,311.2,1195,40.8,45,0,0,0,0,0,0
5450,H05450,L,299.3,310.2,2025,35.0,62,0,0,0,1,0,0
5451,M05451,L,298.6,309.3,1393,34.5,231,0,0,0,0,0,0
5452,H05452,L,301.3,309.8,1305,36.5,58,0,0,0,0,0,0
5453,M05453,L,298.3,311.3,2567,24.6,46,0,0,0,0,0,0
5454,H05454,L,298.7,310.6,2111,47.4,15,0,0,0,0,0,0
5455,H05455,M,298.7,311.0,1398,37.0,45,0,0,0,0,0,0
5456,L05456,L,299.3,308.9,2094,40.4,79,0,0,0,0,0,0
5457,H05457,M,297.2,309.8,2780,49.4,166,0,0,0,0,0,0
5458,L05458,L,297.2,309.4,2428,36.6,220,0,0,0,0,0,0
5459,L05459,H,301.1,311.5,2535,48.9,49,0,0,0,0,0,0
5460,L05460,H,301.1,309.9,1968,43.6,48,0,0,0,0,0,0
5461,L05461,M,300.6,309.4,1795,48.8,153,0,0,0,0,0,0
5462,H05462,H,302.8,308.0,1526,49.7,221,0,0,0,0,0,0
5463,M05463,M,298.2,311.4,1302,45.1,160,0,0,0,0,0,0
5464,M05464,M,296.5,311.5,1921,39.1,106,0,0,0,0,0,0
5465,M05465,L,301.6,307.9,1389,45.0,19,0,0,0,0,0,0
5466,H05466,L,296.5,310.2,2633,29.5,228,0,0,0,0,0,0
5467,L05467,M,299.7,310.9,2325,43.8,118,0,0,0,0,0,0
5468,M05468,L,300.6,310.5,2613,48.0,76,0,0,0,0,0,0
5469,H05469,M,304.1,309.6,1752,30.4,71,0,0,0,0,0,0
5470,L05470,M,298.9,309.1,1389,52.9,223,0,0,0,0,0,0
5471,M05471,L,299.1,311.2,2356,39.4,209,0,0,0,0,0,0
5472,L05472,M,301.3,310.8,1459,43.8,236,0,0,0,0,0,0
5473,M05473,L,301.2,310.6,1408,28.0,168,0,0,0,0,0,0
5474,M05474,L,299.3,311.2,2633,17.8,125,0,0,0,0,0,0
5475,M05475,L,300.4,312.2,1580,52.1,10,0,0,1,0,0,0
5476,L05476,L,298.5,309.7,1649,38.6,54,0,0,0,0,0,0
5477,H05477,L,300.9,309.7,1225,49.9,229,0,0,0,0,0,0
5478,L05478,L,296.8,309.6,1446,38.2,234,0,0,0,0,0,0
5479,M05479,L,305.8,309.1,2535,31.3,46,0,0,0,0,0,0
5480,L05480,M,301.4,311.2,1332,57.3,126,1,0,0,0,0,0
5481,H05481,M,297.8,311.3,2232,39.3,77,0,0,0,0,0,0
5482,L05482,L,299.5,311.1,2725,41.1,103,0,0,0,0,0,0
5483,H05483,L,297.9,311.7,2730,38.3,49,0,0,0,0,0,0
5484,H05484,M,298.4,310.1,2579,25.7,96,0,0,0,0,0,0
5485,L05485,M,300.4,310.4,1676,45.4,116,0,0,0,0,0,0
5486,M05486,L,302.8,310.7,2360,44.2,104,1,0,0,0,0,0
5487,H05487,L,299.8,309.6,2198,48.9,22,0,0,0,0,0,0
5488,L05488,M,296.2,308.9,1448,31.9,60,1,0,0,0,0,0
5489,H05489,M,298.8,310.1,2365,24.2,6,0,0,0,0,0,0
5490,M05490,L,298.9,309.5,1840,45.7,14,0,0,0,0,0,0
5491,L05491,L,300.2,312.2,1722,53.1,78,0,0,0,0,0,0
5492,L05492,L,299.7,308.5,2304,23.9,8,0,0,0,0,0,0
5493,L05493,M,295.6,309.9,1825,26.0,212,0,0,0,0,0,0
5494,M05494,L,298.2,310.3,2140,34.5,164,0,0,0,0,0,0
5495,H05495,L,297.8,309.2,1653,25.1,230,0,0,0,0,0,0
5496,L05496,L,301.8,309.5,2380,36.1,58,0,0,0,0,0,0
5497,H05497,H,299.4,310.1,1387,43.8,155,0,0,0,0,0,0
5498,H05498,M,296.0,308.8,1341,47.3,107,0,0,0,0,0,0
5499,M05499,M,298.3,310.4,2201,45.4,133,0,0,0,0,0,0
5500,L05500,M,302.3,311.6,2280,38.5,137,0,0,0,0,0,0
5501,H05501,L,298.8,309.6,2396,52.8,14,0,0,0,0,0,0
5502,L05502,H,298.6,310.8,2553,20.9,117,0,0,0,0,0,0
5503,L05503,L,299.7,311.7,1578,29.4,87,0,0,0,0,0,0
5504,M05504,M,300.5,311.0,1233,40.3,3,0,0,0,0,0,0
5505,L05505,L,299.7,309.3,1647,32.3,238,0,0,0,0,0,0
5506,L05506,L,302.0,308.5,1386,38.6,113,0,0,0,0,0,0
5507,H05507,L,299.7,309.7,1298,44.8,226,0,0,0,0,0,0
5508,M05508,M,301.3,310.1,2000,34.5,57,0,0,0,0,0,0
5509,L05509,M,300.4,307.9,1761,34.5,142,0,0,0,0,0,0
5510,H05510,L,297.4,310.0,1993,37.4,243,0,0,0,0,0,0
5511,M05511,L,303.6,309.2,2208,48.8,164,0,0,0,0,0,0
5512,M05512,H,302.3,309.9,2093,46.3,1,0,0,0,0,0,0
5513,H05513,L,298.9,309.7,1246,48.0,174,0,0,0,0,0,0
5514,H05514,M,299.8,309.8,2406,41.5,103,0,0,0,0,0,0
5515,H05515,M,301.2,310.8,1556,41.8,123,0,0,0,0,0,0
5516,H05516,L,300.4,309.0,2109,51.6,155,0,0,0,0,0,0
5517,H05517,L,300.2,308.2,1674,31.4,68,0,0,0,0,0,0
5518,L05518,L,301.0,310.8,2075,51.9,214,0,0,0,0,0,0
5519,L05519,L,300.7,310.6,1638,41.7,200,0,0,0,0,0,0
5520,M05520,L,300.7,310.5,1553,40.5,70,0,0,0,0,0,0
5521,L05521,L,300.2,309.1,1923,34.9,67,0,0,0,0,0,0
5522,L05522,L,301.3,310.6,2396,52.1,146,0,0,0,0,0,0
5523,L05523,M,300.4,308.7,1552,48.4,7,0,0,0,0,0,0
5524,H05524,M,300.5,309.7,1600,26.5,30,0,0,0,0,0,0
5525,M05525,L,302.7,311.5,2759,43.2,13,0,0,0,0,0,0
5526,M05526,L,300.9,310.6,1333,32.8,28,0,0,0,0,0,0
5527,M05527,L,300.7,309.9,1426,37.3,136,0,0,0,0,0,0
5528,M05528,L,298.2,309.9,2044,24.9,100,0,0,0,0,0,0
5529,L05529,M,298.3,308.9,2741,41.6,69,1,0,0,0,0,0
5530,L05530,L,302.3,311.6,2742,42.1,233,0,0,0,0,0,0
5531,H05531,M,301.1,311.0,2559,42.7,187,0,0,0,0,0,0
5532,M05532,L,301.8,310.8,2666,35.9,91,0,0,0,0,0,0
5533,L05533,M,300.4,309.9,2468,37.2,44,0,0,0,0,0,0
5534,L05534,L,300.8,309.6,1210,21.2,73,0,0,0,0,0,0
5535,H05535,M,299.7,309.2,2858,49.6,53,0,0,0,0,0,0
5536,H05536,H,299.9,311.4,2139,22.3,44,0,0,0,0,0,0
5537,H05537,M,299.2,308.2,2795,44.0,2,0,0,0,0,0,0
5538,L05538,M,302.7,310.6,1295,37.7,75,0,0,0,0,0,0
5539,L05539,L,298.6,308.4,2699,45.7,35,1,0,0,0,0,0
5540,H05540,H,300.6,309.8,1332,41.5,138,0,0,0,0,0,0
5541,M05541,L,299.7,310.0,1464,30.2,200,0,0,0,0,0,0
5542,H05542,L,301.9,308.7,1808,45.7,133,0,0,0,0,0,0
5543,H05543,L,300.5,309.1,1893,39.6,203,0,0,0,0,0,0
5544,H05544,H,300.9,310.7,2145,37.7,237,0,0,0,1,0,0
5545,H05545,M,300.4,311.5,1958,42.3,116,0,0,0,0,0,0
5546,L05546,H,298.0,310.3,1801,51.6,40,0,0,0,0,0,0
5547,M05547,M,301.1,309.3,2833,36.4,71,0,0,0,0,0,0
5548,H05548,L,299.8,309.0,2079,43.7,168,0,0,0,0,0,0
5549,M05549,H,298.5,309.3,2042,42.1,204,0,0,0,0,0,0
5550,M05550,H,297.2,310.0,1185,35.7,189,0,0,0,0,0,0
5551,M05551,L,298.4,310.3,1938,34.1,106,0,0,0,0,0,0
5552,H05552,L,301.5,311.2,2229,29.9,136,0,0,0,0,0,0
5553,L05553,M,303.5,309.9,2214,45.0,83,0,0,0,0,0,0
5554,H05554,H,300.2,309.3,1532,34.0,103,0,0,0,0,0,0
5555,M05555,M,298.0,308.9,1318,27.3,137,0,0,0,0,0,0
5556,M05556,M,300.8,309.8,1320,39.4,40,0,0,0,0,0,0
5557,L05557,H,302.2,308.4,2791,49.8,154,0,0,0,0,0,0
5558,H05558,M,303.8,309.4,1888,51.7,180,0,0,0,0,0,0
5559,M05559,M,302.5,308.7,2629,11.5,3,0,0,0,0,0,0
5560,L05560,M,300.4,309.7,1747,41.2,9,0,0,0,0,0,0
5561,M05561,L,301.2,310.5,2664,45.3,48,0,0,0,0,0,0
5562,L05562,M,298.6,310.4,2467,44.8,146,0,0,0,0,0,0
5563,L05563,L,301.6,310.7,2831,39.2,73,0,0,0,0,0,0
5564,H05564,M,301.9,309.1,2437,56.1,177,0,0,0,0,0,0
5565,M05565,L,295.0,311.4,1396,52.6,47,0,0,0,0,0,0
5566,H05566,L,300.3,310.7,1297,39.1,123,0,0,0,0,0,0
5567,M05567,L,303.0,310.6,1590,35.8,150,0,0,0,0,0,0
5568,H05568,M,298.7,311.1,1511,43.4,99,0,0,0,0,0,0
5569,M05569,L,295.7,310.2,1371,44.8,232,0,0,0,0,0,0
5570,H05570,L,299.9,309.9,1807,40.5,136,0,0,0,0,0,0
5571,L05571,L,302.2,311.3,1257,41.4,193,0,0,0,0,0,0
5572,M05572,L,300.8,309.2,2388,55.3,18,0,0,0,0,0,0
5573,M05573,L,300.1,309.8,2303,55.6,199,0,0,0,0,0,0
5574,L05574,L,298.1,311.2,1725,47.8,217,0,0,0,0,0,0
5575,H05575,L,297.8,309.8,1449,49.2,125,0,0,0,0,0,0
5576,M05576,L,300.4,309.4,2608,48.5,178,0,0,0,0,0,0
5577,M05577,L,299.9,309.1,2535,38.0,227,0,0,0,0,0,0
5578,H05578,L,301.7,310.2,1373,44.5,10,0,0,0,0,0,0
5579,L05579,M,300.9,309.6,1726,42.6,2,0,0,0,0,0,0
5580,H05580,L,298.5,310.5,2660,52.3,188,0,0,0,0,0,0
5581,H05581,L,300.5,311.6,2750,42.9,221,1,0,0,0,0,0
5582,H05582,L,300.2,311.1,2547,48.6,209,0,0,0,0,0,0
5583,M05583,L,296.7,307.7,2041,38.8,144,0,0,0,0,0,0
5584,L05584,L,299.2,310.7,1843,46.9,114,0,0,0,0,0,0
5585,L05585,L,300.1,310.8,2158,42.7,72,0,0,0,0,0,0
5586,H05586,M,299.8,309.7,2281,32.5,29,0,0,0,0,0,0
5587,M05587,M,300.6,311.2,2524,47.2,79,0,0,0,0,0,0
5588,H05588,L,300.2,310.3,1572,50.4,7,0,0,0,0,0,0
5589,M05589,M,300.7,308.1,2565,23.5,168,0,0,0,0,0,0
5590,M05590,L,300.3,310.1,2796,22.6,153,0,0,0,0,0,0
5591,M05591,H,300.0,309.7,1225,42.4,4,0,0,0,0,0,0
5592,M05592,L,300.3,309.4,1399,43.9,68,0,0,0,0,0,0
5593,L05593,M,299.3,310.4,1390,30.9,237,0,0,0,0,0,0
5594,M05594,L,299.2,310.7,2399,42.9,151,0,0,0,0,0,0
5595,M05595,M,300.2,310.7,1966,39.1,77,0,0,0,0,0,0
5596,H05596,L,296.0,310.7,2646,19.6,124,0,0,0,0,0,0
5597,H05597,L,299.3,308.8,2849,41.8,68,0,0,0,0,0,0
5598,L05598,M,298.6,308.9,2436,30.3,163,0,0,0,0,0,0
5599,H05599,L,298.3,310.3,1164,45.7,216,0,0,0,0,0,0
5600,M05600,M,299.4,311.1,1490,35.0,144,0,0,0,0,0,0
5601,H05601,M,297.3,310.4,1814,43.5,197,0,0,1,0,0,0
5602,L05602,L,299.4,307.9,1645,51.7,70,0,0,0,0,0,0
5603,H05603,L,300.5,310.5,2614,35.8,173,0,0,0,0,0,0
5604,H05604,L,302.1,308.4,1699,38.7,78,0,0,0,0,0,0
5605,L05605,M,304.4,310.7,1186,52.5,69,0,0,0,0,0,0
5606,L05606,L,296.3,309.4,2807,45.7,31,0,0,0,0,0,0
5607,M05607,L,298.1,310.3,1918,39.2,59,0,0,0,0,0,0
5608,H05608,H,299.4,312.1,2348,54.7,127,0,0,0,0,0,0
5609,M05609,L,300.3,309.6,1585,37.9,126,0,0,0,0,0,0
5610,H05610,H,300.7,309.2,1442,37.7,169,0,0,0,0,0,0
5611,H05611,M,298.8,309.6,1450,31.0,39,0,0,0,0,0,0
5612,M05612,L,294.9,308.5,2827,45.6,26,0,0,0,0,0,0
5613,H05613,L,302.1,309.0,2102,29.6,103,0,0,0,0,0,0
5614,H05614,M,301.0,311.1,2847,53.5,4,0,0,0,0,0,0
5615,H05615,L,301.4,308.0,2512,34.3,188,0,0,0,0,0,0
5616,L05616,L,299.6,309.4,2128,44.6,126,0,0,0,0,0,0
5617,M05617,L,300.7,310.2,2196,40.4,188,0,0,0,0,0,0
5618,L05618,M,296.0,309.6,1499,45.2,207,0,0,0,0,0,0
5619,M05619,M,297.9,311.3,1998,44.0,51,0,0,0,0,0,0
5620,M05620,L,302.4,309.8,2239,40.9,74,0,0,0,0,0,0
5621,H05621,L,300.1,309.7,2568,36.4,230,0,0,0,0,0,0
5622,M05622,M,303.7,310.1,1582,42.6,88,0,0,0,0,0,0
5623,L05623,H,298.1,310.3,2123,52.5,127,0,0,0,0,0,0
5624,L05624,L,305.1,310.0,2150,37.0,65,0,0,0,0,0,0
5625,L05625,L,305.4,309.9,1719,28.8,219,0,0,0,0,0,0
5626,M05626,M,298.7,308.0,2166,46.5,134,0,0,0,0,0,0
5627,L05627,M,299.1,308.9,1178,42.6,165,0,0,0,0,0,0
5628,M05628,M,302.5,310.6,2256,53.5,178,0,0,0,0,0,0
5629,L05629,H,298.9,311.0,2649,45.5,126,1,0,0,0,0,0
5630,L05630,M,299.5,311.3,2608,52.5,113,0,0,0,0,0,0
5631,M05631,L,298.5,308.6,1790,57.3,0,0,0,0,0,0,0
5632,L05632,M,298.6,309.2,2306,37.2,209,0,0,0,0,0,0
5633,H05633,M,300.2,311.5,1264,39.0,75,0,0,0,0,0,0
5634,M05634,H,299.5,309.6,2207,51.1,244,0,0,0,0,0,0
5635,M05635,L,295.8,310.6,1786,40.8,176,0,0,0,0,0,0
5636,M05636,L,302.9,313.4,2251,36.0,199,0,0,0,0,0,0
5637,H05637,M,303.2,311.0,1424,37.3,19,0,0,0,0,0,0
5638,M05638,L,301.0,309.8,1493,33.8,98,0,0,0,0,0,0
5639,L05639,L,300.3,309.9,1829,19.8,41,0,0,0,0,0,0
5640,L05640,M,298.1,310.5,1230,46.5,143,0,0,0,0,0,0
5641,L05641,L,299.1,308.1,1756,32.7,241,0,0,0,0,0,0
5642,M05642,M,302.2,310.4,1870,25.4,32,0,0,0,0,0,0
5643,L05643,M,301.2,309.7,1221,48.8,231,0,0,0,0,0,0
5644,M05644,L,300.9,309.9,2318,25.6,88,0,0,0,0,0,0
5645,L05645,H,301.0,310.1,2211,51.3,82,0,0,0,0,0,0
5646,H05646,M,302.1,311.6,1623,46.7,226,0,0,0,0,0,0
5647,H05647,L,301.8,310.3,2170,44.5,15,0,0,0,0,0,0
5648,H05648,L,301.4,310.2,1320,28.2,143,0,0,0,0,0,0
5649,H05649,H,299.3,310.7,1189,21.7,175,0,0,0,0,0,0
5650,M05650,L,303.4,310.1,2346,32.8,88,0,0,0,0,0,0
5651,L05651,L,299.0,310.7,1573,14.6,223,0,0,0,0,0,0
5652,H05652,L,298.3,309.9,2372,16.6,54,1,0,0,0,0,0
5653,M05653,L,298.9,311.2,2037,48.5,235,0,0,0,0,0,0
5654,H05654,L,297.6,311.3,2395,60.1,155,0,0,0,0,0,0
5655,H05655,H,301.2,310.7,2775,41.2,200,0,0,0,0,0,0
5656,M05656,M,300.0,307.7,1947,40.3,209,0,0,0,0,0,0
5657,M05657,L,302.3,310.2,2848,34.0,150,0,0,0,0,0,0
5658,L05658,L,295.1,308.1,1599,49.0,29,0,0,0,0,0,0
5659,L05659,M,300.4,310.4,2601,24.5,188,0,0,0,0,0,0
5660,H05660,L,299.5,311.6,2621,41.9,95,0,0,0,0,0,0
5661,H05661,M,299.3,311.1,1794,58.4,87,0,0,0,1,0,0
5662,L05662,M,297.9,309.7,1581,41.6,202,0,0,0,0,0,0
5663,L05663,M,300.1,309.8,1471,37.1,243,0,0,0,0,0,0
5664,M05664,L,298.5,308.2,2325,55.3,124,0,0,0,0,0,0
5665,L05665,L,303.0,310.0,2218,59.1,25,0,0,0,0,0,0
5666,L05666,L,301.3,309.8,2169,55.0,138,0,0,0,0,0,0
5667,H05667,L,302.0,308.7,1473,39.2,19,0,0,0,0,0,0
5668,L05668,L,296.5,309.0,1561,48.5,43,0,0,0,0,0,0
5669,H05669,H,301.8,308.8,2434,55.2,17,0,0,0,0,0,0
5670,L05670,M,301.6,312.1,2392,35.1,161,0,0,0,0,0,0
5671,M05671,H,299.2,310.1,1769,31.2,99,0,0,0,0,0,0
5672,L05672,M,299.6,310.8,1196,44.2,3,0,0,0,0,0,0
5673,L05673,L,298.0,310.9,1794,29.8,212,0,0,0,0,0,0
5674,L05674,M,299.4,311.6,1782,28.1,89,0,0,0,0,0,0
5675,H05675,L,301.1,311.6,1990,34.4,141,0,0,0,0,0,0
5676,M05676,L,298.7,310.9,1452,31.5,89,0,0,0,0,0,0
5677,L05677,L,300.1,308.5,2363,30.3,140,0,0,0,0,1,0
5678,H05678,M,305.1,311.0,1921,41.6,89,0,0,0,0,0,0
5679,M05679,M,298.0,309.6,2133,42.9,40,0,0,0,0,0,0
5680,H05680,L,300.7,308.7,2008,26.2,206,0,0,0,0,0,0
5681,H05681,L,297.9,309.6,1726,43.9,90,0,0,0,0,0,0
5682,M05682,L,297.0,310.2,2013,41.8,184,0,0,0,0,0,0
5683,L05683,L,301.6,307.4,1485,29.9,214,0,0,0,0,0,0
5684,H05684,L,299.2,310.4,2393,40.3,21,0,0,0,0,0,0
5685,H05685,M,303.2,311.1,1809,42.7,137,0,0,0,0,0,0
5686,L05686,M,301.1,310.1,1761,43.7,196,0,0,0,0,0,0
5687,L05687,L,298.4,308.9,2292,48.9,195,0,0,0,0,0,0
5688,M05688,M,298.2,310.6,2794,48.2,49,0,0,0,0,0,0
5689,M05689,L,301.4,310.0,2053,40.4,99,1,0,0,0,0,0
5690,M05690,H,297.9,311.7,1231,31.1,15,0,0,0,0,0,0
5691,L05691,L,297.8,307.7,2186,35.3,223,0,0,0,0,0,0
5692,H05692,M,296.6,307.4,2118,42.1,138,0,0,0,0,0,0
5693,H05693,H,301.2,309.9,1627,52.9,102,0,0,0,0,0,0
5694,M05694,M,298.4,309.5,1448,17.0,224,0,1,0,0,0,0
5695,L05695,L,300.7,310.3,1241,41.0,226,0,0,0,0,0,0
5696,H05696,M,297.4,310.4,1899,38.5,239,0,0,0,0,0,0
5697,M05697,L,296.7,311.5,1845,42.8,195,0,0,0,0,0,0
5698,H05698,L,301.4,309.8,1871,26.3,214,0,0,0,0,0,0
5699,H05699,L,299.7,310.4,2449,49.1,66,0,0,0,0,0,0
5700,L05700,H,298.6,308.7,1453,39.8,19,0,0,0,0,0,0
5701,L05701,H,299.0,312.5,2017,37.4,192,0,0,0,0,0,0
5702,H05702,L,299.0,311.1,1936,44.0,32,0,0,0,0,0,0
5703,M05703,L,304.1,310.9,2446,43.2,137,0,0,0,0,0,0
5704,L05704,H,300.5,309.2,2585,40.3,235,0,0,0,0,0,0
5705,H05705,L,300.3,311.4,1185,34.5,194,0,0,0,0,0,0
5706,L05706,L,298.5,311.0,1571,37.8,54,0,0,0,0,0,0
5707,L05707,L,301.6,310.6,2651,40.3,159,0,0,0,0,0,0
5708,L05708,M,297.7,309.9,2675,58.2,44,0,0,0,0,0,0
5709,H05709,L,301.0,308.9,1487,41.1,186,0,0,0,0,0,0
5710,M05710,M,301.0,309.9,1731,46.7,101,0,0,0,0,0,0
5711,M05711,L,302.0,309.2,1777,48.6,30,0,0,0,0,0,0
5712,M05712,L,296.1,310.4,2583,40.2,212,0,0,0,0,0,0
5713,L05713,L,302.3,308.9,1612,53.7,215,0,0,0,0,0,0
5714,H05714,L,300.7,309.3,2686,23.2,122,0,0,0,0,0,0
5715,L05715,L,298.5,307.9,1230,43.1,87,0,0,0,0,0,0
5716,M05716,L,295.7,310.5,2652,51.1,179,0,0,0,0,0,0
5717,M05717,M,299.2,310.4,2559,45.2,137,0,0,0,0,0,0
5718,H05718,L,300.4,309.5,1569,22.1,5,0,0,0,0,0,0
5719,L05719,M,297.0,307.6,2613,42.9,219,0,0,0,0,0,0
5720,M05720,H,298.3,308.3,1184,39.6,128,0,0,0,0,0,0
5721,H05721,M,297.5,310.1,2044,40.7,249,0,0,0,0,0,0
5722,L05722,H,299.1,311.0,1944,36.9,110,0,0,0,0,0,0
5723,L05723,L,297.8,309.0,1650,48.4,173,0,0,0,0,0,0
5724,M05724,L,304.3,311.2,1333,38.6,107,0,0,0,0,0,0
5725,M05725,H,301.7,311.7,1707,52.8,73,0,0,0,0,0,0
5726,L05726,M,297.8,310.5,2321,41.5,104,0,0,0,0,0,0
5727,L05727,M,298.1,311.0,2437,34.1,157,0,0,0,0,0,0
5728,M05728,M,297.0,308.9,2778,59.3,116,0,0,0,0,0,0
5729,L05729,M,299.7,308.2,1989,32.1,78,0,0,0,0,0,0
5730,M05730,L,303.6,311.9,2662,36.7,205,0,0,0,0,0,0
5731,L05731,M,302.4,309.0,2799,43.3,190,0,0,0,0,0,0
5732,M05732,L,300.4,311.2,1431,25.2,87,0,0,0,0,0,0
5733,H05733,L,299.4,310.4,1764,42.0,62,0,0,0,0,0,0
5734,M05734,L,301.1,311.8,1351,34.1,73,0,0,0,0,0,0
5735,M05735,L,300.6,310.8,1723,62.6,217,0,0,0,0,0,0
5736,H05736,L,300.9,308.8,2779,37.6,128,0,0,0,0,0,0
5737,L05737,M,300.4,309.7,1566,29.9,125,0,0,0,0,0,0
5738,H05738,M,300.9,310.7,1466,43.5,19,0,0,0,0,0,0
5739,M05739,M,297.2,309.5,2401,41.1,28,0,0,0,0,0,0
5740,L05740,L,299.8,311.0,2065,48.1,161,0,0,0,0,0,0
5741,H05741,H,300.5,310.1,2241,31.4,193,0,0,0,0,0,0
5742,L05742,L,299.1,311.1,2132,55.3,193,0,0,0,0,0,0
5743,L05743,M,297.5,311.1,1946,43.7,129,0,0,0,0,0,0
5744,H05744,L,300.0,310.3,2653,32.7,199,0,0,0,0,0,0
5745,L05745,L,308.3,309.9,1826,41.2,53,0,0,0,0,0,0
5746,H05746,L,298.4,309.5,2274,46.4,88,0,0,0,0,0,0
5747,M05747,M,299.7,308.9,1392,45.0,17,0,0,0,0,0,0
5748,L05748,L,302.5,311.7,2263,27.9,236,0,0,0,0,0,0
5749,M05749,L,303.5,310.1,2050,20.7,208,0,0,0,0,0,0
5750,M05750,L,298.8,309.8,2773,26.4,29,0,0,0,1,0,0
5751,L05751,L,301.9,309.8,1276,42.2,7,0,0,0,0,0,0
5752,H05752,M,301.6,309.9,1768,43.8,169,0,0,0,0,0,0
5753,L05753,L,299.0,309.5,1983,13.3,237,0,0,0,0,0,0
5754,M05754,L,301.2,309.4,2572,42.8,156,0,0,0,0,0,0
5755,M05755,L,299.7,308.6,2475,32.6,50,0,0,0,0,0,0
5756,H05756,L,298.7,310.0,2667,27.8,82,0,0,0,0,0,0
5757,L05757,L,303.4,311.3,2149,33.8,119,0,0,0,0,0,0
5758,M05758,M,301.3,309.3,1905,40.6,100,0,0,0,0,0,0
5759,M05759,L,296.6,310.6,1925,39.1,151,0,0,0,0,0,0
5760,M05760,L,299.7,310.6,2594,17.6,209,0,0,0,0,0,0
5761,H05761,L,299.0,310.4,2786,54.5,137,0,0,0,0,0,0
5762,M05762,L,299.6,311.9,2315,46.5,143,0,0,0,0,0,0
5763,M05763,L,301.0,310.6,1402,41.5,120,0,0,0,0,0,0
5764,L05764,L,300.6,310.1,1222,22.9,49,0,0,0,0,0,0
5765,L05765,L,302.9,310.3,2387,31.8,40,0,0,0,0,0,0
5766,M05766,L,302.4,310.8,1528,39.3,233,0,0,0,0,0,0
5767,M05767,M,297.6,311.7,1448,47.7,53,0,0,0,0,0,0
5768,L05768,M,299.8,309.8,2094,50.8,43,0,0,0,0,0,0
5769,H05769,M,296.1,310.2,2552,65.0,59,0,0,0,0,0,0
5770,H05770,L,298.0,313.1,1641,41.5,68,0,0,0,0,0,0
5771,H05771,M,295.8,310.0,1833,33.5,78,0,0,0,0,0,0
5772,H05772,H,296.9,309.9,1453,47.5,22,0,0,0,0,0,0
5773,H05773,M,302.8,309.2,2671,30.1,222,0,0,0,0,0,0
5774,H05774,L,301.5,310.1,2410,43.6,93,1,0,0,0,0,0
5775,H05775,L,301.2,309.9,2403,61.5,70,0,0,0,0,0,0
5776,H05776,L,302.4,310.4,2180,36.9,19,1,0,0,0,0,0
5777,L05777,L,301.2,310.3,1405,33.7,38,0,0,0,0,0,0
5778,H05778,L,299.8,308.0,2344,26.1,2,0,0,0,0,0,0
5779,H05779,M,298.8,308.7,2725,41.5,2,0,0,0,0,0,0
5780,H05780,M,303.4,309.8,2461,25.0,158,0,0,0,0,0,0
5781,M05781,L,302.6,309.6,1383,29.0,6,0,0,0,0,0,0
5782,L05782,L,299.6,309.0,2022,26.5,128,0,0,0,0,0,0
5783,L05783,L,301.5,308.2,1642,50.5,183,0,0,0,0,0,0
5784,L05784,L,294.4,311.6,2384,38.4,154,1,0,0,0,0,0
5785,H05785,L,301.6,311.6,2540,53.6,241,0,0,0,0,0,0
5786,H05786,L,299.0,310.8,1378,42.2,192,0,0,0,0,0,0
5787,M05787,L,305.4,309.4,1494,35.5,69,0,0,0,0,0,0
5788,L05788,H,302.3,311.5,1226,46.2,211,0,0,0,0,0,0
5789,H05789,L,296.1,309.3,2633,46.4,166,0,0,0,0,0,0
5790,L05790,L,298.6,310.4,1414,52.0,107,0,0,0,0,0,0
5791,M05791,L,300.1,309.2,2677,31.2,2,0,0,0,0,0,0
5792,M05792,L,299.9,310.0,1893,40.2,186,0,0,0,0,0,0
5793,M05793,L,299.8,310.5,2822,28.4,1,0,0,0,0,0,0
5794,L05794,M,302.0,308.5,2749,42.4,174,0,0,0,0,0,0
5795,H05795,L,298.9,309.6,1394,13.0,95,0,0,0,0,0,0
5796,H05796,L,299.9,310.3,1578,30.1,19,0,0,0,0,0,0
5797,M05797,M,303.1,308.7,2264,32.4,227,0,0,0,0,0,0
5798,H05798,L,303.1,309.1,1594,39.8,26,0,0,0,0,0,0
5799,M05799,L,302.0,310.3,2406,50.3,83,0,0,0,0,0,0
5800,L05800,L,299.3,309.5,2012,22.6,18,0,1,0,0,0,0
5801,M05801,M,298.6,308.8,1603,48.5,182,0,0,0,1,0,0
5802,L05802,L,299.9,310.0,1498,43.4,62,0,0,0,0,0,0
5803,M05803,L,300.1,310.4,2267,44.1,212,0,0,0,0,0,0
5804,H05804,M,299.9,312.2,1571,37.2,42,0,0,0,0,0,0
5805,H05805,L,301.1,310.1,1864,47.2,211,0,0,0,0,0,0
5806,M05806,L,300.7,310.0,1639,38.2,132,0,0,0,0,0,0
5807,H05807,L,300.6,309.7,1835,31.1,118,0,0,0,0,0,0
5808,H05808,M,299.1,311.1,2297,38.0,147,0,0,0,0,0,0
5809,H05809,M,297.6,310.3,1731,41.1,203,0,0,0,0,0,0
5810,L05810,H,301.4,310.8,1764,29.6,111,0,0,0,0,0,0
5811,H05811,H,300.1,310.2,2406,15.7,188,0,0,0,0,0,0
5812,L05812,M,300.8,310.9,2237,46.6,189,0,0,0,0,0,0
5813,M05813,M,300.9,310.4,2780,32.4,73,0,0,0,0,0,0
5814,H05814,M,295.9,308.6,1312,14.5,244,0,0,0,0,0,0
5815,H05815,L,303.4,309.7,1929,41.2,190,0,0,0,0,0,0
5816,H05816,L,298.9,309.7,1453,38.4,149,0,0,0,0,0,0
5817,M05817,L,302.7,310.4,1468,26.4,37,0,0,0,0,0,0
5818,L05818,L,300.8,310.2,1834,33.5,91,0,0,0,0,0,0
5819,L05819,M,297.8,311.3,2179,49.7,139,0,0,0,0,0,0
5820,H05820,L,298.6,310.4,2474,24.3,102,0,0,0,0,0,0
5821,M05821,L,298.6,310.5,1250,34.5,201,0,0,0,0,0,0
5822,M05822,L,298.7,309.0,1565,44.3,239,0,0,0,0,0,0
5823,M05823,M,296.5,310.2,2113,24.7,60,0,0,0,0,0,0
5824,M05824,M,298.4,309.8,2533,58.3,98,0,0,0,0,0,0
5825,M05825,L,301.9,307.9,2304,48.6,47,0,0,0,0,0,0
5826,L05826,L,302.1,308.7,2044,57.1,235,0,0,0,0,0,0
5827,L05827,L,298.6,310.7,1535,39.8,231,0,0,0,0,0,0
5828,L05828,L,296.3,310.7,2193,55.2,228,0,0,0,0,0,0
5829,H05829,L,301.3,309.4,1444,41.3,144,0,0,0,0,0,0
5830,M05830,M,297.8,309.4,1545,37.2,243,0,0,0,0,0,0
5831,H05831,L,298.0,308.9,2618,28.7,218,0,0,0,0,0,0
5832,M05832,L,299.4,311.0,1441,42.6,51,0,0,0,0,0,0
5833,L05833,L,299.2,309.2,2663,33.3,45,0,0,0,0,0,0
5834,H05834,L,298.4,309.4,1497,32.9,55,0,0,0,0,0,0
5835,L05835,L,298.6,311.0,2438,41.4,28,0,0,0,0,0,0
5836,M05836,L,299.0,311.0,1914,57.4,217,0,0,0,0,0,0
5837,M05837,L,298.6,309.8,1193,53.2,72,0,0,0,0,0,0
5838,M05838,M,298.7,310.0,1224,48.2,178,0,0,0,0,0,0
5839,L05839,L,299.4,310.5,1202,39.5,126,0,0,0,0,0,0
5840,M05840,L,300.7,309.6,2459,40.8,203,0,0,0,0,0,0
5841,L05841,L,300.5,309.9,1215,54.6,234,0,0,0,0,0,0
5842,H05842,M,298.9,309.8,1187,45.0,153,0,0,0,0,0,0
5843,M05843,L,299.4,310.7,1915,13.3,224,0,0,0,0,0,0
5844,M05844,M,302.7,311.4,1566,64.5,223,0,0,0,0,0,0
5845,M05845,H,302.0,311.1,1860,39.7,74,0,0,0,0,0,0
5846,H05846,L,301.1,311.0,1897,40.5,28,0,0,0,0,0,0
5847,M05847,M,296.5,308.9,2642,42.0,186,0,0,0,0,0,0
5848,L05848,M,300.2,311.3,2228,40.6,7,0,0,0,0,0,0
5849,L05849,L,298.6,309.3,1993,38.0,24,0,0,0,0,0,0
5850,M05850,M,298.1,308.2,1265,25.0,211,0,0,0,0,0,0
5851,M05851,L,299.3,309.2,2770,27.4,148,0,0,0,0,0,0
5852,H05852,L,302.1,309.9,1428,57.1,3,0,0,0,0,0,0
5853,H05853,M,301.8,308.0,1603,32.8,35,0,0,0,0,0,0
5854,H05854,M,298.8,310.7,2315,51.0,170,1,0,0,0,0,0
5855,M05855,H,300.2,310.8,1757,42.8,220,0,0,0,0,0,0
5856,H05856,L,299.2,309.6,2222,16.8,82,0,0,0,0,0,0
5857,H05857,L,299.5,308.8,1518,27.4,153,0,0,0,0,0,0
5858,L05858,L,302.0,310.9,1519,31.9,35,0,0,0,0,0,0
5859,H05859,L,299.9,309.1,1450,47.2,216,0,0,0,0,0,0
5860,L05860,L,296.5,308.4,1866,37.5,150,0,0,0,0,0,0
5861,L05861,L,300.3,309.9,2120,47.3,229,0,0,0,0,0,0
5862,H05862,L,303.6,310.0,2525,37.1,219,0,0,0,0,0,0
5863,L05863,L,298.6,310.3,1344,46.2,168,0,0,0,0,0,0
5864,M05864,L,303.1,310.8,2478,29.3,74,0,0,0,0,0,0
5865,M05865,H,301.2,310.9,1399,35.1,92,0,0,0,0,0,0
5866,H05866,M,302.4,308.7,1407,43.1,171,0,0,0,0,0,0
5867,M05867,L,301.8,308.0,2139,37.0,49,0,0,0,0,0,0
5868,L05868,M,300.4,310.5,2623,40.3,211,0,0,0,0,0,0
5869,M05869,M,298.8,310.0,1208,40.4,8,0,0,0,0,0,0
5870,H05870,M,300.4,309.5,2394,47.8,215,0,0,0,0,0,0
5871,H05871,L,300.5,309.9,2745,40.4,174,0,0,0,0,0,0
5872,L05872,L,301.9,309.2,2707,38.9,112,0,0,0,0,0,0
5873,H05873,M,295.5,311.7,2535,43.3,168,0,0,0,0,0,0
5874,M05874,L,297.1,308.0,2091,45.4,12,1,0,0,0,0,0
5875,H05875,H,300.5,310.4,2226,41.2,185,0,0,0,0,0,0
5876,L05876,M,300.7,308.7,1936,29.0,193,1,0,0,0,0,0
5877,H05877,H,298.3,309.3,1710,48.3,80,0,0,0,0,0,0
5878,M05878,L,300.7,309.6,2125,46.4,241,0,0,0,0,0,0
5879,L05879,L,301.4,309.0,1678,36.7,185,0,0,0,0,0,0
5880,M05880,L,299.6,309.8,1647,45.2,218,0,0,0,0,0,0
5881,L05881,H,302.9,307.4,1788,59.0,101,0,0,0,0,0,0
5882,H05882,L,303.2,308.5,2170,37.3,65,0,0,0,0,0,0
5883,L05883,L,300.2,308.1,1304,39.6,160,0,0,0,0,0,0
5884,L05884,L,301.7,308.8,2152,42.6,196,0,0,0,0,0,0
5885,H05885,L,296.6,309.2,2663,69.2,77,0,0,0,0,0,0
5886,M05886,L,302.1,310.0,1947,41.8,26,0,0,0,0,0,0
5887,H05887,L,302.9,309.4,1227,33.6,49,0,0,0,0,0,0
5888,L05888,M,298.0,309.1,2347,27.0,58,0,0,0,0,0,0
5889,H05889,L,301.2,309.5,2791,36.6,99,0,0,0,0,0,0
5890,L05890,M,296.3,309.3,1469,39.5,218,1,0,0,0,0,0
5891,H05891,M,298.4,309.6,2205,46.1,77,0,0,0,0,0,0
5892,H05892,M,299.0,309.7,2465,40.2,206,0,0,0,0,0,0
5893,M05893,M,297.1,309.2,1671,40.6,154,0,0,0,0,0,0
5894,L05894,L,299.5,308.4,2488,41.9,186,0,0,0,0,0,0
5895,M05895,L,299.4,310.0,1763,41.6,183,0,0,0,0,1,0
5896,L05896,M,301.2,310.8,1779,52.2,249,0,0,0,0,0,0
5897,H05897,L,297.0,308.9,1818,30.6,122,0,0,0,0,0,0
5898,L05898,L,301.2,309.9,2440,58.8,245,0,0,0,0,0,0
5899,M05899,L,298.4,309.6,2595,53.7,71,0,0,0,0,0,0
5900,M05900,M,297.4,310.6,1394,50.2,212,0,0,0,0,0,0
5901,M05901,L,299.6,309.1,1740,31.6,161,0,0,0,0,0,0
5902,L05902,L,301.5,309.8,1821,38.6,48,0,0,0,0,0,0
5903,M05903,L,299.0,309.9,2264,32.7,219,0,0,1,0,0,0
5904,M05904,H,301.0,310.3,2019,31.5,215,0,0,0,0,0,0
5905,M05905,L,300.6,308.9,2609,37.2,144,0,0,0,0,0,0
5906,H05906,M,306.3,310.3,1790,38.6,121,0,0,0,0,0,0
5907,H05907,L,299.4,309.5,2662,36.4,248,0,0,0,0,0,0
5908,L05908,M,299.7,310.5,1163,40.3,115,0,0,0,0,0,0
5909,L05909,L,302.2,309.6,2048,48.3,69,1,0,1,0,0,0
5910,M05910,M,299.9,311.3,1435,47.6,165,0,0,0,0,0,0
5911,H05911,L,300.5,308.4,1820,43.8,210,0,0,0,0,0,0
5912,M05912,L,296.5,310.5,1790,39.2,0,0,0,0,0,0,0
5913,M05913,M,299.8,310.3,1835,36.1,165,1,0,0,0,0,0
5914,H05914,M,298.6,310.5,2571,42.9,25,0,0,0,0,0,0
5915,H05915,M,299.0,311.1,2081,49.9,196,0,0,0,0,0,0
5916,H05916,M,300.5,308.2,2859,53.1,195,0,0,0,0,0,0
5917,L05917,L,299.9,312.2,2081,27.4,24,0,0,0,0,0,0
5918,L05918,H,301.5,310.5,2600,39.2,108,1,0,0,0,0,0
5919,M05919,L,301.9,311.9,2161,31.1,115,0,0,0,0,0,0
5920,L05920,M,299.6,311.9,2534,25.4,240,0,0,0,0,0,0
5921,H05921,L,300.6,310.4,1192,51.5,57,0,0,0,0,1,0
5922,H05922,L,295.9,310.3,2060,52.5,172,1,0,0,0,0,0
5923,L05923,L,300.6,310.7,2467,38.0,21,0,0,0,0,0,0
5924,M05924,L,302.1,307.7,2518,35.4,175,0,0,0,0,0,0
5925,M05925,L,298.2,309.9,1961,36.2,12,0,0,0,0,0,0
5926,L05926,L,301.5,311.0,2169,22.4,214,0,0,0,0,0,0
5927,M05927,L,299.1,311.5,1770,50.9,96,0,0,0,0,0,0
5928,M05928,L,298.8,309.7,2415,35.2,152,0,0,0,0,0,0
5929,M05929,L,302.8,310.4,2228,37.7,9,0,0,0,0,0,0
5930,H05930,L,299.9,310.6,1716,43.0,17,0,0,0,0,0,0
5931,H05931,L,301.7,309.9,2615,19.5,54,1,0,0,0,0,0
5932,L05932,L,296.1,309.1,1256,40.2,154,0,0,0,0,0,0
5933,H05933,M,298.8,309.3,2486,41.3,55,0,0,0,0,0,0
5934,M05934,H,301.4,309.0,2357,34.5,55,0,0,0,0,0,0
5935,H05935,L,300.2,308.5,2303,61.3,48,0,0,0,0,0,0
5936,L05936,M,299.6,309.8,2672,27.9,153,0,0,0,0,0,0
5937,H05937,M,301.2,312.2,1785,44.8,112,1,0,0,0,0,0
5938,M05938,L,298.3,310.2,1567,29.7,233,0,0,0,0,0,0
5939,M05939,M,302.4,309.7,1198,42.7,115,0,0,0,0,1,0
5940,L05940,L,299.6,310.4,1469,29.0,1,0,0,0,0,0,0
5941,H05941,L,298.4,309.2,1402,49.4,73,0,0,0,0,0,0
5942,H05942,L,298.5,308.3,2565,43.5,187,0,0,0,0,0,0
5943,H05943,L,299.8,309.3,2242,23.7,83,0,0,0,0,0,0
5944,M05944,M,299.1,308.9,2615,41.4,37,0,0,0,0,0,0
5945,L05945,L,301.1,308.2,1626,34.8,130,0,0,0,0,0,0
5946,H05946,L,299.9,309.4,1979,38.4,201,0,0,0,0,0,0
5947,M05947,L,299.3,310.5,2550,23.3,219,1,0,0,0,0,0
5948,M05948,M,300.7,310.4,1713,54.0,210,0,0,0,0,0,0
5949,M05949,M,298.9,310.3,2718,30.4,122,0,0,0,0,0,0
5950,H05950,M,301.0,311.7,2705,37.6,208,0,0,0,0,0,0
5951,H05951,L,300.7,309.4,1890,31.2,107,0,0,0,0,0,0
5952,H05952,L,300.6,310.4,1336,37.5,52,0,0,0,0,0,0
5953,H05953,L,299.3,309.6,1849,38.9,171,0,0,0,0,0,0
5954,H05954,L,298.7,311.4,1852,39.2,126,0,0,0,0,0,0
5955,H05955,L,301.6,309.2,1261,54.1,22,0,0,0,0,0,0
5956,H05956,L,301.2,310.7,2357,39.0,27,0,0,0,0,0,0
5957,H05957,L,298.0,310.2,1442,55.9,90,0,0,0,0,0,0
5958,H05958,H,299.1,311.2,2105,25.8,159,0,0,0,0,0,0
5959,M05959,M,302.7,310.0,2023,51.9,229,0,0,0,0,0,0
5960,H05960,L,302.0,309.8,1510,49.9,203,0,0,0,0,0,0
5961,L05961,L,297.7,309.6,1651,50.9,19,0,0,0,1,0,0
5962,M05962,L,300.0,309.8,2133,61.4,133,0,0,0,0,0,0
5963,H05963,M,300.8,308.1,2480,14.6,2,0,0,0,0,0,0
5964,L05964,M,302.0,309.5,1798,19.2,2,0,0,0,0,0,0
5965,H05965,H,300.3,309.4,1235,40.6,22,0,0,0,0,0,0
5966,L05966,L,301.0,308.9,2129,19.1,72,0,0,0,0,0,0
5967,L05967,M,301.9,309.4,1445,20.0,32,0,0,0,0,0,0
5968,L05968,L,302.1,309.1,2625,37.7,163,0,0,0,0,0,0
5969,L05969,M,299.6,309.5,2344,35.1,63,0,0,0,0,0,0
5970,M05970,M,300.1,310.6,2529,21.8,139,0,0,0,0,0,0
5971,M05971,M,298.5,310.6,2633,33.8,189,0,0,0,0,0,0
5972,L05972,L,299.5,311.6,1428,47.5,25,0,0,0,0,0,0
5973,H05973,M,299.2,310.3,1401,44.8,36,0,0,0,0,0,0
5974,L05974,L,299.6,308.5,2181,47.4,113,0,0,0,0,0,0
5975,M05975,L,299.8,309.7,1735,35.3,175,0,0,0,0,0,0
5976,H05976,L,301.6,309.4,2493,52.0,73,0,0,0,0,0,0
5977,M05977,L,300.7,309.0,2324,58.2,43,0,0,0,0,0,0
5978,M05978,L,297.4,311.1,1754,41.9,138,0,0,0,0,0,0
5979,H05979,L,301.1,310.5,1525,35.4,210,0,0,0,0,0,0
5980,L05980,L,298.9,310.1,2538,39.6,196,0,0,0,0,0,0
5981,L05981,L,297.8,308.5,1757,27.5,23,0,0,0,0,0,0
5982,L05982,L,297.7,309.9,1589,36.5,226,0,0,0,0,0,0
5983,L05983,L,300.3,312.3,1291,46.1,91,0,0,0,0,0,0
5984,H05984,L,302.1,309.2,1741,43.5,93,0,0,0,0,0,0
5985,H05985,L,299.6,309.8,1169,45.0,18,0,0,0,0,0,0
5986,H05986,L,301.9,311.4,1161,23.8,197,0,0,0,0,0,0
5987,M05987,M,300.2,309.6,1785,47.0,55,0,0,0,0,0,0
5988,H05988,L,295.7,309.5,1271,34.5,48,0,0,0,0,0,0
5989,L05989,M,301.2,309.8,1574,37.8,118,1,0,0,0,0,0
5990,M05990,L,298.9,310.3,1378,32.7,108,0,0,0,0,0,0
5991,L05991,H,298.4,309.1,1746,55.1,230,0,0,0,0,0,0
5992,L05992,L,301.2,310.9,2082,26.7,210,0,0,0,0,0,0
5993,H05993,L,300.3,309.6,2027,39.0,242,0,0,0,0,0,0
5994,H05994,L,299.9,310.2,1935,26.8,56,0,0,0,0,0,0
5995,L05995,L,300.2,309.6,1178,49.7,94,0,0,0,0,0,0
5996,L05996,M,298.3,308.7,1284,41.3,121,0,0,0,0,0,0
5997,M05997,L,303.5,307.8,2725,29.0,235,0,0,0,0,0,0
5998,H05998,L,300.3,310.2,1250,40.8,10,0,0,0,0,0,0
5999,M05999,M,300.3,308.2,1525,31.7,190,0,0,0,0,0,0
6000,M06000,L,299.8,310.8,1795,48.3,80,0,0,0,0,0,0
6001,M06001,L,296.8,310.1,2484,60.3,144,0,0,0,0,0,0
6002,L06002,L,298.7,312.0,2613,26.7,113,0,0,0,0,0,0
6003,M06003,L,297.6,309.4,1842,54.0,14,0,0,0,0,0,0
6004,M06004,H,297.4,311.7,2630,52.2,197,0,0,0,0,0,0
6005,L06005,M,296.9,309.7,1349,36.7,189,0,0,0,0,0,0
6006,H06006,M,298.7,310.9,1870,47.1,159,0,0,0,0,0,0
6007,H06007,H,300.0,310.5,2773,42.4,167,0,0,0,0,0,0
6008,M06008,L,297.2,308.2,2298,39.6,138,0,0,0,0,0,0
6009,L06009,L,301.4,313.2,1620,35.1,121,0,0,0,0,0,0
6010,H06010,L,300.6,311.6,2195,47.0,12,0,0,0,0,0,0
6011,M06011,M,299.5,310.4,1199,34.7,80,0,0,0,0,0,0
6012,M06012,M,304.3,311.3,1875,50.0,27,0,0,0,0,0,0
6013,L06013,L,299.5,310.3,2733,31.4,240,0,0,0,0,0,0
6014,M06014,L,301.6,310.9,1215,60.9,209,1,0,0,0,0,0
6015,H06015,H,300.4,310.2,2303,28.6,155,0,0,0,0,0,0
6016,L06016,L,302.9,309.0,1451,68.3,175,0,0,0,0,0,0
6017,H06017,M,302.2,309.9,2500,36.5,182,0,0,0,0,0,0
6018,H06018,L,299.4,309.5,1533,47.8,15,0,0,0,0,0,0
6019,H06019,L,299.5,310.6,1687,49.9,35,0,0,0,0,0,0
6020,M06020,L,297.3,308.9,1852,41.8,240,0,0,0,0,0,0
6021,M06021,M,300.2,310.1,1198,51.2,167,0,0,0,0,0,0
6022,H06022,L,301.3,308.6,1468,34.0,147,0,0,0,0,0,0
6023,H06023,L,299.9,310.8,1170,27.7,230,0,0,0,0,0,0
6024,L06024,M,302.8,308.8,2606,40.5,90,0,0,0,0,1,0
6025,L06025,M,300.3,310.6,1740,47.7,231,0,0,0,0,0,0
6026,M06026,M,302.5,310.1,1741,34.2,96,0,0,0,0,0,0
6027,M06027,L,299.7,311.0,1158,42.9,1,0,0,0,0,0,0
6028,L06028,M,297.7,309.8,1298,26.9,204,0,0,0,0,0,0
6029,H06029,L,298.8,310.8,2610,42.5,1,0,0,0,0,0,0
6030,M06030,L,299.9,310.1,1648,35.7,127,0,0,0,0,0,0
6031,H06031,L,298.5,310.4,2228,41.8,100,0,0,0,0,0,0
6032,L06032,L,296.7,308.2,1446,41.2,68,0,0,0,0,0,0
6033,M06033,M,296.0,309.4,1667,30.6,69,0,0,0,0,0,0
6034,M06034,L,302.0,309.8,1918,41.5,49,0,0,0,0,0,0
6035,L06035,L,300.8,311.4,1853,34.8,95,0,0,0,0,0,0
6036,M06036,M,300.6,310.3,2050,49.2,175,0,0,0,0,0,0
6037,L06037,M,300.3,308.3,2402,49.4,151,0,0,0,0,0,0
6038,M06038,M,298.9,310.4,2420,42.1,208,0,0,0,0,0,0
6039,L06039,L,301.6,309.1,2172,41.0,136,0,0,0,0,0,0
6040,M06040,M,296.5,309.2,1431,47.5,244,0,0,0,0,0,0
6041,H06041,L,295.8,309.9,1918,49.5,121,0,0,0,0,0,0
6042,H06042,H,299.6,310.3,1406,55.5,167,0,0,0,0,0,0
6043,H06043,L,300.3,309.2,2266,37.5,167,0,0,0,0,0,0
6044,M06044,M,298.2,308.3,1363,27.4,129,0,0,0,0,0,0
6045,M06045,L,296.8,309.8,1702,49.6,72,0,0,0,0,0,0
6046,H06046,L,301.2,309.8,2841,55.8,133,0,0,0,0,0,0
6047,H06047,L,299.2,311.4,1282,40.7,146,0,0,0,0,0,0
6048,L06048,L,301.4,310.0,2066,39.5,96,0,0,0,0,0,0
6049,L06049,L,302.6,311.2,2670,56.0,120,0,0,0,0,0,0
6050,L06050,M,296.8,312.1,1235,29.2,18,0,0,0,0,0,0
6051,H06051,L,300.4,308.9,2769,37.0,160,0,0,0,0,0,0
6052,H06052,M,300.5,311.5,2569,33.6,116,0,0,0,0,0,0
6053,H06053,L,301.5,310.9,2051,40.3,247,0,0,0,0,0,0
6054,L06054,L,298.9,307.8,2026,50.4,236,1,0,0,0,0,0
6055,M06055,M,300.1,309.8,1909,27.6,60,0,0,0,0,0,0
6056,H06056,M,301.5,310.7,2021,50.3,29,0,0,0,0,0,0
6057,M06057,L,300.9,310.3,2106,31.7,230,0,0,0,0,0,0
6058,M06058,L,303.1,311.7,2720,44.4,116,0,0,0,0,0,0
6059,M06059,M,298.3,310.6,1398,17.2,189,0,0,0,0,0,0
6060,L06060,L,300.4,308.6,2810,19.5,140,0,0,0,0,0,0
6061,M06061,L,299.8,310.8,1713,38.5,145,0,0,0,0,0,0
6062,H06062,M,299.6,308.9,1438,52.7,129,0,0,0,0,0,0
6063,L06063,L,301.2,309.4,1558,50.6,2,0,0,0,0,0,0
6064,H06064,L,300.2,311.1,1882,24.1,133,0,0,0,0,0,0
6065,H06065,H,297.9,311.0,1458,51.1,155,0,0,0,0,0,0
6066,L06066,M,301.9,310.0,1210,45.3,76,0,0,0,0,0,0
6067,H06067,L,301.2,309.3,2677,44.4,83,0,0,0,0,0,0
6068,H06068,L,302.9,309.8,1930,62.9,159,1,0,0,0,0,0
6069,L06069,L,301.5,309.9,1676,33.8,126,0,0,0,0,0,0
6070,H06070,M,299.6,309.4,2484,49.7,59,0,0,0,0,0,0
6071,M06071,M,299.6,311.1,1349,40.4,158,0,0,0,0,0,0
6072,H06072,L,302.1,309.6,1964,56.3,60,0,0,0,0,0,0
6073,M06073,L,298.5,309.7,2526,43.5,8,0,0,0,0,0,0
6074,H06074,L,298.2,309.8,2248,34.8,66,0,0,0,0,0,0
6075,L06075,L,300.4,310.7,1905,33.5,181,1,0,0,0,0,0
6076,L06076,M,297.0,310.3,2444,42.3,94,0,0,0,0,0,0
6077,H06077,L,300.7,310.2,2194,32.1,206,0,0,0,0,0,0
6078,L06078,L,300.9,309.1,2209,10.9,67,0,0,0,0,0,0
6079,H06079,L,299.5,310.2,1347,53.2,240,0,0,0,0,0,0
6080,L06080,L,302.8,310.7,2326,51.3,16,0,0,0,0,0,0
6081,M06081,L,302.3,309.7,1193,40.0,236,0,0,0,0,0,0
6082,H06082,L,298.4,310.1,1790,47.1,58,0,0,0,0,0,0
6083,M06083,M,301.3,310.9,1703,47.7,158,0,0,0,0,0,0
6084,M06084,H,302.0,309.2,2104,40.5,220,0,0,0,0,0,0
6085,H06085,H,300.2,309.2,2718,22.6,202,0,0,0,0,0,0
6086,M06086,L,299.1,309.9,2020,43.5,188,0,0,0,0,0,0
6087,H06087,M,297.8,310.8,1659,37.4,95,0,0,0,0,0,0
6088,M06088,H,298.9,307.0,1565,60.1,39,0,0,0,0,0,0
6089,H06089,L,297.8,309.8,1558,46.6,130,0,0,0,0,0,0
6090,H06090,L,301.8,309.3,1445,46.6,177,0,0,0,0,0,0
6091,L06091,L,299.5,310.4,2103,54.9,128,0,0,0,0,0,0
6092,H06092,L,301.0,309.9,1776,41.1,7,0,0,0,0,0,0
6093,H06093,M,302.5,311.1,1352,59.9,61,0,0,0,0,0,0
6094,M06094,L,300.4,310.6,1725,29.8,191,0,0,0,0,0,0
6095,H06095,L,302.4,309.8,2064,38.9,168,0,0,0,0,0,0
6096,L06096,L,299.3,309.0,2134,53.4,16,0,0,0,0,0,0
6097,M06097,L,300.8,310.3,1945,27.7,199,0,0,0,0,0,0
6098,M06098,L,300.4,309.7,1997,36.5,42,0,0,0,0,0,0
6099,L06099,L,298.6,309.8,2541,44.9,224,1,0,0,0,0,0
6100,M06100,L,299.4,308.8,2599,45.3,217,0,0,0,0,0,0
6101,M06101,M,302.8,310.2,2383,33.6,1,0,0,0,0,0,0
6102,M06102,M,299.3,309.5,2771,54.6,174,0,0,0,0,0,0
6103,M06103,M,296.7,309.6,2095,30.0,59,0,0,0,0,0,0
6104,L06104,M,299.3,306.4,1888,42.2,176,0,0,1,0,0,0
6105,L06105,M,298.5,310.0,2633,33.4,92,0,0,0,0,0,0
6106,M06106,M,300.9,309.0,1511,21.6,14,0,0,0,0,0,0
6107,M06107,M,301.2,310.5,1625,33.0,124,0,0,0,0,0,0
6108,L06108,M,300.7,310.1,1453,36.8,93,0,0,0,0,0,0
6109,L06109,L,299.2,308.5,1334,27.0,177,0,0,0,0,0,0
6110,L06110,L,300.1,309.9,1414,52.4,235,0,0,0,0,0,0
6111,M06111,M,299.4,310.2,2587,41.7,173,0,0,0,0,0,0
6112,M06112,L,297.1,312.1,1551,43.0,203,0,0,0,0,0,0
6113,H06113,L,299.8,310.6,1322,39.1,1,0,0,0,0,0,0
6114,L06114,L,305.3,308.7,2027,38.9,123,0,0,0,0,0,0
6115,M06115,L,297.9,311.9,2256,45.7,212,0,0,0,0,0,0
6116,L06116,H,296.3,309.7,2763,35.0,156,0,0,0,0,0,0
6117,M06117,L,302.8,309.7,2495,17.4,121,1,0,0,0,0,0
6118,L06118,L,300.9,311.9,2056,21.5,156,0,0,0,0,0,0
6119,M06119,L,300.6,309.4,1495,43.1,79,0,0,0,0,0,0
6120,H06120,M,299.3,309.8,2245,37.2,114,0,0,0,0,0,0
6121,H06121,L,300.5,308.4,2624,66.6,94,0,0,0,0,0,0
6122,L06122,M,300.1,310.0,1957,49.0,188,0,0,0,0,0,0
6123,M06123,M,302.6,309.8,2826,44.0,96,0,0,0,0,0,0
6124,M06124,L,301.8,309.6,1357,23.8,121,0,0,0,0,0,0
6125,L06125,L,301.2,310.2,2515,33.4,65,0,0,0,0,0,0
6126,M06126,L,298.6,309.2,2206,49.9,43,0,0,0,0,0,0
6127,L06127,M,300.5,311.5,2555,42.1,3,0,0,1,0,0,0
6128,M06128,M,298.8,310.0,2559,30.5,38,0,0,0,0,0,0
6129,L06129,L,302.5,309.2,2282,28.2,187,0,0,0,0,0,0
6130,M06130,L,298.6,308.6,2138,45.4,48,1,0,0,0,0,0
6131,L06131,L,299.7,310.0,2027,33.6,4,0,0,0,0,0,0
6132,M06132,M,297.8,310.9,1311,35.4,193,0,0,0,0,0,0
6133,H06133,L,299.0,310.4,1165,38.0,44,0,0,0,0,0,0
6134,M06134,L,299.0,312.0,2187,53.9,59,0,0,0,0,0,0
6135,L06135,L,299.7,312.0,1892,37.6,7,0,0,0,0,0,0
6136,H06136,M,298.2,308.7,1395,54.0,49,0,0,0,0,0,0
6137,M06137,M,302.4,308.5,2219,36.1,35,0,0,0,0,0,0
6138,H06138,L,299.6,309.2,2798,25.5,69,1,0,0,0,1,0
6139,M06139,M,298.9,310.7,1704,37.3,168,1,0,0,0,0,0
6140,H06140,L,301.5,310.4,2575,39.9,9,0,0,0,0,0,0
6141,L06141,H,304.3,311.0,2221,23.9,35,0,0,1,0,0,0
6142,M06142,L,299.2,309.0,2583,29.7,67,0,0,0,0,0,0
6143,M06143,M,299.5,308.2,1863,45.7,102,0,0,0,0,0,0
6144,L06144,L,298.5,309.4,2627,35.1,141,0,0,0,0,0,0
6145,H06145,L,301.3,310.6,1291,48.4,75,0,0,0,1,0,0
6146,L06146,M,301.9,310.2,1599,26.1,110,0,0,0,0,0,0
6147,L06147,L,299.9,311.2,2362,31.6,16,0,0,0,0,0,0
6148,H06148,L,299.1,309.3,2630,47.3,20,0,0,0,0,0,0
6149,L06149,L,301.1,311.0,2122,41.1,244,0,0,0,0,0,0
6150,M06150,L,301.5,309.4,1972,23.2,204,0,0,0,0,0,0
6151,M06151,L,303.1,310.8,1265,42.6,96,0,0,0,0,0,0
6152,M06152,L,298.8,310.8,2025,54.2,53,0,0,0,0,0,0
6153,L06153,M,301.7,311.6,1663,38.1,140,0,0,0,0,0,0
6154,M06154,M,300.2,308.7,2048,34.4,127,0,1,0,0,0,0
6155,M06155,L,296.5,311.4,1162,50.4,175,0,0,0,0,0,0
6156,M06156,L,303.0,310.4,1426,34.3,44,0,0,0,0,0,0
6157,M06157,M,300.6,310.1,2425,45.6,136,0,0,0,0,0,0
6158,M06158,L,301.2,309.9,2065,37.1,54,0,0,0,0,0,0
6159,M06159,L,301.9,309.9,2042,29.4,49,0,0,0,0,1,0
6160,L06160,M,301.2,310.0,1377,34.3,239,0,0,0,0,0,0
6161,M06161,M,298.1,308.4,2319,17.5,19,0,0,0,0,0,0
6162,M06162,L,301.3,310.2,1366,47.9,107,0,0,0,0,0,0
6163,H06163,L,301.0,310.2,1898,46.7,167,0,0,0,0,0,0
6164,L06164,L,296.7,309.3,1443,42.4,0,0,0,0,0,0,0
6165,L06165,H,303.3,310.0,1917,34.0,204,0,0,0,0,0,0
6166,L06166,L,299.2,311.1,1430,47.8,85,0,0,0,0,0,0
6167,L06167,H,302.0,309.4,2339,46.2,242,0,0,0,0,0,0
6168,M06168,L,299.3,308.9,2316,47.9,204,0,0,0,0,0,0
6169,M06169,L,298.9,309.3,1647,43.9,191,0,0,0,0,0,0
6170,H06170,L,299.8,307.9,2126,37.6,34,0,0,0,0,0,0
6171,H06171,M,304.2,311.8,1899,37.8,123,0,0,0,0,0,0
6172,L06172,L,304.0,309.2,2657,19.9,125,0,0,0,0,0,0
6173,H06173,L,298.9,311.3,2586,27.7,192,0,0,0,0,0,0
6174,H06174,M,302.5,308.8,2270,44.3,237,0,0,0,0,0,0
6175,L06175,H,300.0,309.4,1853,55.3,247,0,0,0,0,0,0
6176,L06176,L,304.0,310.1,2461,48.3,52,0,0,0,0,0,0
6177,H06177,L,302.3,310.6,2117,37.5,224,0,0,0,0,0,0
6178,M06178,M,300.6,309.9,2728,31.8,188,0,0,0,0,0,0
6179,H06179,M,300.2,308.5,1418,46.9,4,0,0,0,0,0,0
6180,H06180,L,301.2,309.9,1358,41.8,221,0,0,0,0,0,0
6181,M06181,H,301.0,311.3,2130,31.8,196,0,0,0,0,0,0
6182,M06182,L,297.8,310.3,1995,42.3,106,0,0,0,0,0,0
6183,L06183,M,300.4,312.2,2710,47.6,88,0,0,0,0,0,0
6184,L06184,L,298.7,310.2,1454,24.0,187,0,0,0,0,0,0
6185,H06185,L,298.9,311.0,2161,39.0,89,0,0,0,0,0,0
6186,M06186,L,302.2,310.5,1237,52.8,146,0,0,0,0,0,0
6187,L06187,M,300.4,309.4,2293,50.4,203,0,0,0,0,0,0
6188,H06188,H,299.1,309.9,2398,39.8,56,0,0,0,0,0,0
6189,M06189,L,297.6,311.1,2309,30.0,7,0,0,0,0,0,0
6190,H06190,L,298.4,309.7,1912,25.8,201,0,0,0,0,0,0
6191,L06191,L,299.9,310.4,2073,48.9,145,0,0,0,0,0,0
6192,L06192,M,303.4,309.4,1872,34.7,104,0,0,0,0,0,0
6193,M06193,H,297.9,310.9,2555,46.3,138,0,0,0,0,0,0
6194,H06194,M,300.6,310.1,1160,51.6,189,0,0,0,0,0,0
6195,M06195,L,300.8,310.9,1588,32.3,157,0,0,0,0,0,0
6196,L06196,H,302.4,311.2,2183,36.6,126,0,0,0,0,0,0
6197,L06197,L,300.2,310.7,1464,51.5,4,0,0,0,0,0,0
6198,H06198,L,300.8,309.8,1214,38.1,215,0,0,0,0,0,0
6199,H06199,L,302.4,309.8,2050,45.8,236,0,0,0,0,0,0
6200,H06200,L,298.4,307.9,1741,36.7,76,0,0,0,0,0,0
6201,M06201,M,301.6,310.4,2641,28.4,55,0,0,0,0,0,0
6202,H06202,M,297.2,311.0,2065,45.2,35,0,0,0,0,0,0
6203,H06203,L,300.1,308.8,2777,55.2,112,0,0,0,0,0,0
6204,L06204,L,299.5,309.8,1794,44.1,154,0,0,0,0,0,0
6205,L06205,L,298.6,309.8,2797,46.2,31,0,0,0,0,0,0
6206,H06206,L,301.9,310.5,1344,46.3,141,0,0,0,0,0,0
6207,H06207,L,302.1,310.1,2587,56.6,168,0,0,0,0,0,0
6208,L06208,L,302.1,309.1,2772,36.8,117,0,0,0,0,0,0
6209,H06209,M,300.8,311.6,2847,17.8,65,1,0,0,0,0,0
6210,M06210,M,297.5,308.3,1150,52.6,3,0,0,0,0,0,0
6211,M06211,H,299.3,309.4,1517,25.3,10,1,0,0,0,0,0
6212,M06212,H,302.0,308.7,1780,35.2,105,0,0,0,0,0,0
6213,H06213,M,302.0,310.4,1525,32.0,228,0,0,0,0,0,0
6214,L06214,L,302.4,310.5,2364,32.1,47,0,0,0,0,0,0
6215,H06215,M,300.6,309.9,1439,49.1,229,0,0,0,0,0,0
6216,H06216,L,299.6,308.8,2012,47.0,164,0,0,0,0,0,0
6217,L06217,M,296.1,309.1,1949,31.5,140,0,0,0,0,0,0
6218,L06218,L,301.7,310.9,1777,52.4,200,0,0,0,0,0,0
6219,L06219,M,299.8,309.9,2372,37.5,41,0,0,0,0,0,0
6220,M06220,L,297.5,309.5,1384,58.7,154,0,0,0,0,0,0
6221,H06221,L,301.5,309.3,2403,36.2,65,0,0,0,0,0,0
6222,L06222,L,302.8,309.9,2399,35.5,46,0,0,0,0,0,0
6223,H06223,L,301.7,310.6,2603,36.4,218,0,0,0,0,0,0
6224,M06224,H,301.3,309.8,1345,31.0,75,0,0,0,0,0,0
6225,M06225,L,301.9,310.4,2640,45.6,11,0,0,0,0,0,0
6226,L06226,L,294.5,308.4,1590,33.2,194,0,0,0,0,0,0
6227,L06227,H,303.4,311.1,1939,37.3,25,0,0,0,0,0,0
6228,H06228,M,298.4,310.0,1306,44.8,206,0,0,0,0,0,0
6229,L06229,L,298.6,309.0,2169,59.8,154,0,0,0,0,0,0
6230,H06230,L,299.1,310.4,2655,33.3,242,0,0,0,0,0,0
6231,L06231,L,299.3,310.2,1503,34.6,108,0,0,0,0,0,0
6232,H06232,M,303.0,308.9,1962,33.9,162,0,0,0,0,0,0
6233,H06233,M,301.1,309.9,2858,44.5,12,0,0,1,0,0,0
6234,H06234,H,298.6,309.5,1984,35.2,126,0,0,0,0,0,0
6235,H06235,L,298.9,308.7,1682,31.1,245,0,0,0,0,0,0
6236,M06236,L,305.0,309.6,2681,41.0,55,0,0,0,0,0,0
6237,H06237,L,300.7,309.0,1554,45.8,196,0,0,0,0,0,0
6238,L06238,M,299.1,308.8,1849,35.2,170,0,0,0,0,0,0
6239,M06239,L,296.8,310.5,1946,41.0,117,0,0,0,0,0,0
6240,M06240,L,296.6,310.3,1438,42.6,208,1,0,0,0,0,0
6241,H06241,L,297.8,309.7,2852,40.0,249,0,0,0,0,0,0
6242,M06242,L,300.2,307.8,1239,43.2,82,0,0,0,0,0,0
6243,H06243,M,302.2,309.9,2555,31.5,83,0,0,0,0,0,0
6244,L06244,L,301.2,310.8,2116,29.5,58,0,0,1,0,0,0
6245,H06245,L,302.3,311.2,2474,32.0,214,0,0,0,0,0,0
6246,M06246,L,301.1,311.0,2615,16.6,11,0,0,0,0,0,0
6247,L06247,M,297.5,308.8,2675,28.1,223,0,0,0,0,0,0
6248,H06248,L,300.8,309.2,1734,47.0,156,0,0,0,0,0,0
6249,L06249,L,300.9,309.8,2767,46.7,4,0,0,0,0,0,0
6250,L06250,L,299.8,309.9,2558,26.9,176,0,0,0,0,0,0
6251,M06251,L,299.4,310.0,2696,22.9,191,0,0,0,1,0,0
6252,L06252,M,299.7,311.1,2675,40.2,114,0,0,0,0,0,0
6253,M06253,L,296.9,310.2,2131,45.3,42,0,0,0,0,0,0
6254,L06254,H,297.3,311.2,2422,32.1,65,0,0,0,0,0,0
6255,H06255,L,305.1,309.2,2845,34.1,133,0,0,0,0,0,0
6256,L06256,M,297.5,309.6,2792,47.8,212,0,0,0,0,0,0
6257,H06257,M,296.5,309.6,2264,56.8,98,0,0,0,0,0,0
6258,H06258,L,298.6,309.9,1902,34.1,14,0,0,0,0,0,0
6259,L06259,M,300.9,308.6,1865,45.6,145,0,0,0,0,0,0
6260,H06260,L,301.1,311.9,1977,39.6,48,0,0,0,0,0,0
6261,L06261,L,298.0,310.1,1543,50.9,174,0,0,0,0,0,0
6262,L06262,L,300.2,308.9,2531,28.7,1,0,0,0,0,0,0
6263,H06263,L,298.9,308.9,2322,40.2,132,0,0,0,0,0,0
6264,H06264,M,300.4,310.1,1624,33.5,36,0,0,0,0,0,0
6265,M06265,L,299.4,310.6,1923,39.4,232,0,0,0,0,0,0
6266,H06266,M,298.6,310.9,2851,48.8,5,0,0,0,0,0,0
6267,M06267,L,298.7,310.0,2801,39.8,242,0,0,1,0,0,0
6268,H06268,L,295.6,310.6,1591,32.4,41,0,0,0,0,0,0
6269,L06269,H,299.6,310.3,1157,49.1,50,0,0,0,0,0,0
6270,H06270,M,299.8,309.9,2402,45.1,210,0,0,0,0,0,0
6271,L06271,M,297.2,309.7,1219,42.4,15,0,0,0,0,0,0
6272,L06272,M,299.3,310.0,1852,28.0,203,0,0,0,0,0,0
6273,L06273,H,299.5,309.9,2847,44.9,215,0,0,0,0,0,0
6274,M06274,L,296.3,310.0,1189,33.5,72,0,0,0,0,0,0
6275,H06275,M,298.5,310.4,2003,30.1,66,0,0,0,0,0,0
6276,L06276,L,298.4,311.6,2202,30.8,80,0,0,0,0,0,0
6277,L06277,L,300.4,309.0,2694,45.8,29,0,0,0,0,0,0
6278,M06278,L,302.5,310.1,1426,44.6,26,0,0,0,0,0,0
6279,H06279,L,300.1,310.4,2461,40.2,87,0,0,0,0,0,0
6280,H06280,L,302.3,309.6,2757,18.5,169,0,0,0,0,0,0
6281,M06281,M,299.6,311.1,1332,50.8,63,0,0,0,0,0,0
6282,M06282,M,300.7,309.5,2088,48.5,177,0,0,0,0,0,0
6283,H06283,L,300.1,310.7,1671,34.5,38,0,0,0,0,0,0
6284,M06284,L,304.8,311.3,1838,53.6,134,0,0,0,0,0,0
6285,H06285,L,299.7,310.4,2772,30.2,72,0,0,0,0,0,0
6286,H06286,L,301.6,309.8,1233,40.9,143,0,0,0,0,0,0
6287,L06287,M,300.4,310.5,2570,41.1,55,0,0,0,0,0,0
6288,L06288,L,302.3,309.6,1235,42.4,10,0,0,0,0,0,0
6289,H06289,L,301.3,309.3,2470,26.1,136,0,0,0,0,0,0
6290,H06290,H,300.7,310.4,2460,24.3,0,0,0,0,0,0,0
6291,H06291,M,297.7,310.7,2282,39.1,43,0,0,0,0,0,0
6292,H06292,M,297.9,310.1,1693,31.2,34,0,0,0,0,0,0
6293,H06293,M,298.8,310.6,2090,43.3,83,0,0,0,0,0,0
6294,H06294,L,299.4,312.3,2186,41.3,178,0,0,0,0,0,0
6295,M06295,L,300.2,311.2,2550,53.3,7,0,0,0,0,0,0
6296,H06296,M,298.8,309.4,2582,53.0,70,0,0,0,0,0,0
6297,M06297,M,296.0,310.2,1874,40.5,36,0,0,0,0,0,0
6298,M06298,L,302.1,310.3,2113,54.9,100,0,0,0,0,0,0
6299,H06299,L,300.9,309.2,2803,42.1,211,0,0,0,0,0,0
6300,H06300,M,300.1,310.6,1767,39.6,132,0,0,0,0,0,0
6301,M06301,L,302.5,309.2,1164,57.1,203,0,0,0,0,0,0
6302,M06302,L,298.4,310.7,1874,30.5,20,0,0,0,0,0,0
6303,H06303,L,299.7,311.9,1337,24.5,211,0,0,0,0,0,0
6304,H06304,L,300.3,309.9,1383,37.7,4,0,0,0,0,0,0
6305,M06305,L,299.2,310.4,1884,41.9,22,0,0,0,0,0,0
6306,M06306,L,298.4,310.3,1607,46.3,184,0,0,0,0,0,0
6307,M06307,M,301.7,309.1,1874,28.6,70,0,0,0,0,0,0
6308,L06308,L,300.6,309.3,1294,38.4,64,0,0,0,0,0,0
6309,M06309,L,301.2,310.4,1666,27.8,152,0,0,0,0,0,0
6310,L06310,L,298.4,310.1,2314,37.1,146,0,0,0,0,0,0
6311,H06311,H,301.7,309.9,1682,53.4,1,0,0,0,0,0,0
6312,H06312,L,298.8,310.9,2802,41.5,139,0,0,0,0,0,0
6313,M06313,L,300.5,310.5,2041,30.5,169,0,0,0,0,0,0
6314,H06314,M,304.0,312.2,2288,20.3,24,0,0,0,0,0,0
6315,H06315,L,301.7,309.1,2217,36.3,123,0,0,0,0,0,0
6316,H06316,L,300.7,309.6,1353,39.8,223,0,0,0,0,0,0
6317,H06317,L,302.7,311.5,2646,40.0,175,0,0,0,0,0,0
6318,L06318,H,298.9,311.7,2482,26.8,234,0,0,0,0,0,0
6319,L06319,M,301.0,309.1,2495,41.9,81,0,0,0,0,0,0
6320,M06320,H,298.3,309.6,2578,22.1,125,0,0,0,0,0,0
6321,M06321,L,299.3,309.8,1510,41.2,158,0,0,0,0,0,0
6322,M06322,M,303.2,311.4,2299,38.5,185,0,0,0,0,0,0
6323,H06323,L,300.5,309.9,2293,46.6,60,0,0,0,0,0,0
6324,H06324,M,302.8,309.8,1363,51.0,43,0,0,0,0,0,0
6325,L06325,M,299.8,309.7,2484,16.7,8,0,0,0,0,0,0
6326,L06326,L,302.4,310.1,1791,46.7,148,0,0,0,0,0,0
6327,M06327,M,300.1,310.3,1755,50.6,181,0,0,0,0,0,0
6328,L06328,L,300.3,311.9,2238,46.9,102,0,0,0,0,0,0
6329,L06329,L,300.0,311.5,1515,34.6,198,0,0,0,0,0,0
6330,L06330,H,300.7,308.9,2378,51.0,140,0,0,0,0,0,0
6331,L06331,L,299.5,309.8,2048,34.4,211,0,0,0,0,0,0
6332,L06332,L,297.2,310.0,1336,29.2,140,0,0,0,0,0,0
6333,M06333,L,299.9,309.6,1873,39.8,51,0,0,0,0,0,0
6334,M06334,M,300.3,311.0,2166,38.8,27,0,0,0,0,0,0
6335,L06335,L,303.3,311.3,1852,48.7,100,0,0,0,0,0,0
6336,M06336,L,295.5,309.5,2434,33.2,88,0,0,0,0,0,0
6337,H06337,M,303.2,310.0,1983,41.4,173,0,0,0,0,0,0
6338,L06338,L,302.1,310.9,1239,28.5,175,0,0,0,0,0,0
6339,H06339,L,301.4,311.1,1906,53.4,108,0,0,1,0,0,0
6340,M06340,M,300.3,309.5,2138,45.9,217,0,0,0,0,0,0
6341,M06341,L,298.0,310.5,2063,17.3,235,0,0,0,0,0,0
6342,H06342,M,303.9,309.3,1542,51.9,224,0,0,0,0,0,0
6343,M06343,L,302.5,311.1,2323,41.6,103,0,0,0,0,0,0
6344,L06344,H,300.5,309.3,1561,40.9,167,0,0,0,0,0,0
6345,H06345,H,300.6,310.1,2617,58.0,246,0,0,0,0,0,0
6346,L06346,L,299.8,309.5,2313,23.6,53,0,0,0,0,0,0
6347,H06347,L,301.2,309.0,1442,44.3,154,0,0,0,0,0,0
6348,M06348,H,299.9,309.4,2639,36.4,78,0,0,0,0,0,0
6349,H06349,L,300.6,309.7,1780,30.9,130,0,0,0,0,0,0
6350,H06350,L,300.9,311.2,2420,53.4,92,0,0,0,0,0,0
6351,L06351,M,304.9,309.5,2271,31.2,94,0,0,1,0,0,0
6352,M06352,M,298.2,310.1,1319,34.1,58,0,0,0,0,0,0
6353,L06353,M,300.3,309.3,2483,43.0,231,0,0,0,0,0,0
6354,M06354,L,302.5,310.9,2599,52.0,118,0,0,0,0,0,0
6355,L06355,L,301.7,311.1,2039,36.8,119,0,0,0,0,0,0
6356,H06356,M,301.4,310.8,2240,48.1,17,0,0,0,0,0,0
6357,L06357,M,306.0,309.6,1205,56.8,151,0,0,0,0,0,0
6358,M06358,M,302.2,309.3,2731,57.7,60,0,0,0,0,0,0
6359,M06359,H,298.8,309.1,2690,52.4,230,0,0,0,0,0,0
6360,H06360,M,298.5,310.8,1717,52.4,124,0,0,0,0,0,0
6361,M06361,L,299.9,309.5,1300,49.8,117,0,0,0,0,0,0
6362,L06362,M,299.1,310.9,1467,26.7,184,0,0,0,0,0,0
6363,H06363,L,300.2,309.1,2314,44.1,43,1,0,1,0,0,0
6364,M06364,L,300.7,309.8,2488,44.3,174,0,0,0,0,0,0
6365,M06365,L,300.5,309.5,2133,45.8,199,0,0,0,0,0,0
6366,L06366,M,295.1,309.3,2126,31.3,220,0,0,0,0,0,0
6367,L06367,H,298.5,308.3,1155,45.8,111,0,0,0,0,0,0
6368,H06368,L,301.4,308.7,1338,50.2,164,0,0,0,0,0,0
6369,M06369,L,303.3,311.1,1466,42.8,36,0,0,0,0,0,0
6370,L06370,L,299.2,309.2,1880,29.4,72,0,0,0,0,0,0
6371,H06371,M,299.2,310.7,2858,34.1,172,0,0,0,0,0,0
6372,M06372,M,299.8,310.0,2778,44.0,157,0,0,0,0,0,0
6373,M06373,L,303.4,309.7,1673,41.5,142,0,0,0,0,0,0
6374,H06374,M,300.1,309.6,2336,25.7,231,0,0,0,0,0,0
6375,H06375,L,295.5,309.9,2541,43.3,203,0,0,0,0,0,0
6376,L06376,L,303.6,310.7,1666,29.0,115,0,0,0,0,0,0
6377,M06377,L,301.4,308.8,2239,29.9,124,0,0,0,0,0,0
6378,M06378,M,297.4,309.9,1864,28.8,232,0,0,0,0,0,0
6379,M06379,L,299.0,310.4,2497,25.2,154,0,0,0,0,0,0
6380,H06380,M,298.4,310.7,2366,18.6,46,0,0,0,0,0,0
6381,L06381,L,299.6,311.0,2538,26.4,46,0,0,0,0,0,0
6382,M06382,L,303.0,309.8,2543,41.5,158,0,0,0,0,0,0
6383,H06383,L,296.3,308.6,2509,42.2,204,0,0,0,0,0,0
6384,M06384,L,299.3,310.4,1727,36.7,14,0,0,0,0,0,0
6385,L06385,L,300.2,309.9,2854,36.7,181,0,0,0,0,0,0
6386,M06386,M,299.9,311.2,1816,40.5,196,0,0,0,0,0,0
6387,L06387,L,298.4,310.2,1737,33.5,41,0,0,0,0,0,0
6388,L06388,M,302.4,311.2,1922,32.7,118,0,0,0,0,0,0
6389,M06389,L,299.7,309.5,2306,42.7,61,0,0,0,0,0,0
6390,M06390,L,299.4,311.2,2003,51.2,24,1,0,0,0,0,0
6391,L06391,L,300.7,310.2,2314,31.4,11,0,1,0,0,0,0
6392,H06392,H,299.4,310.4,1485,40.9,240,0,0,0,0,0,0
6393,L06393,L,298.9,308.3,2007,30.4,8,0,0,0,0,0,0
6394,M06394,L,298.1,311.1,1648,44.4,124,0,0,0,0,0,0
6395,M06395,H,304.4,309.8,1798,65.1,89,0,0,0,0,0,0
6396,H06396,L,301.6,310.5,1325,45.9,36,0,0,0,0,0,0
6397,L06397,M,299.2,309.7,1949,43.9,136,0,0,0,0,0,0
6398,L06398,L,302.5,311.2,2000,44.3,196,0,0,0,0,0,0
6399,L06399,M,301.0,310.2,2209,41.5,182,0,0,0,0,0,0
6400,M06400,L,300.1,310.1,2137,37.1,45,0,0,0,1,0,0
6401,L06401,H,297.9,311.9,1292,26.9,198,0,0,0,0,0,0
6402,H06402,L,298.3,307.5,1798,40.0,168,0,0,0,0,0,0
6403,M06403,L,301.9,309.6,1677,39.2,94,0,0,0,0,0,0
6404,M06404,L,301.5,309.8,2677,38.7,235,0,0,0,1,0,0
6405,L06405,L,297.3,309.2,1155,42.3,100,0,0,0,0,0,0
6406,H06406,M,299.2,310.3,1733,45.5,6,0,0,0,0,0,0
6407,M06407,L,301.4,308.7,1822,44.1,132,0,0,0,0,0,0
6408,M06408,L,302.2,308.7,1373,37.3,179,0,0,0,0,0,0
6409,L06409,L,301.0,310.4,1505,44.1,124,0,0,0,0,0,0
6410,L06410,L,299.1,309.1,2087,32.1,208,0,0,0,0,0,0
6411,H06411,L,300.5,310.5,2157,23.9,202,0,0,0,0,0,0
6412,L06412,L,299.6,309.4,2209,34.8,164,0,0,0,0,0,0
6413,H06413,M,300.8,309.2,1695,40.1,59,0,0,0,0,0,0
6414,M06414,H,303.0,309.0,1674,22.8,35,0,0,0,0,0,0
6415,H06415,L,298.4,309.0,2230,41.0,218,0,0,0,0,0,0
6416,H06416,M,300.6,309.6,2180,41.8,0,0,0,0,0,0,0
6417,H06417,L,299.8,309.2,2616,48.2,249,0,0,0,0,0,0
6418,M06418,L,299.5,309.9,2488,43.6,128,0,0,0,0,0,0
6419,L06419,L,299.7,308.1,1260,26.8,205,0,0,0,0,0,0
6420,M06420,L,302.6,309.2,2289,43.0,244,0,0,0,0,0,0
6421,L06421,L,301.2,311.2,2480,40.3,187,0,0,0,0,0,0
6422,H06422,M,299.0,308.7,1920,44.2,219,1,0,0,0,0,0
6423,H06423,H,301.3,309.3,2840,50.6,40,0,0,0,0,0,0
6424,H06424,L,298.9,311.2,1459,33.0,192,0,0,0,0,0,0
6425,H06425,L,296.4,310.0,1243,37.0,135,0,0,0,0,0,0
6426,H06426,H,295.4,308.3,2365,39.8,236,0,0,0,0,0,0
6427,L06427,L,301.0,310.6,1951,35.4,40,0,0,0,0,0,0
6428,L06428,M,299.4,311.2,2452,20.6,174,0,0,0,0,0,0
6429,H06429,L,302.0,310.0,1709,48.6,122,0,0,0,0,0,0
6430,M06430,L,300.8,309.4,2228,18.9,106,0,0,0,0,0,0
6431,M06431,L,300.5,308.3,1166,42.9,89,0,0,0,0,0,0
6432,H06432,M,299.1,309.5,2508,27.2,163,0,0,0,0,0,0
6433,L06433,M,301.0,308.8,2235,29.9,92,0,0,0,0,0,0
6434,M06434,L,303.1,310.0,1786,46.2,103,0,0,0,0,0,0
6435,M06435,M,296.0,310.8,1898,52.5,108,0,0,0,0,0,0
6436,M06436,L,299.7,309.0,2746,43.2,240,0,0,0,0,0,0
6437,H06437,L,302.7,310.7,1705,37.3,3,0,0,0,0,0,0
6438,M06438,M,297.7,308.2,2500,38.3,169,0,0,0,0,0,0
6439,M06439,L,300.3,309.8,2301,52.6,1,0,0,0,1,0,0
6440,M06440,L,298.6,308.0,2673,51.8,249,0,0,0,0,0,0
6441,M06441,L,299.5,310.2,2161,45.0,221,0,0,0,0,0,0
6442,L06442,H,296.5,311.1,1408,51.8,46,0,0,0,0,0,0
6443,H06443,M,302.0,309.6,1862,35.3,147,0,0,0,0,0,0
6444,H06444,M,300.3,310.2,1984,47.0,29,1,0,0,0,0,0
6445,L06445,L,297.1,309.5,2797,27.2,81,0,0,0,0,0,0
6446,L06446,M,300.8,310.4,2161,35.0,29,0,0,0,0,0,0
6447,H06447,L,300.4,310.8,2016,36.1,109,0,0,0,0,0,0
6448,M06448,H,298.6,310.0,2053,51.5,98,0,0,0,0,0,0
6449,M06449,L,303.9,309.5,1559,37.9,0,0,0,0,0,0,0
6450,H06450,L,301.0,310.3,2037,49.5,57,0,0,0,0,0,0
6451,M06451,L,302.6,311.8,1292,34.3,66,0,0,0,0,0,0
6452,L06452,M,299.7,310.3,1546,47.5,22,0,0,0,0,0,0
6453,M06453,M,296.7,308.7,2532,45.4,172,0,0,0,0,0,0
6454,M06454,L,295.4,311.9,2825,17.9,231,0,0,0,0,0,0
6455,M06455,L,298.0,309.2,1888,50.0,149,0,0,0,0,0,0
6456,H06456,M,302.7,309.2,2492,34.6,48,0,0,0,0,0,0
6457,L06457,L,299.0,311.0,1797,27.7,118,0,0,0,0,0,0
6458,M06458,M,302.1,309.6,2119,31.2,175,0,0,0,0,0,0
6459,H06459,H,297.7,310.5,1951,34.4,62,0,0,0,0,0,0
6460,M06460,L,298.7,310.4,1861,31.6,47,0,0,0,0,0,0
6461,L06461,L,299.0,310.4,2451,31.2,43,0,0,0,0,0,0
6462,M06462,L,300.5,311.4,2825,37.5,50,0,0,0,0,0,0
6463,L06463,L,297.3,309.7,2835,44.3,189,0,0,0,0,0,0
6464,M06464,L,298.4,310.0,2264,51.6,239,0,0,0,0,0,0
6465,L06465,M,299.5,309.1,2255,56.0,206,0,0,0,0,0,0
6466,M06466,L,297.3,310.7,1168,62.1,124,0,0,0,0,0,0
6467,L06467,L,296.5,310.2,2552,43.1,40,0,0,0,0,0,0
6468,M06468,M,300.1,311.3,1794,38.5,207,0,0,0,0,0,0
6469,M06469,M,297.3,310.4,1933,47.2,154,0,0,0,0,0,0
6470,H06470,H,302.4,311.7,1518,28.6,223,0,0,0,0,0,0
6471,H06471,L,302.5,309.9,2854,37.7,97,0,0,0,0,0,0
6472,L06472,M,298.8,310.2,1607,44.0,56,0,0,0,0,0,0
6473,M06473,H,301.2,310.1,1168,30.6,169,0,0,0,0,0,0
6474,L06474,L,300.1,309.3,2426,49.8,11,0,0,0,0,0,0
6475,H06475,L,302.1,308.0,2537,44.7,209,0,0,0,0,0,0
6476,L06476,L,299.1,310.2,2366,36.3,81,0,0,0,0,0,0
6477,L06477,M,301.0,308.4,2451,44.1,59,0,0,0,0,0,0
6478,H06478,L,300.6,310.5,2830,37.8,63,0,0,0,0,0,0
6479,M06479,H,300.5,311.2,2208,22.6,3,0,0,0,0,0,0
6480,L06480,M,298.8,309.9,1828,51.0,225,0,0,0,0,0,0
6481,H06481,L,302.4,310.4,2417,39.3,166,0,0,0,0,0,0
6482,M06482,L,299.2,310.4,2758,42.9,146,0,0,0,0,0,0
6483,H06483,L,299.2,311.0,1794,46.5,106,0,0,0,0,0,0
6484,L06484,L,298.6,309.9,2246,21.8,189,0,0,0,0,0,0
6485,M06485,M,298.7,308.8,1776,38.7,172,0,0,0,0,0,0
6486,M06486,M,299.5,308.2,2440,32.8,60,0,0,0,0,0,0
6487,H06487,L,300.9,309.7,2507,54.0,243,0,0,0,0,0,0
6488,H06488,M,301.6,308.4,1771,39.5,158,0,0,0,0,0,0
6489,H06489,L,300.3,310.0,2341,38.5,176,0,0,0,0,0,0
6490,M06490,L,302.8,310.3,1877,35.9,158,0,0,0,0,0,0
6491,M06491,L,300.2,309.5,2513,55.7,41,0,0,0,0,0,0
6492,L06492,L,296.4,310.7,1246,32.8,175,0,0,0,0,0,0
6493,M06493,H,297.7,310.2,2049,29.8,19,0,0,0,0,0,0
6494,L06494,M,301.4,309.3,2765,31.8,111,0,0,0,0,0,0
6495,H06495,L,299.3,309.5,1878,33.7,211,0,0,0,0,0,0
6496,H06496,L,299.2,311.3,1847,39.6,95,0,0,0,0,0,0
6497,M06497,L,298.1,308.3,2032,46.9,19,0,0,0,0,0,0
6498,H06498,L,299.2,309.8,2237,31.8,15,0,0,0,0,0,0
6499,H06499,M,299.2,310.2,2752,54.8,56,0,0,0,0,0,0
6500,M06500,H,301.0,309.4,1245,43.1,18,0,0,0,0,0,0
6501,L06501,M,299.5,309.3,2719,25.6,222,0,0,0,0,0,0
6502,M06502,L,302.6,311.1,2542,20.8,12,0,0,0,0,0,0
6503,L06503,L,298.7,312.0,2518,40.2,246,0,0,0,0,0,0
6504,M06504,L,300.4,309.7,2152,33.3,19,0,0,0,0,0,0
6505,M06505,L,296.7,310.0,1591,31.2,106,0,0,0,0,0,0
6506,H06506,L,301.3,310.6,1600,33.9,75,0,0,0,0,0,1
6507,M06507,L,297.2,309.0,1383,34.0,176,0,0,0,0,0,0
6508,M06508,L,301.1,310.1,2848,42.5,238,0,0,0,0,0,0
6509,L06509,M,296.3,311.5,2330,44.6,153,0,0,0,0,0,0
6510,H06510,M,297.9,312.4,1942,39.0,34,0,0,0,0,0,0
6511,L06511,L,301.7,308.8,1177,42.2,168,0,0,0,0,0,0
6512,L06512,M,303.1,309.1,2645,30.0,137,0,0,0,0,0,0
6513,H06513,L,294.6,309.6,2754,36.6,75,0,0,0,0,0,0
6514,H06514,L,297.8,309.6,2072,41.8,245,0,0,0,0,0,0
6515,H06515,M,303.7,311.1,2631,40.2,23,0,0,0,0,0,0
6516,M06516,L,300.3,310.0,1993,47.5,200,0,0,0,0,0,0
6517,H06517,H,297.9,311.0,2511,40.7,247,0,0,0,0,0,0
6518,H06518,L,303.0,310.2,1891,19.6,68,0,0,0,0,0,0
6519,H06519,L,301.2,309.9,2053,34.2,158,0,0,0,0,0,0
6520,L06520,L,300.2,310.4,2595,55.9,181,0,0,0,0,0,0
6521,L06521,M,296.2,307.7,1524,33.8,57,0,0,0,0,0,0
6522,M06522,M,304.2,309.7,2011,37.8,97,0,0,0,0,0,0
6523,L06523,M,300.5,309.7,2822,18.5,59,0,0,0,0,0,0
6524,M06524,M,299.4,308.6,1773,29.4,108,0,0,0,0,0,0
6525,L06525,L,302.9,311.3,1448,32.8,10,0,0,0,0,0,0
6526,H06526,L,298.2,309.8,2198,59.2,72,0,0,0,0,0,0
6527,L06527,M,297.8,310.4,1755,39.9,213,0,0,0,0,0,0
6528,M06528,L,298.1,310.9,1215,38.3,39,0,0,0,0,0,0
6529,L06529,H,299.2,309.2,1678,36.7,182,0,0,0,0,0,0
6530,H06530,L,300.1,310.3,2794,26.9,174,0,0,0,0,0,0
6531,M06531,L,301.3,308.4,2564,50.6,219,0,0,0,0,0,0
6532,H06532,L,297.5,310.5,1427,22.5,188,0,0,0,0,0,0
6533,H06533,M,300.6,309.4,1159,38.6,207,0,0,0,0,0,0
6534,M06534,H,298.8,309.7,2519,18.6,73,0,0,0,0,0,0
6535,H06535,L,299.8,311.1,2314,34.1,33,0,0,0,0,0,0
6536,H06536,L,302.4,311.8,1177,16.8,61,0,0,0,0,0,0
6537,L06537,L,301.0,309.3,2273,31.9,78,0,0,0,0,0,0
6538,H06538,L,301.2,309.1,2360,49.0,209,0,0,0,0,0,0
6539,H06539,H,298.8,310.7,1542,25.3,172,0,0,0,0,0,0
6540,H06540,L,303.9,310.6,1869,34.0,94,0,0,0,0,0,0
6541,H06541,L,301.3,308.8,1998,48.8,4,0,0,0,0,0,0
6542,M06542,L,299.2,310.0,2484,61.7,50,0,0,0,0,0,0
6543,L06543,L,302.3,310.0,1410,42.3,96,0,0,0,0,0,0
6544,H06544,M,301.1,310.0,2242,35.2,57,0,0,0,0,0,0
6545,H06545,L,297.5,310.7,1187,36.8,122,0,0,0,0,0,0
6546,M06546,L,300.4,311.5,2239,33.0,92,0,0,0,0,0,0
6547,H06547,H,298.1,309.8,2648,37.7,2,0,0,0,0,0,0
6548,M06548,L,295.9,311.8,2667,69.6,22,0,0,0,0,0,0
6549,L06549,M,299.1,309.9,1616,49.5,9,0,0,0,0,0,0
6550,L06550,L,302.3,311.6,1213,45.9,46,0,0,0,0,0,0
6551,H06551,L,302.9,310.4,1896,43.6,31,0,0,0,0,0,0
6552,H06552,L,299.0,311.1,2838,41.1,120,0,0,0,0,0,0
6553,H06553,L,299.4,310.9,2353,41.3,47,0,0,0,0,0,0
6554,M06554,L,302.8,309.2,1827,56.3,154,0,0,0,0,0,0
6555,H06555,L,301.3,310.4,1994,41.4,35,0,0,0,0,0,0
6556,H06556,L,301.0,309.1,1248,37.8,87,0,0,0,0,0,0
6557,L06557,L,300.3,309.9,2710,29.6,53,0,0,0,0,0,0
6558,H06558,M,301.4,308.9,1453,41.4,19,0,0,0,0,0,0
6559,L06559,H,299.9,309.8,2246,34.0,130,0,0,0,0,0,0
6560,H06560,L,303.1,310.1,2720,38.3,196,0,0,0,1,0,0
6561,L06561,L,299.8,309.1,2096,30.4,130,0,0,0,0,0,0
6562,H06562,M,299.7,310.0,2316,40.6,167,0,0,0,0,0,0
6563,L06563,M,295.9,310.8,1363,33.4,59,0,0,0,0,0,0
6564,M06564,L,302.1,309.0,1454,27.3,197,0,0,0,0,0,0
6565,L06565,L,298.1,310.9,2587,52.6,206,1,0,0,0,0,0
6566,L06566,L,295.3,310.9,1494,25.5,122,0,0,0,0,0,0
6567,L06567,L,299.6,309.0,1893,32.2,197,0,0,0,0,0,0
6568,H06568,H,299.3,307.4,2771,43.8,22,0,0,0,0,0,0
6569,H06569,M,300.9,311.1,1643,50.0,187,0,0,0,0,0,0
6570,H06570,M,301.3,309.8,2854,39.7,29,0,0,0,0,0,0
6571,M06571,L,298.3,310.0,2298,38.8,166,0,0,0,0,0,0
6572,M06572,L,305.4,312.0,1990,26.9,167,0,0,0,0,0,0
6573,L06573,M,299.6,310.4,1557,33.1,47,0,0,0,0,0,0
6574,M06574,L,296.6,310.5,2409,23.1,212,1,0,0,0,0,0
6575,L06575,L,303.2,310.0,2141,38.3,44,0,0,0,0,0,0
6576,L06576,L,301.5,309.8,1806,44.8,36,0,0,0,0,0,0
6577,L06577,L,300.8,309.9,1766,43.9,149,0,0,0,0,0,0
6578,M06578,L,299.1,309.9,1493,22.3,51,0,0,0,0,0,0
6579,H06579,L,300.1,308.3,1925,46.2,1,0,0,0,0,0,0
6580,M06580,M,295.7,309.0,2819,52.9,13,0,0,0,0,0,0
6581,L06581,M,299.5,309.9,2694,36.2,17,0,0,0,0,0,0
6582,L06582,L,304.9,312.0,2700,55.8,113,0,0,0,0,0,0
6583,M06583,M,298.1,308.6,1213,35.5,177,0,0,0,0,0,0
6584,L06584,L,300.4,309.5,1651,24.5,14,0,0,0,0,0,0
6585,L06585,L,296.6,309.5,2809,38.5,36,0,0,0,0,0,0
6586,M06586,M,299.0,310.7,2184,37.0,129,0,0,0,0,0,0
6587,M06587,L,297.5,310.1,1756,50.6,118,0,0,0,0,0,0
6588,M06588,L,300.9,309.4,2805,30.0,106,0,0,0,0,0,0
6589,L06589,M,300.4,311.2,1579,44.0,83,0,0,0,0,0,0
6590,L06590,H,297.4,309.0,2474,22.8,73,0,0,0,0,0,0
6591,H06591,L,300.2,309.5,2154,34.5,68,1,0,0,0,0,0
6592,H06592,L,300.2,308.9,2419,36.2,31,0,0,0,0,0,0
6593,M06593,L,300.3,311.0,2762,34.9,193,0,0,0,0,0,0
6594,H06594,L,301.7,310.0,1243,24.4,235,0,0,0,0,0,0
6595,L06595,L,303.1,309.3,1464,34.6,240,0,0,0,0,0,0
6596,H06596,L,298.8,310.4,1302,40.3,56,0,0,0,0,0,0
6597,L06597,M,299.4,311.6,2413,50.6,245,0,0,0,0,0,0
6598,M06598,L,299.7,307.7,1289,32.3,60,0,0,0,0,0,0
6599,M06599,L,297.4,310.6,2770,29.8,4,0,0,0,0,0,0
6600,L06600,L,298.0,311.7,1365,62.6,84,0,0,0,0,0,0
6601,H06601,L,301.1,311.6,1943,18.7,145,0,0,0,0,0,0
6602,M06602,H,303.8,309.8,1519,32.4,47,0,0,0,0,0,0
6603,M06603,L,297.9,310.1,2121,29.4,39,0,0,0,0,0,0
6604,H06604,M,304.6,310.2,2466,23.2,67,0,0,0,0,0,0
6605,H06605,M,298.9,309.7,1390,39.1,95,0,0,0,0,0,0
6606,L06606,M,302.4,310.9,2130,50.9,227,0,0,0,0,0,0
6607,H06607,L,300.9,308.4,2708,50.4,55,0,0,0,0,0,0
6608,H06608,H,300.4,310.6,1470,45.7,131,0,0,0,0,0,0
6609,H06609,L,299.1,309.9,1194,51.9,144,0,0,0,0,0,0
6610,L06610,L,300.0,311.0,2759,37.6,51,0,0,0,0,0,0
6611,L06611,L,298.6,311.1,1763,40.0,124,0,0,0,0,0,0
6612,M06612,L,301.9,310.1,1433,42.4,190,0,0,0,0,0,0
6613,L06613,L,302.2,309.4,2757,52.7,169,0,0,0,0,0,0
6614,M06614,L,298.7,311.0,2726,36.0,160,0,0,0,0,0,0
6615,H06615,L,296.7,308.7,2385,52.0,213,0,0,0,0,0,0
6616,M06616,M,299.3,308.9,1821,55.8,17,0,0,0,0,0,0
6617,M06617,L,304.0,309.9,1236,43.1,154,0,0,0,0,0,0
6618,H06618,L,300.5,309.5,2180,48.1,127,0,0,0,0,0,0
6619,M06619,H,302.3,309.8,2632,28.2,206,0,0,0,0,0,0
6620,L06620,L,298.1,309.7,1332,45.7,188,0,0,0,0,0,0
6621,L06621,M,299.0,310.0,2501,45.7,24,0,0,0,0,0,0
6622,L06622,H,299.4,311.5,1448,42.6,60,0,0,0,0,0,0
6623,L06623,L,297.7,308.8,1547,48.7,137,0,0,0,0,0,0
6624,M06624,L,300.3,309.5,1163,41.7,79,0,0,0,0,0,0
6625,M06625,M,298.4,310.8,1249,36.7,131,0,0,0,0,0,0
6626,H06626,H,301.9,310.0,1905,38.8,127,0,0,0,0,0,0
6627,M06627,M,300.2,309.0,1318,39.1,158,0,0,0,0,0,0
6628,M06628,L,303.0,309.9,1381,39.9,31,0,0,0,0,0,0
6629,M06629,H,296.6,308.5,2284,36.3,151,0,0,0,0,0,0
6630,H06630,L,298.9,311.0,2520,35.9,58,0,0,0,0,0,0
6631,L06631,L,299.2,310.1,2513,46.4,145,0,0,0,0,0,0
6632,M06632,L,300.9,312.2,1763,40.5,223,0,0,0,0,0,0
6633,H06633,L,299.2,308.9,1878,28.4,116,0,0,1,0,0,0
6634,H06634,M,303.4,309.3,1389,45.6,91,0,0,0,0,0,0
6635,H06635,M,299.6,310.2,1389,31.0,202,0,0,0,0,0,0
6636,L06636,M,298.2,311.3,1882,58.9,199,0,0,0,0,0,0
6637,M06637,L,299.7,309.5,1419,29.9,192,0,0,0,0,1,0
6638,H06638,L,299.3,309.3,1689,59.3,117,0,0,0,0,0,0
6639,L06639,M,301.9,310.1,2459,44.6,129,0,0,0,0,0,0
6640,H06640,L,299.2,309.3,1484,35.8,148,0,0,0,0,0,0
6641,H06641,H,297.0,310.5,2739,32.2,240,0,0,0,0,0,0
6642,H06642,M,300.4,310.1,1592,45.9,123,0,0,0,0,0,0
6643,H06643,M,298.7,310.7,1874,36.4,115,0,0,0,0,0,0
6644,H06644,L,297.7,310.9,2057,32.7,210,0,0,0,0,0,0
6645,L06645,M,300.0,310.4,2676,33.8,169,0,0,0,0,0,0
6646,M06646,H,299.7,311.2,1519,39.7,221,0,0,0,0,0,0
6647,M06647,L,299.6,309.7,2293,40.7,244,1,0,0,0,0,0
6648,M06648,M,300.5,308.6,1224,52.1,126,0,0,0,0,0,0
6649,M06649,L,298.8,308.9,1572,37.6,103,0,0,0,0,1,0
6650,L06650,L,300.2,309.9,1219,45.7,152,0,0,0,0,0,0
6651,L06651,M,298.8,310.4,1984,35.7,52,0,0,0,0,0,0
6652,L06652,M,301.6,310.6,1894,30.8,136,0,0,0,0,0,0
6653,H06653,M,300.0,309.4,1420,32.9,169,0,0,0,0,0,0
6654,H06654,L,303.5,310.9,1281,8.4,243,0,0,0,0,0,0
6655,H06655,L,299.0,307.7,2271,40.2,27,1,0,0,0,0,0
6656,M06656,M,300.7,309.5,1251,35.7,164,0,0,0,0,0,0
6657,H06657,L,302.3,310.5,2601,37.7,60,0,0,0,0,0,0
6658,M06658,L,301.1,310.9,2340,34.5,58,0,0,0,0,0,0
6659,H06659,L,300.3,310.8,2278,40.5,159,0,0,0,0,0,0
6660,M06660,L,300.7,310.9,1747,53.7,168,0,0,0,0,0,0
6661,H06661,M,301.0,310.2,2722,46.5,74,0,0,0,0,0,0
6662,H06662,M,300.6,309.9,2615,31.3,248,0,0,0,0,0,0
6663,L06663,L,300.0,308.1,1821,54.7,113,0,0,0,0,0,0
6664,H06664,L,301.5,309.8,1784,64.6,212,0,0,0,0,0,0
6665,H06665,L,299.8,308.9,2073,39.6,125,0,0,0,0,0,0
6666,L06666,L,298.0,310.6,2817,39.0,151,0,0,0,0,0,0
6667,M06667,L,304.1,308.6,2439,48.3,64,0,0,0,0,0,0
6668,L06668,L,301.8,309.8,2001,46.6,207,0,0,0,0,0,0
6669,L06669,M,298.2,308.8,1569,35.8,115,0,1,0,0,0,0
6670,M06670,M,299.5,310.0,1410,34.9,87,0,0,0,0,0,0
6671,H06671,L,298.9,309.9,2126,35.6,9,0,0,0,0,0,0
6672,M06672,M,299.0,308.2,2607,52.6,223,0,0,0,0,0,0
6673,H06673,H,301.7,310.3,1565,36.5,91,0,0,0,0,0,0
6674,H06674,L,299.3,309.7,2528,40.0,49,0,0,0,0,0,0
6675,M06675,L,303.8,310.0,2634,49.9,96,0,0,0,0,0,0
6676,L06676,L,296.5,309.6,1850,52.7,62,0,0,0,0,0,0
6677,M06677,L,299.9,309.3,2558,30.9,229,0,0,0,0,0,0
6678,H06678,M,297.3,310.8,1692,27.7,85,0,0,0,0,0,0
6679,M06679,M,300.7,311.0,2448,43.4,192,0,0,0,0,0,0
6680,M06680,L,300.9,311.0,2132,41.0,98,0,0,0,0,0,0
6681,H06681,M,301.8,308.6,2483,47.6,57,0,1,0,0,0,0
6682,L06682,M,297.5,311.4,2079,25.6,236,0,0,0,0,0,0
6683,M06683,L,300.9,310.6,2305,36.7,203,1,0,0,0,0,0
6684,H06684,L,298.3,311.2,1965,42.1,247,0,0,0,0,0,0
6685,H06685,M,300.2,311.2,1198,30.2,45,0,0,0,0,0,0
6686,M06686,H,299.1,310.3,1593,44.9,88,0,0,0,0,0,0
6687,L06687,M,297.5,309.2,2034,52.1,27,0,0,0,0,0,0
6688,M06688,H,301.4,309.2,1321,30.4,119,0,0,1,0,0,0
6689,L06689,L,299.5,309.3,2079,48.0,208,0,0,0,0,0,0
6690,L06690,L,301.7,309.8,2139,38.9,207,0,0,0,0,0,0
6691,L06691,L,301.9,309.0,2503,33.9,223,0,0,0,0,0,0
6692,L06692,L,302.6,308.3,1155,35.4,58,0,0,0,0,0,0
6693,M06693,M,299.0,308.3,2761,49.2,236,0,0,0,0,0,0
6694,H06694,H,298.1,310.0,2377,35.8,3,0,0,0,0,0,0
6695,H06695,M,302.4,309.7,1518,36.2,110,0,0,0,0,0,0
6696,H06696,L,300.2,310.5,2043,50.2,123,0,0,0,0,0,0
6697,H06697,L,302.7,309.8,1871,48.0,168,0,0,0,0,0,0
6698,H06698,L,297.6,311.2,2721,35.4,112,0,0,0,0,0,0
6699,H06699,L,301.4,309.4,2080,58.6,59,0,0,0,0,0,0
6700,M06700,M,300.1,310.3,1430,48.8,61,0,0,0,0,0,0
6701,L06701,L,299.9,310.6,2228,55.4,10,0,0,0,0,0,0
6702,H06702,H,299.4,310.1,2342,57.7,19,0,0,0,0,0,0
6703,M06703,M,297.8,311.0,2486,34.3,217,0,0,0,0,0,0
6704,H06704,L,301.3,310.5,2067,33.2,134,0,0,0,0,0,0
6705,H06705,L,299.2,310.8,2651,21.8,94,0,0,0,0,0,0
6706,L06706,M,300.4,309.4,1577,54.8,61,0,0,0,0,0,0
6707,L06707,L,303.9,309.8,2685,23.6,134,0,0,0,0,0,0
6708,L06708,M,298.9,307.8,1562,42.7,118,0,0,1,0,0,0
6709,H06709,L,299.4,309.9,1988,28.5,63,0,0,0,0,0,0
6710,H06710,L,299.7,308.6,1197,38.8,185,0,0,0,0,0,0
6711,H06711,L,299.2,312.3,2789,39.8,131,0,0,0,0,0,0
6712,L06712,L,299.3,310.3,2176,58.0,199,0,0,0,0,0,0
6713,M06713,M,301.4,309.6,2770,46.4,242,0,0,0,0,0,0
6714,H06714,L,302.6,310.8,1834,69.4,141,0,0,0,0,0,0
6715,H06715,M,300.3,308.6,1937,42.1,248,0,0,0,0,0,0
6716,H06716,M,301.5,309.5,1478,43.0,85,0,0,0,0,0,0
6717,M06717,M,299.7,309.7,1382,29.1,150,0,0,0,0,0,0
6718,H06718,L,299.6,310.6,2849,33.2,88,0,0,0,0,0,0
6719,M06719,M,299.2,309.0,1209,25.6,35,0,0,0,0,0,0
6720,H06720,L,298.5,309.3,1739,39.5,244,0,0,0,0,0,0
6721,M06721,L,302.5,310.1,1679,32.2,240,0,0,0,0,0,0
6722,H06722,M,299.0,310.6,2270,36.0,89,0,0,1,0,0,0
6723,L06723,L,301.2,310.2,2239,27.2,23,0,0,0,0,0,0
6724,L06724,M,298.3,309.1,2204,32.1,81,0,0,0,0,0,0
6725,L06725,L,300.1,310.1,2131,40.2,20,0,0,0,1,0,0
6726,L06726,M,300.0,309.3,1926,20.1,62,0,0,0,0,0,0
6727,H06727,L,298.3,309.1,1297,58.2,46,0,0,0,0,0,0
6728,L06728,M,299.3,310.4,2833,53.6,68,0,0,0,1,0,0
6729,M06729,H,297.9,310.5,1196,63.2,14,0,0,0,0,0,0
6730,L06730,L,300.0,310.0,2417,30.2,158,0,0,0,0,0,0
6731,L06731,L,296.5,310.5,2430,35.0,217,0,0,0,0,0,0
6732,L06732,M,299.9,310.8,2651,60.7,3,0,0,0,0,0,0
6733,H06733,L,301.3,307.6,2768,57.7,126,0,0,0,0,0,0
6734,L06734,L,300.0,310.4,1505,35.3,131,0,0,0,0,0,0
6735,M06735,L,298.6,311.5,1803,28.3,171,0,0,0,0,0,0
6736,L06736,M,298.7,309.7,2814,58.6,113,0,0,0,0,0,0
6737,L06737,M,302.4,311.5,1602,32.9,188,0,0,0,0,0,0
6738,L06738,M,300.3,310.3,1671,46.5,190,0,0,0,0,0,0
6739,M06739,M,301.7,310.1,1326,46.0,82,0,0,0,0,0,0
6740,L06740,M,301.9,310.3,2105,36.8,153,0,0,0,0,0,0
6741,M06741,L,299.1,308.5,1359,27.3,177,0,0,0,0,0,0
6742,M06742,L,298.0,311.7,2215,50.8,160,0,0,0,0,0,0
6743,L06743,L,301.3,309.5,2297,26.6,131,0,0,0,0,0,0
6744,M06744,H,298.3,308.8,1336,25.0,184,0,0,0,0,0,0
6745,H06745,M,298.8,309.5,2198,40.5,238,0,0,0,0,0,0
6746,L06746,L,300.2,310.0,2337,26.4,61,0,0,0,0,0,0
6747,L06747,M,299.5,311.1,2155,43.6,101,0,0,0,0,0,0
6748,M06748,L,295.4,309.9,1184,55.1,87,0,0,0,0,0,0
6749,M06749,M,297.5,309.7,2426,50.5,222,0,0,0,0,0,0
6750,L06750,L,302.0,309.7,1624,57.1,161,0,0,0,0,0,0
6751,H06751,L,299.8,308.6,1908,48.0,125,0,0,0,0,0,0
6752,M06752,M,301.5,309.5,1619,36.9,33,0,0,0,0,0,0
6753,M06753,M,298.4,309.4,2056,26.7,129,0,0,0,0,0,0
6754,H06754,L,297.8,310.3,1671,28.4,42,0,0,0,0,0,0
6755,H06755,L,301.4,308.3,1413,47.1,71,0,0,0,0,0,0
6756,L06756,M,302.6,309.6,2278,47.4,176,0,0,0,0,0,0
6757,H06757,M,298.3,311.3,2393,32.9,20,0,0,0,1,0,0
6758,L06758,M,302.0,310.4,1916,38.1,139,0,0,0,0,0,0
6759,H06759,L,298.0,310.9,1556,46.7,35,0,0,0,0,0,0
6760,M06760,H,296.7,309.6,1795,35.5,122,0,0,0,0,0,0
6761,L06761,M,301.2,311.7,2379,58.0,0,0,0,0,0,0,0
6762,L06762,M,298.1,310.8,1785,43.0,169,0,0,0,0,0,0
6763,L06763,M,297.6,310.1,2389,47.4,102,0,0,0,0,0,0
6764,H06764,L,297.6,310.6,1213,39.2,143,0,0,0,0,0,0
6765,M06765,L,299.3,308.8,2118,44.2,48,0,0,0,0,0,0
6766,L06766,M,296.6,308.7,1963,24.9,5,0,0,0,0,1,0
6767,L06767,L,301.2,310.8,2021,39.7,123,0,0,0,0,0,0
6768,L06768,M,301.0,311.1,1187,32.3,224,0,0,0,0,0,0
6769,L06769,L,301.0,309.1,1909,65.1,234,0,0,0,0,0,0
6770,M06770,L,302.4,310.9,1814,41.7,12,0,0,0,0,0,0
6771,H06771,L,301.9,310.5,1371,38.2,172,0,0,0,0,0,0
6772,M06772,M,298.2,309.2,2515,43.9,8,0,0,0,0,0,0
6773,L06773,L,301.3,309.0,1919,43.2,226,0,0,0,0,0,0
6774,M06774,M,302.2,309.3,1622,40.0,155,1,0,0,0,0,0
6775,L06775,L,301.6,309.5,2709,46.7,191,0,0,0,0,0,0
6776,H06776,M,301.8,309.6,1506,45.8,161,0,0,0,0,0,0
6777,H06777,L,299.7,308.4,2679,40.8,159,0,0,0,0,0,0
6778,H06778,L,298.7,309.5,1728,55.2,118,0,0,0,0,0,0
6779,L06779,M,299.5,310.3,1384,24.1,192,0,0,0,0,0,0
6780,M06780,L,298.6,310.7,1751,35.7,102,0,0,0,0,0,0
6781,H06781,L,302.0,309.4,1243,36.0,88,0,0,0,0,0,0
6782,L06782,H,300.4,311.5,2010,39.7,179,0,0,0,0,0,0
6783,L06783,L,301.6,310.0,1988,37.2,73,0,0,0,0,0,0
6784,M06784,L,297.1,312.5,1338,34.6,193,0,0,0,0,0,0
6785,H06785,L,299.1,309.3,1798,52.4,131,0,0,0,0,0,0
6786,L06786,L,297.9,310.4,2858,30.1,24,0,0,0,0,0,0
6787,M06787,L,296.7,309.9,1165,44.7,79,0,0,0,0,0,0
6788,H06788,L,300.6,309.3,2548,34.8,62,0,0,0,0,0,0
6789,M06789,M,297.9,310.9,1513,43.8,39,0,0,0,0,0,0
6790,M06790,L,299.3,310.8,1893,53.1,107,0,0,0,0,0,0
6791,L06791,M,298.1,309.7,2571,8.2,68,0,0,0,0,0,0
6792,L06792,L,299.2,310.3,1559,31.7,183,0,0,0,0,0,0
6793,L06793,L,301.2,310.3,1323,31.7,150,0,0,0,0,0,0
6794,M06794,L,298.1,309.7,2786,38.4,83,0,0,0,0,0,0
6795,L06795,M,299.1,309.2,1335,49.2,130,0,0,0,0,0,0
6796,M06796,M,301.1,310.0,2203,58.4,127,0,0,0,0,0,0
6797,M06797,M,301.4,309.8,1619,49.0,64,0,0,0,0,0,0
6798,L06798,L,299.2,308.9,2553,38.6,237,0,0,0,0,0,0
6799,H06799,M,300.6,310.7,1461,34.8,125,0,0,0,0,0,0
6800,H06800,M,301.6,310.0,1949,55.2,50,0,0,0,0,0,0
6801,H06801,L,297.9,309.9,2251,25.1,247,0,0,0,0,0,0
6802,M06802,L,298.6,308.5,1684,44.0,24,0,0,0,0,0,0
6803,M06803,L,299.3,310.3,1678,52.0,207,0,0,0,0,0,0
6804,M06804,M,300.9,308.5,1271,37.0,40,0,0,0,0,0,0
6805,L06805,L,300.4,310.1,1377,43.2,4,0,0,0,0,0,0
6806,M06806,M,300.1,310.9,2138,26.6,227,0,0,0,0,0,1
6807,L06807,L,297.9,311.7,2581,45.0,191,0,0,0,0,0,0
6808,L06808,L,301.7,310.1,2348,40.6,133,0,0,0,0,0,0
6809,H06809,L,299.0,311.8,1702,45.4,75,0,0,0,0,0,0
6810,H06810,L,299.5,310.7,1164,35.5,45,0,0,0,1,0,0
6811,H06811,L,300.4,310.5,1363,28.9,150,0,0,0,0,0,0
6812,L06812,L,303.9,311.1,1752,51.0,109,0,0,0,0,0,0
6813,L06813,M,298.7,311.3,1201,51.3,165,0,0,0,0,0,0
6814,L06814,L,298.6,310.8,2079,45.7,132,0,0,0,0,0,0
6815,M06815,L,299.3,309.9,2489,43.9,60,0,0,0,0,0,0
6816,L06816,L,302.3,309.5,1206,15.9,129,0,0,0,0,0,0
6817,H06817,L,300.3,308.7,2462,52.1,2,0,0,0,0,0,0
6818,H06818,L,300.8,310.2,2322,44.7,232,0,0,0,0,0,0
6819,L06819,L,301.6,311.2,1557,52.7,134,0,0,0,0,0,0
6820,L06820,L,302.3,309.0,1681,28.2,89,0,0,0,0,0,0
6821,H06821,L,298.7,308.9,2542,46.6,203,0,0,0,0,0,0
6822,L06822,H,301.0,311.8,2497,45.9,177,0,0,0,0,0,0
6823,H06823,L,302.3,309.7,2786,5.8,187,0,0,0,0,0,0
6824,M06824,L,300.4,308.3,1506,39.0,236,0,0,0,0,0,0
6825,H06825,L,298.4,308.5,1849,39.9,192,0,0,0,0,0,0
6826,M06826,L,298.0,310.4,2603,30.3,192,0,0,0,0,0,0
6827,L06827,M,300.9,309.5,2206,44.7,96,0,0,0,0,0,0
6828,L06828,L,297.7,310.5,2716,42.3,61,0,0,0,0,0,0
6829,M06829,L,298.4,309.8,1823,33.5,53,0,0,0,0,0,0
6830,L06830,M,299.0,310.2,2023,34.7,244,0,0,0,0,0,0
6831,M06831,L,300.6,311.8,2459,23.3,230,0,0,0,0,0,0
6832,L06832,H,301.2,309.8,1666,44.4,52,0,0,0,0,0,0
6833,H06833,M,298.6,311.2,1830,43.1,8,0,0,0,0,0,0
6834,L06834,L,297.4,310.1,2858,38.7,128,0,0,0,0,0,0
6835,H06835,L,301.6,308.8,1876,37.2,142,0,0,0,0,0,0
6836,H06836,L,301.4,312.0,1266,47.4,88,0,0,0,0,0,0
6837,M06837,L,300.9,312.1,1916,41.5,107,0,0,0,1,0,0
6838,L06838,L,300.8,309.8,1418,48.2,35,0,0,0,0,0,0
6839,M06839,L,299.2,310.2,1867,42.1,137,0,0,0,0,0,0
6840,L06840,H,299.6,311.2,1870,49.2,118,0,0,0,0,0,0
6841,H06841,L,300.2,309.8,2336,48.6,49,0,0,0,0,0,0
6842,H06842,M,298.3,311.0,1289,49.5,158,0,0,0,0,0,0
6843,L06843,M,300.8,309.2,2854,33.9,242,0,0,0,0,0,0
6844,L06844,M,300.2,311.8,1293,46.8,211,0,0,0,0,0,0
6845,M06845,L,299.7,310.4,1371,40.0,68,0,0,0,0,0,0
6846,L06846,L,301.8,310.8,1930,38.7,219,0,0,0,0,0,0
6847,L06847,M,299.8,311.4,2041,35.3,97,0,0,0,0,0,0
6848,L06848,M,301.3,310.8,1737,43.4,102,0,0,0,0,0,0
6849,M06849,H,297.6,309.9,1779,20.5,101,0,0,0,0,0,0
6850,L06850,M,301.7,311.7,2783,43.4,15,0,0,0,0,0,0
6851,H06851,L,301.2,310.8,1584,43.4,78,0,0,0,0,0,0
6852,M06852,L,304.3,309.8,2718,50.7,232,0,0,0,0,0,0
6853,M06853,L,303.2,308.5,2627,41.3,230,0,0,0,0,0,0
6854,H06854,M,301.9,310.0,2240,53.7,41,0,0,0,0,1,0
6855,H06855,L,298.9,309.5,2179,36.1,153,0,0,0,0,0,0
6856,H06856,M,298.2,310.0,2414,34.9,157,0,0,0,0,0,0
6857,L06857,H,298.5,309.4,2228,56.0,1,0,0,0,0,0,0
6858,H06858,M,301.0,310.4,1532,34.3,194,0,0,0,0,0,0
6859,L06859,L,302.6,309.6,1583,17.8,210,0,0,0,0,0,0
6860,M06860,L,297.6,311.4,2643,56.1,183,0,0,0,0,0,0
6861,M06861,M,298.3,310.6,2244,56.9,151,0,0,0,0,0,0
6862,H06862,L,300.1,309.5,2779,38.4,194,0,0,0,0,0,0
6863,L06863,L,297.7,310.0,2623,39.4,39,0,0,0,0,0,0
6864,H06864,L,299.2,310.5,1629,35.0,190,0,0,0,0,0,0
6865,H06865,L,302.5,308.5,2316,58.8,196,0,0,0,0,0,0
6866,L06866,L,301.4,310.5,1171,55.4,58,0,0,0,0,0,0
6867,H06867,H,301.7,308.3,1710,34.6,223,0,0,0,0,0,0
6868,M06868,H,298.0,311.5,2595,41.4,60,0,0,0,0,0,0
6869,H06869,H,296.5,309.6,1797,58.0,179,0,0,0,0,0,0
6870,L06870,L,299.1,311.0,2565,60.6,222,0,0,0,0,0,0
6871,L06871,H,295.3,308.9,1761,44.2,75,0,0,0,0,0,0
6872,M06872,H,300.9,310.6,1617,45.8,234,0,0,0,0,0,0
6873,L06873,H,301.5,308.8,2466,40.6,35,0,0,0,0,0,0
6874,L06874,M,298.4,309.7,1861,35.2,227,0,0,0,0,0,0
6875,M06875,M,301.2,311.0,1995,47.3,30,0,0,0,0,0,0
6876,H06876,L,301.2,310.6,1270,57.3,224,0,0,0,0,0,0
6877,M06877,M,297.8,310.6,1888,32.5,122,0,0,0,0,0,0
6878,H06878,L,299.2,309.6,2611,43.4,6,0,0,0,0,0,0
6879,M06879,L,299.1,309.0,1900,43.0,122,1,0,0,0,0,0
6880,H06880,H,301.9,310.8,1938,28.0,217,0,0,0,0,0,0
6881,M06881,L,301.5,309.1,2274,41.7,89,0,0,0,0,0,0
6882,H06882,L,301.1,309.4,2044,39.8,19,0,0,0,0,0,0
6883,M06883,H,298.9,311.4,2156,37.1,97,0,0,0,0,0,0
6884,H06884,H,302.7,310.6,1336,55.4,160,0,0,0,0,0,0
6885,M06885,L,300.4,308.6,2332,37.4,210,0,0,0,0,0,0
6886,L06886,M,301.0,310.0,1667,32.4,144,0,0,0,0,0,0
6887,H06887,L,303.5,309.8,1831,48.3,234,0,0,0,0,0,0
6888,M06888,L,301.3,309.6,2353,44.3,228,0,0,0,0,0,0
6889,H06889,L,299.8,309.7,2604,42.3,5,0,0,0,0,0,0
6890,H06890,L,299.0,311.3,2385,48.5,122,0,0,0,0,0,0
6891,M06891,L,296.5,312.0,2150,40.2,85,0,0,0,0,0,0
6892,H06892,L,296.9,310.0,2849,38.4,229,0,0,0,0,0,0
6893,M06893,H,301.7,310.2,1789,33.9,246,0,0,0,0,0,0
6894,L06894,M,296.0,308.6,1879,50.0,80,0,0,0,0,0,0
6895,H06895,M,302.0,311.7,1802,55.7,147,1,0,0,0,0,0
6896,L06896,M,301.6,309.3,1582,64.8,105,0,0,0,0,0,0
6897,H06897,L,298.3,309.6,1793,48.2,169,0,0,0,0,0,0
6898,H06898,H,300.4,310.8,1912,59.2,190,0,0,0,0,0,0
6899,H06899,M,301.2,310.3,2039,35.0,40,0,0,0,0,0,0
6900,M06900,L,300.2,310.5,1250,32.6,217,0,0,0,0,0,0
6901,L06901,L,302.5,310.7,1469,29.5,91,0,0,0,0,0,0
6902,H06902,M,297.2,310.0,2271,41.5,113,0,0,0,0,0,0
6903,M06903,M,301.0,310.9,1997,38.0,108,0,0,1,0,0,0
6904,H06904,M,298.8,308.3,1428,58.3,199,0,0,0,0,0,0
6905,M06905,L,296.5,311.6,1847,37.4,234,0,0,0,0,0,0
6906,H06906,L,297.7,309.8,2316,38.2,134,0,0,0,0,0,0
6907,L06907,L,299.0,310.9,2518,49.7,198,0,0,0,0,0,0
6908,L06908,M,300.0,310.5,1505,52.5,156,0,0,0,0,0,0
6909,H06909,L,298.2,308.0,2044,46.7,66,0,0,1,0,0,0
6910,M06910,L,299.0,310.2,2764,49.1,143,0,0,0,0,0,0
6911,H06911,L,299.2,307.9,2018,49.3,76,0,0,0,0,0,0
6912,M06912,M,298.2,310.5,2528,61.1,49,0,0,0,0,0,0
6913,H06913,L,298.9,310.2,1579,22.8,81,0,0,0,0,0,0
6914,M06914,L,301.1,308.7,2212,35.0,43,0,0,0,0,0,0
6915,L06915,M,303.3,310.2,2476,56.8,204,0,0,0,0,0,0
6916,H06916,H,300.4,309.5,2722,40.6,30,0,0,0,0,0,0
6917,L06917,L,300.3,309.8,1574,48.8,66,0,0,0,0,0,0
6918,L06918,L,299.8,307.4,2521,16.7,221,0,0,0,0,0,0
6919,H06919,H,299.2,308.8,1578,33.8,2,0,0,0,0,0,0
6920,H06920,L,301.2,309.2,2459,22.7,89,0,0,0,0,0,0
6921,M06921,M,302.0,308.9,1604,34.1,193,0,0,0,0,0,0
6922,M06922,M,297.7,309.5,2497,37.4,102,0,0,0,0,0,0
6923,L06923,L,302.1,309.3,1668,43.7,225,0,0,0,0,0,0
6924,M06924,M,303.3,310.3,2526,53.9,101,0,0,0,0,0,0
6925,M06925,M,298.0,307.3,2476,48.0,204,0,0,0,0,0,0
6926,H06926,L,301.8,312.0,1359,47.0,74,0,0,0,0,0,0
6927,M06927,L,303.3,309.4,1740,36.1,100,0,0,0,0,0,0
6928,L06928,H,301.4,309.7,2043,28.8,6,0,0,0,0,0,0
6929,M06929,L,299.6,310.6,2016,39.2,234,0,0,0,0,0,0
6930,L06930,M,301.6,311.7,1593,32.2,26,0,0,0,0,0,0
6931,H06931,M,298.4,309.4,2306,31.2,6,0,0,0,0,0,0
6932,L06932,L,299.4,310.7,1325,26.1,7,0,0,0,0,0,0
6933,M06933,M,298.5,309.3,2260,41.0,99,0,0,0,0,0,0
6934,H06934,H,297.3,310.9,1910,41.9,41,0,0,0,0,0,0
6935,M06935,L,300.1,310.7,2631,52.6,220,0,0,0,0,0,0
6936,H06936,L,300.6,308.9,1366,53.0,84,0,0,0,0,0,0
6937,H06937,H,301.3,310.6,2579,46.7,153,0,0,0,0,0,0
6938,M06938,L,291.0,308.6,2012,68.7,60,0,0,0,0,0,0
6939,M06939,L,300.4,309.3,2580,34.2,19,0,0,0,0,0,0
6940,H06940,H,300.2,308.7,1753,36.9,220,1,0,0,0,0,0
6941,H06941,M,297.8,310.0,2602,38.2,78,0,0,0,0,0,0
6942,M06942,H,299.1,311.0,2405,37.7,86,0,0,0,0,0,0
6943,L06943,L,301.5,308.8,1969,24.0,78,0,0,0,0,0,0
6944,M06944,L,300.2,310.4,2603,34.4,50,0,0,0,0,0,0
6945,H06945,L,300.0,309.8,2211,44.5,73,0,0,0,0,0,0
6946,M06946,M,301.8,309.0,1573,51.6,129,0,0,0,0,0,0
6947,L06947,M,304.6,309.6,2572,27.6,239,0,0,0,0,1,0
6948,M06948,L,299.5,310.6,2030,28.7,115,0,0,0,0,0,0
6949,H06949,L,300.5,310.9,2114,30.7,127,0,0,0,0,0,0
6950,M06950,M,298.2,310.3,2057,45.2,29,0,0,0,0,0,0
6951,H06951,L,304.3,310.0,2762,31.1,228,0,0,0,0,0,0
6952,H06952,L,298.9,310.0,1728,26.7,90,0,0,0,0,0,0
6953,M06953,H,296.4,309.3,1334,26.4,144,0,0,0,0,0,0
6954,H06954,L,301.2,310.1,2550,38.0,194,0,0,0,0,0,0
6955,H06955,M,296.8,308.5,1424,40.5,199,0,0,0,0,0,0
6956,L06956,M,302.6,309.9,1751,48.7,170,0,0,0,0,0,0
6957,L06957,L,301.2,311.7,2459,47.4,100,0,0,0,0,0,0
6958,L06958,L,297.9,309.6,2521,51.3,48,0,0,0,0,1,0
6959,L06959,L,301.3,311.1,1868,40.3,3,0,0,0,0,0,0
6960,H06960,M,299.3,310.7,1679,32.0,215,0,0,0,0,0,0
6961,M06961,L,300.9,311.4,2162,43.3,28,0,0,0,0,0,0
6962,H06962,M,297.4,306.9,1905,27.4,199,0,0,0,0,0,0
6963,H06963,H,297.3,310.2,1156,45.3,161,0,0,0,0,0,0
6964,H06964,H,300.6,310.6,1337,44.4,239,0,0,0,0,0,0
6965,M06965,L,303.8,310.8,2773,52.8,136,0,0,0,0,0,0
6966,L06966,M,298.7,311.2,2289,50.2,185,0,0,0,0,0,0
6967,H06967,H,298.6,310.7,1648,45.9,80,0,0,0,0,0,0
6968,H06968,L,299.3,310.2,1212,23.2,73,0,0,0,0,0,0
6969,L06969,L,297.4,309.0,1590,36.1,151,0,0,0,0,0,0
6970,H06970,L,301.1,308.1,2517,46.9,183,0,0,0,0,0,0
6971,M06971,L,301.8,311.3,1736,55.2,236,0,0,0,0,0,0
6972,H06972,M,301.0,309.4,1528,47.4,213,0,0,0,0,0,0
6973,H06973,L,299.7,309.6,1444,27.2,80,0,0,0,0,0,0
6974,L06974,M,298.0,310.9,2856,57.2,222,0,0,0,0,0,0
6975,H06975,M,304.1,310.0,2405,41.4,107,0,0,0,0,0,0
6976,H06976,M,298.3,308.8,1589,45.7,188,0,0,0,0,0,0
6977,M06977,M,298.2,308.3,1543,46.5,200,0,0,0,0,0,0
6978,L06978,L,296.4,309.6,1886,34.1,206,1,0,0,0,0,0
6979,L06979,M,297.2,310.1,2449,32.3,190,0,0,0,0,0,0
6980,M06980,L,300.7,310.8,2023,43.1,169,0,0,0,0,0,0
6981,H06981,L,299.1,309.9,1853,32.4,114,0,0,1,0,0,0
6982,L06982,L,298.3,310.0,2340,35.1,221,0,0,0,0,0,0
6983,L06983,H,298.4,308.7,1248,37.3,16,0,0,0,0,0,0
6984,H06984,H,299.0,311.0,2032,22.3,198,0,0,0,0,0,0
6985,H06985,L,298.7,313.0,1561,47.3,237,0,0,0,0,0,0
6986,L06986,L,302.8,311.3,2401,52.7,236,0,0,0,0,0,0
6987,H06987,M,299.3,311.2,1563,46.1,89,0,0,0,0,0,0
6988,L06988,L,300.3,310.3,1463,20.6,244,1,0,0,0,0,0
6989,H06989,L,300.1,309.0,1475,44.6,193,0,0,0,0,0,0
6990,H06990,M,300.2,309.1,2235,51.7,47,0,0,0,0,0,0
6991,M06991,L,299.3,310.7,1278,35.9,220,0,0,0,0,0,0
6992,H06992,L,299.1,310.9,2625,43.6,112,0,0,0,0,0,0
6993,M06993,L,301.3,309.1,2582,46.1,197,0,0,0,0,0,0
6994,H06994,L,300.4,310.5,1572,32.2,160,0,0,0,0,0,0
6995,L06995,L,298.5,310.1,1800,31.8,37,0,0,0,0,0,0
6996,L06996,L,294.3,310.5,1379,20.6,0,0,0,1,0,0,0
6997,H06997,L,298.8,310.4,2744,34.8,54,0,0,0,0,0,0
6998,H06998,L,297.3,310.4,1826,31.5,182,0,0,0,0,0,0
6999,L06999,M,298.2,308.1,2685,37.7,137,0,0,0,0,0,0
7000,H07000,H,297.4,311.8,1865,49.4,115,0,0,0,0,0,0
7001,M07001,L,302.3,311.4,1759,48.2,54,0,0,0,0,0,0
7002,M07002,M,302.3,310.0,1487,28.6,94,0,0,0,0,0,0
7003,M07003,L,301.5,308.8,1395,37.0,124,0,0,0,0,0,0
7004,M07004,L,299.3,310.6,2822,41.3,23,0,0,0,0,0,0
7005,M07005,L,298.7,308.5,1707,14.3,199,0,0,0,0,0,0
7006,H07006,L,297.0,311.7,1353,39.5,27,0,0,0,0,0,0
7007,H07007,M,301.8,309.8,2054,37.6,91,0,0,0,0,0,0
7008,M07008,L,301.7,309.4,2366,37.7,239,0,0,0,0,0,0
7009,H07009,L,301.0,310.6,2532,43.3,107,0,0,0,0,0,0
7010,H07010,M,297.8,309.5,2727,28.7,50,0,0,0,0,0,0
7011,M07011,L,299.3,309.7,1823,45.0,125,0,0,0,0,0,0
7012,H07012,L,299.8,309.2,1885,41.9,173,0,0,0,0,0,0
7013,H07013,L,296.5,310.6,2427,55.0,199,1,0,0,0,0,0
7014,H07014,L,302.9,310.3,1433,40.1,156,0,0,0,0,0,0
7015,M07015,L,297.3,311.1,1367,54.1,146,0,0,0,0,0,0
7016,H07016,L,298.4,308.4,2785,55.1,92,0,1,0,0,0,0
7017,L07017,L,296.5,308.8,1722,43.8,122,0,0,0,0,0,0
7018,L07018,L,299.6,309.5,2725,39.1,206,0,0,0,0,0,0
7019,M07019,M,299.5,311.1,1331,33.1,222,0,0,0,0,0,0
7020,L07020,M,302.0,308.6,2744,43.0,4,0,0,0,0,0,0
7021,M07021,H,298.1,309.2,2123,58.0,176,0,0,0,0,0,0
7022,L07022,H,297.8,311.4,2090,43.1,91,0,0,0,0,0,0
7023,L07023,H,300.2,310.5,2396,43.7,54,0,0,0,0,0,0
7024,L07024,M,295.8,311.1,1357,55.5,45,0,0,0,0,0,0
7025,M07025,M,302.7,309.9,1572,58.4,142,1,0,0,0,0,0
7026,M07026,L,297.4,311.8,2343,40.1,249,0,0,0,0,0,0
7027,H07027,M,303.6,308.5,1288,44.3,199,0,0,0,0,0,0
7028,M07028,L,298.4,309.8,1352,31.5,227,0,0,0,0,0,0
7029,L07029,M,297.1,309.7,1403,42.4,223,0,0,0,0,0,0
7030,L07030,L,301.2,309.7,2339,45.5,166,0,0,1,0,0,0
7031,M07031,M,301.1,308.7,1718,40.1,230,0,0,0,0,0,0
7032,M07032,L,301.1,310.6,2808,33.8,149,0,0,0,0,0,0
7033,M07033,L,300.2,308.8,2569,32.1,61,1,0,0,0,0,0
7034,H07034,L,304.5,308.7,1575,49.5,196,0,0,0,0,0,0
7035,L07035,L,297.3,307.4,2620,44.5,73,0,0,0,0,0,0
7036,H07036,L,302.7,309.3,2679,40.9,243,0,0,0,0,0,0
7037,H07037,L,296.8,310.1,2310,26.8,158,0,0,0,0,0,0
7038,L07038,L,303.3,310.3,2579,39.7,164,0,0,0,0,0,0
7039,L07039,L,300.7,309.8,2083,36.6,150,0,0,0,0,0,0
7040,M07040,M,303.1,309.3,2118,26.1,223,0,0,0,0,0,0
7041,M07041,L,301.8,309.6,1911,50.1,215,0,0,0,0,0,0
7042,H07042,L,295.7,309.3,1718,47.5,131,0,0,0,0,0,0
7043,M07043,H,299.3,312.1,1728,41.9,244,0,0,0,0,0,0
7044,M07044,L,297.5,308.8,1380,24.9,42,0,0,0,0,0,0
7045,L07045,L,303.0,309.2,2144,49.0,37,0,0,0,0,0,0
7046,L07046,L,301.6,310.0,2417,42.1,142,0,0,0,0,0,0
7047,M07047,M,300.3,308.9,1435,41.6,10,0,0,0,0,0,0
7048,L07048,L,299.2,310.0,2806,41.9,24,0,0,0,0,0,0
7049,M07049,L,300.8,308.4,2071,32.6,153,0,0,0,0,0,0
7050,L07050,M,298.1,310.1,1203,40.3,245,1,0,0,0,0,0
7051,L07051,L,300.6,309.6,1939,51.2,38,0,0,0,0,0,0
7052,L07052,M,299.8,309.3,2565,24.8,55,0,0,0,0,1,0
7053,L07053,L,298.4,309.7,1727,50.0,178,0,0,0,0,0,0
7054,M07054,L,301.4,309.5,2443,43.9,100,0,1,0,0,0,0
7055,H07055,M,303.8,309.6,1538,46.1,99,1,0,0,0,0,0
7056,L07056,L,297.1,310.8,2186,38.3,160,0,0,0,0,0,0
7057,M07057,M,301.9,311.8,1492,38.5,111,0,0,0,0,0,0
7058,M07058,H,298.4,307.3,2809,27.0,107,1,0,0,0,0,0
7059,L07059,L,301.2,309.8,2762,36.6,147,0,0,0,1,0,0
7060,H07060,H,298.8,308.7,1488,43.2,241,1,0,0,0,0,0
7061,L07061,L,299.4,309.7,1173,55.0,51,0,0,0,0,0,0
7062,M07062,M,299.6,310.4,2208,42.6,33,0,0,0,0,0,0
7063,H07063,L,302.7,312.4,1735,26.5,44,0,0,0,0,0,0
7064,M07064,L,299.8,309.7,2659,39.6,75,0,0,0,0,0,0
7065,L07065,L,299.3,310.1,1571,34.2,99,0,0,0,0,0,0
7066,H07066,L,299.8,309.1,2463,39.4,3,0,0,0,0,0,0
7067,M07067,L,303.8,309.0,2463,41.0,12,1,0,0,0,0,0
7068,M07068,H,301.1,309.0,2192,59.8,58,1,0,0,0,0,0
7069,M07069,M,298.8,309.3,2801,43.8,66,0,0,0,0,0,0
7070,L07070,L,303.0,309.5,2465,43.7,180,0,0,0,0,0,0
7071,H07071,L,300.4,311.4,1527,44.7,248,0,0,0,0,0,0
7072,L07072,M,298.3,309.7,2327,34.1,144,0,0,0,0,0,0
7073,L07073,L,300.8,310.6,2816,55.2,198,0,0,0,0,0,0
7074,L07074,L,299.7,310.3,1277,43.9,121,0,0,0,0,0,0
7075,H07075,L,293.2,311.0,1582,37.6,44,0,0,0,0,0,0
7076,L07076,L,300.7,308.1,1926,46.0,46,0,0,0,0,0,0
7077,L07077,L,297.8,310.3,1963,54.1,205,0,0,0,0,0,0
7078,L07078,M,297.5,310.2,2443,43.5,95,0,0,0,0,0,0
7079,L07079,M,296.1,309.9,1664,40.1,111,0,0,0,0,0,0
7080,M07080,L,300.3,311.1,2431,40.5,240,0,0,0,0,0,0
7081,L07081,H,299.7,309.9,2515,47.5,153,0,0,0,0,0,0
7082,M07082,L,301.9,310.9,1651,44.8,158,0,0,0,0,0,0
7083,L07083,L,298.4,310.2,2138,42.5,111,0,0,0,0,0,0
7084,H07084,L,299.0,310.2,1566,38.4,123,0,0,1,0,0,0
7085,M07085,L,304.0,310.3,1249,43.1,158,0,0,0,0,0,0
7086,M07086,L,296.1,309.8,2567,26.0,207,0,0,0,0,0,0
7087,M07087,L,302.4,311.6,2028,52.8,59,0,0,0,0,0,0
7088,M07088,L,298.4,311.1,2226,40.9,0,0,0,0,0,0,0
7089,H07089,L,306.2,309.9,1577,29.5,173,0,0,0,0,0,0
7090,L07090,M,301.4,310.2,1827,37.0,33,0,0,0,0,0,0
7091,M07091,M,298.7,310.5,1298,48.0,217,0,0,0,0,0,0
7092,H07092,L,297.2,310.8,1824,55.5,181,0,0,0,0,0,0
7093,M07093,M,300.8,311.6,1600,45.3,186,0,0,0,0,0,0
7094,L07094,H,296.2,310.9,2768,46.7,93,0,0,0,0,0,0
7095,M07095,M,301.4,309.8,1683,36.4,40,0,0,0,1,0,0
7096,H07096,L,297.2,309.2,1681,59.4,50,0,0,0,0,0,0
7097,L07097,L,298.1,311.0,2017,38.4,4,0,0,0,0,0,0
7098,H07098,M,294.4,310.3,1872,40.8,87,0,0,0,0,0,0
7099,L07099,L,300.3,309.0,2539,41.0,137,0,0,0,0,0,0
7100,L07100,L,300.6,310.9,2497,56.3,165,0,1,0,0,0,0
7101,L07101,L,300.1,311.5,2013,43.7,162,0,0,0,0,0,0
7102,M07102,M,296.6,310.0,2693,48.6,193,0,0,0,0,0,0
7103,H07103,M,302.9,311.6,1968,34.9,220,0,0,0,0,0,0
7104,H07104,L,299.7,310.8,2839,44.6,146,1,0,0,0,0,0
7105,H07105,L,299.0,308.8,2736,35.1,165,1,0,0,0,0,0
7106,L07106,H,301.6,310.4,1395,34.5,180,0,0,0,0,0,0
7107,M07107,L,299.1,308.2,2622,46.8,119,0,0,0,0,0,0
7108,L07108,L,300.9,310.4,1303,37.2,233,0,0,0,0,0,0
7109,H07109,L,298.4,309.0,1395,33.8,49,0,0,0,0,0,0
7110,M07110,M,301.6,310.2,1964,52.6,77,0,0,0,0,0,0
7111,M07111,M,301.6,310.7,2216,32.1,91,0,0,1,0,0,0
7112,M07112,H,299.1,309.4,1542,59.3,161,0,0,0,0,0,0
7113,H07113,L,300.3,311.7,1312,50.6,131,0,0,0,0,0,0
7114,M07114,L,300.0,309.1,1615,57.3,60,0,0,0,0,0,0
7115,M07115,L,299.7,307.9,1661,33.2,110,0,0,0,0,0,0
7116,L07116,M,297.6,310.0,2320,47.0,88,0,0,0,0,0,0
7117,L07117,L,297.9,311.4,1997,42.2,244,1,0,0,0,0,0
7118,M07118,L,299.2,310.0,2329,49.4,246,0,0,0,0,0,0
7119,M07119,M,300.1,309.4,1664,34.5,246,0,0,0,0,0,0
7120,L07120,L,298.2,308.4,1295,51.0,197,0,0,0,0,0,0
7121,L07121,L,300.0,309.4,2685,46.3,219,0,0,0,0,0,0
7122,L07122,M,295.4,308.9,2442,38.4,101,0,0,1,0,0,0
7123,H07123,L,300.0,310.2,2584,24.9,136,0,0,0,0,0,0
7124,H07124,L,300.2,310.3,2417,50.1,179,0,0,0,0,0,0
7125,L07125,L,301.6,309.1,1445,38.7,81,0,0,0,0,0,0
7126,M07126,L,302.8,309.7,1956,31.9,246,0,0,0,0,0,0
7127,L07127,L,301.4,311.4,1463,35.4,158,0,0,0,0,0,0
7128,H07128,M,303.6,309.6,1718,46.4,85,0,0,0,0,0,0
7129,M07129,L,299.9,309.5,1429,38.5,67,0,0,0,0,0,0
7130,H07130,H,300.1,310.2,1626,41.6,160,0,0,0,0,0,0
7131,M07131,L,301.6,308.6,2292,42.8,99,0,0,0,0,0,0
7132,H07132,L,299.8,310.9,1683,30.2,245,0,0,0,0,0,0
7133,M07133,L,299.3,309.6,2736,45.9,58,0,0,0,0,0,0
7134,M07134,M,302.7,308.8,1623,46.4,162,0,0,0,0,0,0
7135,M07135,L,301.4,310.5,1361,61.2,12,0,0,0,0,0,0
7136,M07136,M,301.3,309.5,1877,46.7,78,0,0,0,0,0,0
7137,H07137,M,298.3,309.1,1737,43.5,188,0,0,0,0,0,0
7138,H07138,H,301.9,310.1,2639,23.6,96,0,0,0,0,0,0
7139,M07139,M,300.2,311.1,2339,46.7,219,0,0,0,0,0,0
7140,M07140,L,298.0,309.6,1629,58.5,47,0,1,0,0,0,0
7141,H07141,M,301.4,309.0,2556,34.7,97,0,0,0,0,0,0
7142,M07142,H,297.6,307.8,1210,25.2,165,0,0,0,0,0,0
7143,M07143,H,295.2,308.5,2452,33.0,192,0,0,0,0,0,0
7144,M07144,L,296.4,309.5,1921,47.6,53,0,0,0,0,0,0
7145,L07145,M,299.5,308.7,1737,36.1,158,0,0,0,0,0,0
7146,M07146,L,303.1,309.3,1358,32.5,48,0,0,0,0,0,0
7147,L07147,L,300.6,311.9,1186,42.9,208,0,0,0,0,0,0
7148,M07148,M,299.8,311.2,1754,42.3,149,0,0,0,0,0,0
7149,H07149,H,302.6,309.2,2307,53.9,223,0,0,0,0,0,0
7150,L07150,L,301.0,310.1,1561,35.8,156,0,0,0,0,0,0
7151,L07151,M,302.0,308.9,1797,41.1,192,0,0,0,0,0,0
7152,M07152,L,301.9,311.6,1884,19.1,47,0,0,0,0,0,0
7153,M07153,L,299.4,310.1,2321,34.7,91,0,0,0,0,0,0
7154,L07154,L,299.5,311.1,2061,42.9,104,0,0,0,0,0,0
7155,H07155,L,298.3,309.2,2570,37.4,193,0,0,0,0,0,0
7156,H07156,M,301.7,311.6,2425,17.7,24,0,0,0,0,0,0
7157,M07157,L,297.5,309.6,2676,46.2,20,0,0,0,0,0,0
7158,H07158,L,298.2,308.2,1656,45.2,228,0,0,0,0,0,0
7159,H07159,L,299.9,309.8,2764,30.9,25,0,0,0,0,0,0
7160,M07160,L,300.2,309.3,2417,47.0,103,0,0,0,0,0,0
7161,H07161,H,301.2,311.0,1979,27.2,128,0,0,0,0,0,0
7162,M07162,L,299.9,309.4,2122,32.7,159,0,0,0,1,0,0
7163,L07163,L,299.3,310.5,2540,54.0,72,0,0,0,0,0,0
7164,M07164,M,301.4,309.3,1599,53.0,173,0,0,0,0,0,0
7165,L07165,L,301.8,309.2,1269,46.8,240,0,0,0,0,0,0
7166,L07166,M,296.6,310.0,2482,33.9,4,0,0,0,0,0,0
7167,H07167,L,302.1,310.5,1783,44.5,167,0,0,0,0,0,0
7168,H07168,L,299.3,308.4,1361,45.0,144,0,0,0,1,0,0
7169,H07169,H,303.2,310.9,1433,22.6,52,0,0,0,0,0,0
7170,M07170,M,298.7,310.9,2427,29.5,220,0,0,0,0,0,0
7171,H07171,L,298.0,309.7,2703,50.8,107,0,0,0,0,0,0
7172,L07172,M,301.3,309.8,2436,14.2,82,0,0,0,0,0,0
7173,H07173,H,304.3,307.4,1426,40.8,103,0,0,0,0,0,0
7174,H07174,L,296.8,311.8,2214,39.5,28,0,0,0,0,0,0
7175,M07175,L,301.7,309.7,2596,32.0,114,0,0,0,0,0,0
7176,M07176,L,301.1,311.1,2118,40.1,75,0,0,0,0,0,0
7177,L07177,L,299.9,309.4,2682,40.0,135,0,0,0,0,0,0
7178,M07178,L,304.1,310.0,2537,41.4,106,0,0,0,0,0,0
7179,H07179,M,296.2,310.5,2055,38.6,42,0,0,0,0,0,0
7180,M07180,L,302.2,309.5,1692,45.6,222,0,0,0,0,0,0
7181,L07181,M,301.9,308.4,1610,47.4,142,0,0,0,0,0,0
7182,H07182,L,302.4,309.9,1602,31.4,161,0,0,0,0,0,0
7183,L07183,L,302.1,308.6,2488,49.9,89,0,0,0,0,0,0
7184,M07184,M,300.5,309.1,2803,38.2,125,0,0,0,0,0,0
7185,M07185,L,299.4,309.4,1509,19.5,162,0,0,0,0,0,0
7186,L07186,L,298.8,310.1,2407,35.5,220,0,0,0,0,0,0
7187,H07187,L,301.2,309.4,2083,39.4,160,0,0,0,0,0,0
7188,M07188,M,300.0,308.8,2216,25.5,96,0,0,0,0,0,0
7189,M07189,L,299.6,310.2,2401,38.8,227,0,0,0,0,0,0
7190,H07190,L,298.9,310.7,1795,36.7,20,0,0,0,0,0,0
7191,M07191,H,299.2,308.6,2506,43.3,221,0,0,0,0,0,0
7192,L07192,H,301.6,310.0,1818,35.6,146,0,0,0,0,0,0
7193,M07193,L,300.0,310.8,2665,38.7,95,0,1,0,0,0,0
7194,M07194,L,302.4,310.1,1355,49.7,241,0,0,0,0,0,0
7195,H07195,M,297.3,308.8,1238,43.0,0,0,0,0,0,0,0
7196,L07196,M,301.2,310.2,2085,42.9,178,0,0,0,0,0,0
7197,H07197,L,298.0,310.0,2272,36.6,160,0,0,0,0,0,0
7198,M07198,L,302.4,310.2,2210,30.1,25,0,0,0,0,0,0
7199,M07199,M,302.5,310.0,1523,45.6,169,0,0,0,0,0,0
7200,H07200,H,297.2,308.0,2564,29.7,53,0,0,0,0,0,0
7201,H07201,M,298.5,309.8,2607,55.8,44,0,0,0,0,0,0
7202,H07202,L,298.6,311.0,2659,29.4,154,0,0,0,1,0,0
7203,L07203,L,302.5,311.4,1541,37.7,50,0,0,0,0,0,0
7204,M07204,M,298.8,311.0,1860,49.9,27,0,1,0,0,0,0
7205,H07205,L,301.4,310.0,2143,39.2,211,0,0,0,0,0,0
7206,M07206,L,298.7,310.7,2529,43.9,7,0,0,0,0,0,0
7207,L07207,L,302.2,310.5,1204,41.5,89,0,0,0,0,0,0
7208,L07208,L,302.3,309.8,2790,25.2,158,0,0,0,0,0,0
7209,L07209,L,303.3,311.1,2093,30.3,4,0,0,0,0,0,0
7210,L07210,M,299.7,309.4,1904,37.4,10,0,0,0,0,0,0
7211,M07211,M,300.0,309.9,1735,39.0,84,0,0,0,0,0,0
7212,L07212,H,299.7,310.9,1463,47.3,199,0,0,0,0,0,0
7213,L07213,M,300.1,309.1,2277,40.8,153,0,0,0,0,0,0
7214,H07214,L,299.1,308.7,1165,38.6,121,0,0,0,0,0,0
7215,L07215,L,302.1,309.0,2582,36.1,187,0,0,0,0,0,0
7216,H07216,L,298.5,310.4,1178,48.2,45,0,0,0,0,0,0
7217,L07217,L,299.7,312.2,1925,33.3,139,0,0,0,0,0,0
7218,L07218,H,300.4,311.2,1505,28.6,234,1,0,0,0,0,0
7219,H07219,L,301.0,310.8,2552,38.3,12,0,0,0,0,0,0
7220,L07220,L,297.6,311.6,1844,48.4,201,0,0,0,0,0,0
7221,M07221,L,299.5,310.3,1713,34.1,115,0,0,0,0,0,0
7222,M07222,L,300.0,309.4,1660,42.1,92,0,0,0,1,0,0
7223,L07223,M,301.6,309.9,1496,30.6,7,0,0,0,0,0,0
7224,M07224,L,299.6,309.7,1994,32.5,169,0,0,0,0,0,0
7225,H07225,L,299.8,309.0,2071,54.4,244,0,0,0,0,0,0
7226,L07226,L,300.3,309.8,2791,19.3,101,0,0,0,0,0,0
7227,L07227,H,302.1,308.4,2676,32.6,192,0,0,0,0,0,0
7228,H07228,L,295.9,309.7,1174,22.6,136,0,0,0,0,0,0
7229,H07229,L,300.2,309.9,1241,32.1,131,0,0,0,0,0,0
7230,H07230,L,302.3,309.8,1478,48.1,96,0,0,0,0,0,0
7231,L07231,L,298.3,311.7,2711,55.0,54,0,0,0,0,0,0
7232,H07232,L,298.5,310.2,2121,27.5,105,0,0,0,0,0,0
7233,H07233,M,302.4,311.8,1751,47.2,243,0,0,0,0,0,0
7234,M07234,M,299.3,308.6,1491,26.7,212,0,0,0,0,0,0
7235,M07235,M,299.4,310.9,2046,33.4,122,0,0,0,0,0,0
7236,L07236,L,300.6,310.2,2621,42.6,70,0,0,0,0,0,0
7237,M07237,L,294.0,309.9,1545,22.3,54,0,0,0,0,0,0
7238,M07238,L,296.4,308.7,1691,33.1,95,0,0,0,0,0,0
7239,H07239,L,301.2,310.3,1675,39.2,56,0,0,0,0,0,0
7240,H07240,L,299.5,312.3,2675,19.2,184,0,0,0,0,0,0
7241,M07241,L,299.7,310.4,2580,31.7,166,0,0,0,0,0,0
7242,M07242,M,298.7,310.0,2303,34.8,155,0,0,0,0,0,0
7243,M07243,M,299.5,310.1,2304,32.7,153,0,0,0,0,0,0
7244,L07244,M,302.4,310.6,2691,34.7,248,0,0,0,0,0,0
7245,L07245,M,300.3,311.6,2322,43.2,100,0,0,0,0,0,0
7246,L07246,L,302.1,309.6,2449,42.0,97,0,0,0,0,0,0
7247,M07247,L,299.7,310.2,2834,52.7,72,0,0,0,0,0,0
7248,M07248,L,300.0,310.0,2725,37.4,69,0,0,0,0,0,0
7249,L07249,L,300.7,309.5,2369,24.8,21,0,0,0,0,0,0
7250,L07250,L,301.1,310.2,1558,18.8,200,0,0,0,0,0,0
7251,M07251,L,298.3,311.5,2032,53.3,238,0,0,0,0,0,0
7252,H07252,L,299.9,309.3,2809,39.4,172,1,0,0,0,0,0
7253,L07253,M,298.6,310.4,1220,43.0,142,0,0,0,0,0,0
7254,M07254,M,303.0,310.4,2372,48.2,192,0,0,0,0,0,0
7255,M07255,L,296.6,310.0,1694,42.0,95,0,0,0,0,0,0
7256,H07256,L,301.2,310.4,1968,52.1,238,0,0,0,0,0,0
7257,M07257,L,298.5,310.4,1751,47.4,145,0,0,0,0,0,0
7258,M07258,M,297.7,309.1,2638,49.9,10,0,0,0,1,0,0
7259,L07259,L,299.4,309.9,2263,31.8,226,0,0,0,1,0,0
7260,L07260,M,302.6,310.0,2034,47.7,96,0,0,0,0,0,0
7261,H07261,L,298.7,309.0,1996,44.3,131,0,0,0,0,0,0
7262,H07262,L,296.4,310.1,1936,30.4,33,0,0,0,0,0,0
7263,M07263,L,298.1,310.0,2101,55.9,47,0,0,0,0,0,0
7264,L07264,L,300.2,312.0,2741,39.0,82,0,0,0,0,0,0
7265,H07265,L,296.8,309.2,1150,22.4,47,0,0,0,0,0,0
7266,H07266,M,301.4,311.0,2340,47.2,75,0,0,0,0,0,0
7267,H07267,L,296.8,310.5,1698,45.0,39,0,0,0,0,0,0
7268,M07268,L,299.0,311.0,2117,37.2,186,0,0,0,0,0,0
7269,L07269,H,301.6,309.2,1740,45.8,227,0,0,0,0,0,0
7270,H07270,L,299.0,308.1,2415,31.7,175,0,0,0,0,0,0
7271,L07271,L,297.3,309.9,1283,44.7,40,0,0,0,0,0,0
7272,H07272,L,299.8,310.8,2425,47.5,149,0,0,0,0,0,0
7273,H07273,M,299.0,309.7,2018,43.5,110,0,0,0,0,0,0
7274,L07274,M,302.4,309.9,2195,40.2,63,1,0,0,0,0,0
7275,L07275,L,301.6,312.0,1879,38.5,203,0,0,0,0,0,0
7276,L07276,H,301.0,309.3,2245,54.3,48,0,0,0,0,0,0
7277,M07277,M,300.0,310.9,1670,34.5,117,0,0,0,0,0,0
7278,H07278,L,299.6,309.0,2058,41.0,182,0,0,0,0,0,0
7279,M07279,M,299.6,311.2,2820,39.0,91,0,0,0,0,0,0
7280,L07280,L,296.6,309.9,2743,43.4,14,0,0,0,0,0,0
7281,H07281,M,300.0,310.5,1945,52.6,131,0,0,0,0,0,0
7282,M07282,L,298.4,309.4,1650,52.2,135,0,0,0,0,0,0
7283,H07283,M,299.8,310.1,2481,46.6,222,0,0,0,0,0,0
7284,M07284,L,300.1,310.2,1400,42.5,126,0,0,0,0,0,0
7285,L07285,M,299.0,308.6,2054,44.1,59,0,0,0,0,0,0
7286,M07286,L,301.9,309.5,2776,54.2,126,0,0,0,0,0,0
7287,H07287,M,297.9,310.3,2377,29.1,89,0,0,0,0,0,0
7288,H07288,L,299.0,309.2,1157,37.0,130,0,0,0,0,1,0
7289,H07289,H,299.3,310.2,1257,33.1,230,0,0,0,0,0,0
7290,H07290,M,302.3,309.8,2805,46.7,134,1,0,0,0,0,0
7291,L07291,L,300.1,310.6,1966,37.7,78,0,0,0,0,0,0
7292,M07292,H,300.0,309.8,1672,24.1,211,0,0,0,0,0,0
7293,L07293,L,301.7,312.4,2546,33.8,144,0,0,0,0,0,0
7294,L07294,M,299.0,308.0,1535,41.6,123,0,0,0,0,0,0
7295,L07295,M,301.8,309.2,1332,44.7,223,0,0,0,0,0,0
7296,H07296,L,300.8,310.7,2482,38.4,9,0,0,0,0,0,0
7297,H07297,H,302.5,310.2,2071,30.6,79,0,0,0,0,0,0
7298,H07298,L,299.2,310.4,2352,54.3,111,0,0,0,0,0,0
7299,M07299,L,299.4,306.8,2164,45.1,25,0,0,0,0,0,0
7300,H07300,M,300.3,309.8,2777,44.4,21,0,0,0,0,0,0
7301,M07301,M,299.9,310.0,2400,42.8,142,0,0,0,0,0,0
7302,H07302,L,301.5,310.6,2691,28.8,57,0,0,0,0,0,0
7303,H07303,L,299.6,310.4,2185,41.2,59,0,0,0,0,1,0
7304,L07304,M,297.9,310.0,2423,17.0,75,0,0,0,0,0,0
7305,L07305,L,302.7,309.9,2591,44.1,166,0,0,0,0,0,0
7306,L07306,H,303.8,308.7,2550,6.9,130,0,0,0,0,0,0
7307,M07307,M,296.9,310.3,1347,32.3,187,0,0,0,0,0,0
7308,M07308,L,301.0,309.9,2812,40.4,180,0,0,0,0,0,0
7309,H07309,L,301.5,309.6,2621,42.6,151,0,0,0,0,0,0
7310,M07310,L,300.5,310.0,1186,27.3,182,0,0,0,0,0,0
7311,H07311,L,303.1,309.6,2042,33.2,1,0,0,0,0,0,0
7312,M07312,M,297.3,308.6,1570,27.2,195,0,0,0,0,0,0
7313,M07313,H,298.9,310.7,2181,51.6,150,0,0,0,0,0,0
7314,M07314,L,300.2,311.9,1314,32.9,125,0,0,1,0,0,0
7315,L07315,L,301.8,310.3,1269,39.3,58,0,0,0,0,0,0
7316,M07316,L,302.4,310.3,1893,42.1,56,0,0,0,0,0,0
7317,L07317,M,297.6,311.5,1521,46.7,214,0,0,0,0,0,0
7318,L07318,M,296.4,311.9,1382,45.1,199,0,0,0,0,0,0
7319,M07319,M,301.6,309.8,2603,45.9,169,0,0,0,0,0,0
7320,H07320,L,300.2,309.3,1436,28.3,107,1,0,0,0,0,0
7321,H07321,M,300.3,310.4,1887,44.1,139,0,0,0,0,0,0
7322,H07322,L,301.6,310.2,2568,26.2,200,0,0,0,0,0,0
7323,M07323,M,298.4,311.0,2593,44.0,74,0,0,0,0,0,0
7324,H07324,M,299.5,310.0,1601,52.6,236,0,0,0,0,0,0
7325,L07325,M,301.0,310.1,1806,29.0,222,0,0,0,0,0,0
7326,H07326,L,298.1,309.0,2445,25.7,0,0,0,0,0,0,0
7327,M07327,M,298.9,311.0,2459,56.6,98,0,0,0,0,0,0
7328,H07328,L,300.2,309.4,2212,34.1,53,0,0,0,0,0,0
7329,L07329,M,301.0,308.8,2729,45.8,247,0,0,0,0,0,0
7330,M07330,L,297.1,307.3,2670,23.8,42,0,0,0,0,0,0
7331,H07331,L,301.3,309.9,2114,49.1,189,0,0,0,0,0,0
7332,M07332,L,300.9,309.3,2661,50.7,142,0,0,0,0,0,0
7333,M07333,M,298.3,309.8,1521,55.8,6,0,0,0,0,0,0
7334,M07334,L,304.5,309.5,1698,57.8,155,1,0,0,0,0,0
7335,H07335,M,298.1,309.6,2152,30.8,239,0,0,0,0,0,0
7336,M07336,M,301.5,309.2,2583,52.4,5,0,0,0,0,0,0
7337,H07337,M,300.6,309.3,2429,45.0,19,0,0,0,0,0,0
7338,L07338,L,299.2,309.1,1625,39.5,87,0,0,0,0,0,0
7339,H07339,M,300.2,309.8,1360,42.4,169,0,0,0,0,0,0
7340,L07340,L,301.1,308.9,1554,60.6,227,0,0,0,0,0,0
7341,H07341,L,305.7,311.3,1753,30.9,37,0,0,0,0,1,0
7342,M07342,L,297.1,310.0,2704,41.8,189,0,0,0,0,0,0
7343,H07343,L,294.6,308.5,1761,51.6,75,0,0,0,0,0,0
7344,M07344,L,298.0,310.2,2568,43.2,2,0,0,0,0,0,0
7345,L07345,L,299.9,309.1,2832,26.9,155,0,0,0,0,0,0
7346,H07346,L,301.3,311.0,1730,41.0,11,0,0,0,0,0,0
7347,M07347,L,300.2,309.4,2303,22.7,246,1,0,0,0,0,0
7348,L07348,L,299.7,311.4,1174,36.0,79,0,0,0,0,0,0
7349,L07349,L,303.1,311.0,1776,27.6,171,0,0,0,0,0,0
7350,H07350,H,298.4,313.6,2263,33.7,14,0,0,0,0,0,0
7351,L07351,L,303.3,310.1,2446,50.1,117,0,0,0,0,0,0
7352,M07352,L,301.2,310.7,1490,34.8,54,0,0,0,0,1,0
7353,L07353,L,303.0,310.0,1361,39.4,94,0,0,0,0,0,0
7354,L07354,L,298.1,310.1,2063,56.3,244,0,0,0,0,0,0
7355,M07355,L,299.3,311.2,2796,42.9,212,0,0,0,0,0,0
7356,L07356,L,297.1,310.8,2521,39.4,81,0,0,0,0,0,0
7357,L07357,H,300.6,309.9,1737,37.0,175,0,0,0,0,0,0
7358,L07358,M,300.6,311.3,1445,43.7,5,0,0,0,0,0,0
7359,L07359,M,304.0,311.0,2563,53.2,63,0,0,0,0,0,0
7360,M07360,H,300.2,311.6,2261,30.4,208,0,0,0,0,0,0
7361,L07361,H,297.0,311.2,2159,43.8,214,0,0,0,0,0,0
7362,M07362,M,301.9,309.6,1576,27.2,34,0,0,0,0,0,0
7363,L07363,M,298.2,309.5,2115,21.7,209,0,0,0,0,0,0
7364,L07364,L,297.5,309.6,2062,43.1,10,0,0,0,0,0,0
7365,L07365,L,301.4,310.8,2343,41.6,22,0,0,0,0,0,0
7366,L07366,L,298.5,311.3,2320,20.9,56,0,0,0,0,0,0
7367,M07367,L,298.8,311.1,2413,31.0,80,0,0,0,0,0,0
7368,M07368,H,302.8,308.6,1204,34.4,69,0,0,0,0,0,0
7369,M07369,L,301.0,309.3,2777,44.3,215,0,0,0,0,0,0
7370,H07370,M,301.2,310.7,1914,54.4,113,0,0,0,0,0,0
7371,L07371,L,297.2,311.2,2842,27.1,164,0,0,0,0,0,0
7372,L07372,L,301.4,310.3,2030,37.5,62,0,0,0,0,0,0
7373,M07373,L,299.4,311.5,2693,57.2,79,0,0,0,0,0,0
7374,H07374,L,299.1,308.1,1986,52.6,220,0,0,0,0,0,0
7375,L07375,L,300.8,309.8,2472,17.0,28,0,0,0,0,0,0
7376,M07376,L,300.0,311.4,2783,36.3,243,1,0,0,0,0,0
7377,L07377,L,297.1,310.3,1711,44.1,169,0,0,0,0,0,0
7378,L07378,L,301.9,309.2,1874,47.3,155,0,0,0,0,0,0
7379,M07379,M,302.1,310.8,1153,51.2,143,0,0,0,0,0,0
7380,M07380,L,298.8,310.1,1513,22.6,194,0,0,0,0,0,0
7381,L07381,L,301.2,309.5,2465,42.1,105,0,0,0,0,0,0
7382,L07382,L,301.8,308.4,2562,42.4,215,0,0,0,0,0,0
7383,M07383,L,296.3,310.7,1902,51.3,17,0,0,0,0,0,0
7384,L07384,L,299.0,308.9,2172,45.1,175,0,0,0,0,0,0
7385,L07385,L,295.6,312.1,2644,44.7,144,0,0,0,0,0,0
7386,M07386,L,301.3,308.2,2704,43.7,240,0,0,0,0,0,0
7387,L07387,M,300.9,310.1,1575,40.1,73,0,0,0,0,0,0
7388,L07388,L,298.7,310.8,1548,51.9,228,0,0,0,0,0,0
7389,H07389,L,299.7,309.0,2103,30.1,152,0,0,0,0,0,0
7390,M07390,L,299.3,309.3,1453,52.4,99,0,0,0,0,0,0
7391,H07391,L,295.9,310.9,1989,38.1,238,0,0,0,0,0,0
7392,H07392,L,302.6,309.0,1253,34.6,47,0,0,0,0,0,0
7393,H07393,M,300.5,311.9,2504,37.9,86,0,0,0,0,0,0
7394,L07394,M,299.7,310.1,1513,38.1,177,0,0,0,0,0,0
7395,L07395,L,299.7,309.6,2539,58.1,18,0,0,0,0,0,0
7396,H07396,H,301.4,311.6,2255,27.8,201,0,0,0,0,0,0
7397,H07397,L,296.8,308.9,1716,27.0,74,1,0,0,0,0,0
7398,H07398,M,298.2,311.7,1949,29.3,40,0,0,0,0,0,0
7399,L07399,M,300.4,309.0,1825,37.7,4,0,0,0,0,0,0
7400,H07400,M,302.2,311.3,2258,32.1,5,0,0,0,0,0,0
7401,H07401,L,295.2,311.9,2392,16.0,130,0,0,0,0,0,0
7402,M07402,L,302.0,309.9,1517,33.1,44,0,0,0,0,0,0
7403,M07403,L,298.6,309.9,1874,28.3,229,0,0,0,0,0,0
7404,L07404,L,299.4,309.7,1864,49.9,74,0,0,0,0,0,0
7405,M07405,L,300.1,309.2,1974,46.3,188,0,0,0,0,0,0
7406,M07406,L,297.8,310.1,2415,43.5,111,0,0,0,0,0,0
7407,M07407,L,297.5,310.9,2335,22.7,106,0,0,0,0,0,0
7408,L07408,M,300.4,310.6,2352,54.1,233,0,0,0,0,0,0
7409,M07409,L,303.8,310.5,1241,31.8,175,0,0,0,0,0,0
7410,L07410,M,298.1,309.3,2673,48.2,151,0,0,0,0,0,0
7411,H07411,L,298.1,308.9,2823,46.1,109,0,0,0,0,0,0
7412,M07412,M,297.6,311.8,2679,31.9,47,0,0,0,0,0,0
7413,L07413,L,299.5,308.7,1773,43.4,153,0,0,0,0,0,0
7414,M07414,L,298.0,309.8,1318,40.9,176,0,0,0,0,0,0
7415,H07415,M,298.1,310.8,1536,50.7,217,0,0,0,0,0,0
7416,L07416,L,300.4,311.5,2494,33.4,215,0,0,0,0,0,0
7417,L07417,L,297.1,310.0,1250,41.7,231,0,0,0,0,0,0
7418,L07418,L,303.2,310.3,2469,29.9,182,0,0,0,0,0,0
7419,H07419,L,297.6,309.5,2158,52.4,131,0,0,0,0,0,0
7420,H07420,L,302.3,311.7,1342,38.8,48,0,0,0,0,0,0
7421,H07421,L,303.9,311.4,2634,30.7,201,0,0,0,0,0,0
7422,L07422,M,302.4,309.0,2019,46.1,97,0,0,0,0,0,0
7423,H07423,M,302.1,310.7,1868,50.6,43,0,0,0,0,0,0
7424,M07424,L,301.6,309.9,2459,35.3,28,0,0,0,0,0,0
7425,H07425,M,300.4,310.3,2389,60.8,25,0,0,0,0,0,0
7426,L07426,L,302.4,309.2,2629,55.2,210,0,0,0,0,0,0
7427,M07427,L,299.5,308.0,2112,40.4,212,1,0,0,0,0,0
7428,H07428,L,301.7,308.9,2124,35.7,210,0,0,0,0,0,0
7429,M07429,M,302.2,309.4,1377,26.9,126,0,0,1,0,0,0
7430,M07430,L,301.0,309.5,1510,29.2,60,0,0,0,0,0,0
7431,L07431,M,299.5,307.7,1192,21.2,39,0,0,0,0,0,0
7432,M07432,L,301.0,310.3,1330,45.9,101,0,0,0,0,0,0
7433,M07433,H,299.3,308.6,1660,39.3,18,0,0,0,0,0,0
7434,L07434,M,298.9,310.0,1611,34.6,209,0,0,0,0,0,0
7435,L07435,L,301.6,308.8,1435,11.5,141,0,0,0,0,0,0
7436,L07436,M,300.3,308.2,2470,45.3,34,0,0,0,0,0,0
7437,M07437,L,301.6,310.0,2729,39.5,81,0,0,0,0,0,0
7438,M07438,L,300.3,309.8,2210,40.2,91,0,0,0,0,0,0
7439,M07439,L,301.0,310.1,2256,40.0,146,0,0,0,0,0,0
7440,L07440,L,302.8,311.6,2082,50.2,88,0,0,0,0,1,0
7441,H07441,M,299.7,310.7,1406,23.7,78,0,0,0,0,0,0
7442,M07442,L,299.2,312.0,2390,63.4,239,0,0,0,0,0,0
7443,H07443,L,300.9,309.7,1671,26.8,112,0,0,0,0,0,0
7444,L07444,L,294.8,309.3,1899,37.7,130,0,0,0,0,0,0
7445,M07445,L,301.4,310.5,2199,12.9,86,0,0,0,0,0,0
7446,H07446,L,298.3,311.9,2424,41.5,177,0,0,0,0,0,0
7447,M07447,M,303.4,308.9,2388,36.8,236,0,0,0,0,0,0
7448,M07448,H,301.6,311.4,1806,39.8,139,1,0,0,0,0,0
7449,M07449,L,301.8,310.5,1469,43.6,95,0,0,0,0,0,0
7450,H07450,L,301.9,309.6,1883,34.9,242,0,0,0,0,0,0
7451,L07451,L,299.1,311.5,1560,55.5,181,0,0,0,0,0,0
7452,M07452,M,299.5,308.8,1608,34.8,91,0,0,0,0,0,0
7453,L07453,L,296.6,310.7,2497,45.3,225,0,0,0,0,0,0
7454,L07454,L,303.0,309.8,2703,31.2,192,0,0,0,0,0,0
7455,H07455,M,297.4,311.1,1488,50.2,137,0,0,0,0,0,0
7456,H07456,L,300.0,310.3,1377,29.6,113,0,0,0,0,0,0
7457,L07457,L,302.5,311.1,2409,37.5,26,1,0,0,0,0,0
7458,M07458,M,303.1,310.0,1515,33.7,75,0,0,0,0,0,0
7459,H07459,L,299.5,309.6,1583,43.0,236,0,0,0,0,0,0
7460,M07460,L,296.6,309.9,2007,31.2,99,0,0,0,0,0,0
7461,M07461,L,300.5,310.2,1598,33.0,244,0,0,0,0,0,0
7462,M07462,L,300.7,310.4,1656,38.2,96,0,0,0,0,0,0
7463,L07463,L,300.8,310.7,2449,35.6,67,0,0,0,0,0,0
7464,M07464,H,299.4,310.0,2806,40.2,148,0,0,0,0,0,0
7465,L07465,L,299.7,310.7,1211,32.0,147,0,0,0,0,0,0
7466,L07466,M,298.6,312.2,2504,32.5,113,0,0,0,0,0,0
7467,M07467,L,300.3,309.3,1336,39.6,144,0,0,0,0,0,0
7468,M07468,L,301.6,311.0,2710,53.8,115,0,0,0,0,0,0
7469,M07469,L,300.5,309.3,2041,36.9,45,0,0,0,0,0,0
7470,M07470,L,299.9,309.1,2678,47.1,161,0,0,0,0,0,0
7471,L07471,L,302.2,311.4,2000,43.9,77,0,0,0,0,0,0
7472,M07472,L,300.5,309.1,1757,31.9,9,0,0,0,0,0,0
7473,M07473,L,300.1,310.0,2494,47.2,120,0,0,0,0,0,0
7474,L07474,L,300.2,309.2,2366,39.0,147,0,0,0,0,0,0
7475,H07475,H,297.6,312.4,1403,50.0,191,0,0,0,0,0,0
7476,H07476,L,297.8,310.0,1728,65.9,189,0,0,0,0,0,0
7477,L07477,L,299.8,308.9,1463,40.4,226,0,1,0,0,0,0
7478,H07478,L,298.5,309.1,2155,52.1,206,0,0,0,0,0,0
7479,L07479,L,299.9,312.1,2725,50.4,166,0,0,0,0,0,0
7480,M07480,M,301.7,309.8,2397,35.6,218,0,0,0,0,0,0
7481,M07481,L,301.4,309.9,1580,35.4,61,0,0,0,0,0,0
7482,H07482,L,300.8,311.5,2529,26.8,78,0,0,0,0,0,0
7483,M07483,L,301.7,311.3,2600,51.5,210,0,0,0,0,0,0
7484,H07484,M,302.1,309.1,2565,31.1,89,0,0,0,0,0,0
7485,H07485,L,302.0,309.2,1371,34.1,139,0,0,0,0,0,0
7486,M07486,L,301.9,309.4,2276,59.0,23,0,0,0,0,0,0
7487,M07487,L,297.6,309.7,1467,34.9,52,0,0,0,0,0,0
7488,H07488,L,296.2,310.8,1909,56.4,227,0,0,0,0,0,0
7489,M07489,L,298.4,309.9,2847,59.5,32,0,0,0,0,0,0
7490,L07490,M,299.1,309.7,2710,31.2,68,0,0,0,0,0,0
7491,M07491,M,301.9,310.0,2839,47.4,72,0,0,0,0,0,0
7492,M07492,L,299.8,309.4,2392,44.7,103,0,1,0,0,0,0
7493,L07493,L,299.0,311.6,2611,47.9,205,0,0,0,0,0,0
7494,M07494,L,300.3,309.3,1915,51.7,173,0,0,0,0,0,0
7495,M07495,L,301.1,310.0,1876,21.8,99,0,0,0,0,0,0
7496,H07496,L,301.6,310.6,2342,45.8,88,1,0,0,0,0,0
7497,M07497,L,299.2,310.7,2765,46.9,6,0,0,0,0,0,0
7498,M07498,H,298.1,309.6,1221,35.2,97,0,0,0,0,0,0
7499,L07499,L,298.4,311.1,2748,49.4,170,1,0,0,0,0,0
7500,H07500,H,300.2,312.1,2139,52.4,6,0,0,0,0,0,0
7501,H07501,L,297.9,311.8,1605,35.2,94,0,0,0,0,0,0
7502,H07502,L,301.9,307.5,2248,27.0,115,0,0,0,0,0,0
7503,M07503,L,297.9,309.9,2436,58.6,60,0,0,0,0,1,0
7504,H07504,M,296.9,309.3,2642,31.8,31,0,0,0,0,0,0
7505,L07505,L,300.3,310.6,1759,26.7,212,0,0,0,0,0,0
7506,H07506,M,299.4,311.1,1746,42.0,240,0,0,0,0,0,0
7507,L07507,M,300.9,308.9,1986,17.3,58,0,0,0,0,0,0
7508,H07508,M,299.0,310.9,2088,40.8,78,0,0,0,0,0,0
7509,H07509,M,300.8,310.0,2039,48.4,29,0,0,0,0,0,0
7510,L07510,M,302.0,309.7,1934,34.4,3,0,0,0,0,0,0
7511,H07511,M,298.8,310.5,2834,45.3,33,0,0,0,0,0,0
7512,H07512,L,301.0,309.9,1667,44.8,136,0,0,0,0,0,0
7513,H07513,M,303.6,311.1,2794,45.1,59,0,0,0,0,1,0
7514,M07514,M,301.5,309.6,2372,36.0,203,0,0,0,0,0,0
7515,L07515,L,298.4,311.3,1992,40.4,221,0,0,0,0,0,0
7516,H07516,H,300.7,310.0,2511,41.9,151,0,0,0,0,0,0
7517,L07517,L,297.4,307.6,1187,40.7,114,0,0,0,0,0,0
7518,L07518,L,297.7,309.2,1468,38.4,182,0,0,0,0,0,0
7519,L07519,L,303.0,309.9,1789,58.1,246,0,0,0,0,0,0
7520,H07520,L,300.8,310.4,1289,43.2,28,0,0,0,0,0,0
7521,H07521,M,303.1,309.9,2421,44.2,53,0,0,0,0,0,0
7522,L07522,H,300.9,309.3,2067,27.8,178,0,0,0,0,0,0
7523,M07523,M,298.9,311.8,2832,63.0,248,0,0,0,0,0,0
7524,L07524,H,300.1,311.4,1576,48.8,120,0,0,0,0,0,0
7525,M07525,L,300.5,308.8,2004,43.3,21,0,0,0,0,0,0
7526,L07526,L,304.4,309.2,2368,57.2,226,0,0,0,0,0,0
7527,L07527,L,301.4,310.3,1364,28.2,19,0,0,0,0,0,0
7528,L07528,M,298.5,309.8,1794,29.0,36,0,0,0,0,0,0
7529,H07529,L,299.6,307.3,1690,50.6,127,0,0,0,0,0,0
7530,M07530,H,300.9,309.3,2783,52.6,232,0,0,0,0,0,0
7531,M07531,M,297.8,310.7,2025,21.5,50,0,0,0,0,0,0
7532,L07532,H,300.0,310.1,1538,30.1,72,0,0,0,0,0,0
7533,H07533,L,299.6,309.1,2602,24.9,116,0,0,0,0,0,0
7534,H07534,L,301.0,309.4,1301,49.7,213,0,1,0,0,0,0
7535,M07535,M,299.8,309.8,2276,41.0,177,0,0,0,0,0,0
7536,H07536,M,297.2,312.6,2578,44.6,207,0,0,0,0,0,0
7537,M07537,L,299.9,310.0,2461,29.6,65,0,0,0,0,0,0
7538,M07538,H,301.5,309.3,1896,42.6,61,1,0,0,0,0,0
7539,M07539,M,302.9,311.8,1282,24.6,43,0,0,0,0,0,0
7540,H07540,L,301.9,310.6,2619,48.3,113,0,0,0,0,0,0
7541,M07541,L,296.8,309.2,2575,58.0,22,0,0,0,0,0,0
7542,M07542,L,297.3,310.0,1891,17.3,92,0,0,0,0,0,0
7543,L07543,L,297.9,309.8,2208,53.8,10,0,0,0,0,0,0
7544,M07544,M,303.0,310.5,1741,39.0,181,0,0,0,0,0,0
7545,M07545,L,301.0,308.7,2016,43.5,182,0,0,0,0,0,0
7546,L07546,M,305.3,308.8,1903,36.2,60,0,0,0,0,0,0
7547,L07547,M,302.6,309.7,1493,29.3,226,0,0,0,0,0,0
7548,H07548,L,300.2,309.1,1633,56.7,179,0,0,0,0,0,0
7549,M07549,L,299.1,311.0,2818,33.7,122,0,0,0,0,0,0
7550,H07550,L,300.7,309.0,2694,55.4,21,0,0,0,0,0,0
7551,H07551,L,301.7,312.4,1537,48.0,2,0,0,0,0,0,0
7552,L07552,L,302.4,309.8,1694,37.7,238,0,0,0,0,0,0
7553,H07553,H,299.4,310.1,2008,57.1,203,0,0,0,0,0,0
7554,M07554,L,304.4,310.4,2067,39.6,64,0,0,0,0,0,0
7555,L07555,L,299.9,309.9,1848,53.2,245,0,0,0,0,0,0
7556,M07556,L,302.4,311.2,2184,52.6,185,0,0,0,0,0,0
7557,M07557,L,300.7,310.1,1730,27.4,170,0,0,0,0,0,0
7558,L07558,L,299.3,309.5,2311,32.3,89,0,0,0,0,0,0
7559,M07559,M,296.1,308.6,1280,38.1,225,0,0,0,0,0,0
7560,L07560,L,297.5,310.4,2572,38.3,60,0,0,0,0,0,0
7561,M07561,H,302.4,310.9,2424,44.6,246,0,0,0,0,0,0
7562,L07562,L,301.5,308.7,2808,22.9,92,0,0,0,0,0,0
7563,H07563,M,301.2,309.6,1515,39.6,52,0,0,0,0,1,0
7564,M07564,M,303.1,311.0,1570,45.6,237,0,0,0,0,0,0
7565,L07565,L,298.0,309.1,1573,48.7,160,0,0,0,0,0,0
7566,M07566,L,299.1,309.1,1311,34.2,223,0,0,0,0,0,0
7567,M07567,L,299.2,309.8,1244,29.8,24,0,0,0,0,0,0
7568,M07568,M,297.3,311.3,2335,36.8,49,0,0,0,0,0,0
7569,L07569,M,298.4,310.9,1984,45.5,241,0,0,0,0,0,0
7570,H07570,L,297.9,311.3,2534,28.0,46,0,0,0,0,0,0
7571,H07571,L,296.9,309.0,2402,37.2,121,0,0,0,0,0,0
7572,H07572,M,298.2,309.3,2289,35.5,185,0,0,0,0,0,0
7573,L07573,H,299.9,309.8,1370,24.7,99,0,0,0,0,0,0
7574,H07574,M,303.6,309.7,1612,24.2,65,0,0,0,0,0,0
7575,L07575,M,298.0,309.2,2080,54.9,206,0,0,0,0,0,0
7576,M07576,L,302.1,310.5,1830,48.1,12,0,0,0,0,0,0
7577,M07577,M,300.4,308.4,2488,50.1,169,0,0,0,0,0,0
7578,H07578,M,300.9,310.1,2503,36.6,14,0,0,1,0,1,0
7579,L07579,M,300.3,311.7,1806,41.5,5,0,0,0,0,0,0
7580,M07580,L,296.3,310.1,1435,45.7,84,0,0,0,0,0,0
7581,L07581,L,297.9,309.2,2355,55.8,41,0,0,0,0,0,0
7582,L07582,L,301.1,308.7,1969,43.9,217,0,0,0,0,0,0
7583,M07583,L,300.1,310.4,1605,33.3,162,0,0,0,0,0,0
7584,L07584,L,296.7,311.7,2068,46.6,236,0,0,0,0,0,0
7585,M07585,M,299.6,310.2,1424,11.6,81,0,0,0,0,0,0
7586,M07586,L,301.2,309.7,1186,31.1,5,0,0,0,0,0,0
7587,M07587,L,297.5,309.2,1592,41.1,77,0,0,0,0,0,0
7588,L07588,M,299.2,308.5,2024,46.4,145,0,0,0,0,0,0
7589,M07589,M,303.0,310.3,2209,47.0,42,0,0,0,0,0,0
7590,L07590,L,301.2,308.4,1217,36.0,147,0,0,0,0,0,0
7591,M07591,L,303.2,310.9,2583,38.7,206,0,0,0,0,0,0
7592,M07592,H,299.2,310.6,1509,36.7,180,0,0,0,0,0,0
7593,H07593,M,302.2,309.8,2294,46.9,108,0,0,0,0,0,0
7594,H07594,L,297.9,310.6,2840,45.3,47,0,0,0,0,0,0
7595,H07595,L,301.7,310.2,1866,39.1,154,0,0,1,0,0,0
7596,L07596,L,298.6,310.6,2097,33.7,215,0,0,0,0,0,0
7597,L07597,M,300.9,310.9,2729,43.9,75,0,0,0,0,0,0
7598,M07598,L,301.0,309.7,1631,41.0,128,0,0,0,0,0,0
7599,M07599,L,301.4,308.7,1438,55.1,118,0,0,0,0,0,0
7600,M07600,L,298.0,312.3,1239,39.5,13,0,0,0,0,0,0
7601,M07601,M,300.6,309.8,1361,37.8,245,0,0,0,0,0,0
7602,L07602,L,300.1,309.6,1724,31.7,159,0,0,0,0,0,0
7603,M07603,L,302.5,310.4,2245,55.3,66,0,0,0,0,0,0
7604,M07604,H,298.7,309.8,1997,40.8,9,0,0,0,0,0,0
7605,H07605,L,297.4,308.7,1439,42.4,153,0,0,0,0,0,0
7606,M07606,L,296.7,308.8,1516,57.1,222,0,0,0,0,0,0
7607,M07607,M,299.4,309.1,1176,51.6,73,0,0,0,1,0,0
7608,M07608,L,299.1,310.4,1569,26.2,64,0,0,0,0,0,0
7609,L07609,M,299.4,309.3,2049,52.0,177,1,0,0,0,0,0
7610,H07610,L,299.4,310.9,2535,51.6,176,0,0,0,0,0,0
7611,M07611,L,302.8,309.8,2738,22.5,31,0,0,0,0,0,0
7612,M07612,H,299.7,309.9,2628,55.1,82,0,0,0,0,0,0
7613,H07613,L,302.3,310.1,1954,34.2,64,0,0,0,0,0,0
7614,M07614,M,300.8,309.0,1761,47.6,25,0,0,0,0,0,0
7615,L07615,L,298.2,311.3,1621,34.9,196,0,0,0,0,0,0
7616,M07616,L,300.0,310.3,2764,62.7,153,0,0,0,0,0,0
7617,L07617,M,303.1,309.8,1518,42.1,229,1,0,0,0,0,0
7618,L07618,L,302.0,309.5,2499,49.0,64,0,0,0,0,0,0
7619,M07619,L,302.4,309.5,1559,41.6,221,0,0,0,0,0,0
7620,H07620,L,301.0,308.8,2775,29.5,240,0,0,0,0,0,0
7621,L07621,L,299.0,308.7,2676,39.1,139,0,0,0,0,0,0
7622,H07622,M,303.3,308.7,2198,25.9,227,0,0,0,0,0,0
7623,M07623,M,301.1,311.1,1310,43.0,35,0,0,0,0,0,0
7624,L07624,M,301.9,309.2,2368,37.9,151,0,0,0,0,0,0
7625,M07625,M,300.2,308.9,2594,26.1,169,0,0,0,0,0,0
7626,H07626,L,297.9,311.3,1827,35.5,54,0,0,0,0,0,0
7627,M07627,L,300.8,310.1,1162,29.2,182,0,0,0,0,0,0
7628,M07628,M,303.4,308.8,2580,35.4,88,0,0,0,0,0,0
7629,L07629,L,301.6,310.6,2528,38.5,7,0,0,0,0,0,0
7630,M07630,L,301.1,311.5,2419,47.3,203,0,0,0,0,0,0
7631,M07631,H,298.3,310.7,1237,31.2,188,0,0,0,0,0,0
7632,M07632,L,303.0,310.1,1588,31.8,26,0,0,0,0,0,0
7633,L07633,L,302.7,310.5,1570,43.4,203,0,0,0,0,0,0
7634,H07634,L,296.4,311.2,2825,40.6,190,0,0,0,0,0,0
7635,H07635,M,301.9,311.7,2429,47.5,127,0,0,0,0,0,0
7636,M07636,L,299.5,309.0,2449,37.9,159,0,0,0,0,0,0
7637,L07637,L,300.6,310.0,2831,45.5,59,0,0,0,0,0,0
7638,M07638,H,298.4,310.6,2180,11.0,162,0,0,0,0,0,0
7639,H07639,M,300.2,310.2,1649,32.7,143,0,0,0,0,0,0
7640,L07640,M,297.8,310.5,1395,40.3,163,0,0,0,0,0,0
7641,H07641,L,298.4,312.2,1495,38.9,55,0,0,0,0,0,0
7642,H07642,L,301.0,309.7,2377,41.5,157,0,0,0,0,0,0
7643,L07643,L,298.5,308.6,2655,48.8,228,0,0,0,0,0,0
7644,L07644,L,300.9,311.9,1629,34.7,124,0,0,0,0,0,0
7645,M07645,L,300.2,311.8,2267,43.0,31,0,0,0,0,0,0
7646,M07646,L,304.8,310.5,2047,37.7,78,0,0,0,0,0,0
7647,H07647,L,298.7,309.5,2483,44.7,20,1,0,0,0,0,0
7648,L07648,M,299.3,310.9,1669,44.9,55,0,0,0,0,0,0
7649,L07649,M,298.6,310.0,1579,29.0,167,0,0,0,0,0,0
7650,M07650,L,302.9,309.7,1319,43.4,92,0,0,0,0,0,0
7651,H07651,L,300.2,309.3,1268,45.9,53,0,0,0,0,0,0
7652,H07652,L,299.7,310.0,1907,41.5,157,0,0,0,0,0,0
7653,M07653,L,301.5,310.5,2813,43.8,216,0,0,0,0,0,0
7654,L07654,L,298.3,310.2,1212,41.7,19,0,0,0,0,0,0
7655,M07655,L,297.3,310.9,2290,32.2,201,0,0,0,0,0,0
7656,M07656,M,300.6,309.8,1258,35.3,222,0,0,0,0,0,0
7657,M07657,M,300.3,309.6,1895,41.7,128,0,0,0,0,0,0
7658,M07658,M,298.5,310.4,2666,39.2,73,0,0,0,0,0,0
7659,L07659,M,300.7,310.1,1866,33.4,145,0,0,0,0,0,0
7660,M07660,M,303.7,311.5,2773,33.1,112,0,0,0,0,0,0
7661,L07661,M,300.9,309.7,1566,39.3,227,0,0,0,0,0,0
7662,M07662,L,296.0,309.5,2498,26.1,184,0,0,0,0,0,0
7663,H07663,L,302.8,309.8,2041,35.0,58,0,0,0,0,0,0
7664,L07664,M,304.0,309.6,2413,52.5,127,0,0,0,0,0,0
7665,H07665,L,301.1,309.4,1859,42.7,245,0,0,0,0,0,0
7666,M07666,M,300.3,308.4,2689,35.5,127,0,0,0,0,0,0
7667,M07667,H,296.9,308.8,1767,35.4,140,0,0,0,0,0,0
7668,M07668,M,298.3,309.9,2792,64.0,31,0,0,0,0,0,0
7669,L07669,L,299.4,308.7,1401,39.7,213,1,0,0,0,0,0
7670,H07670,L,298.5,310.6,2359,45.4,69,0,0,1,0,0,0
7671,L07671,M,299.0,310.4,1887,32.8,160,0,0,0,0,0,0
7672,L07672,H,300.2,309.3,2586,44.9,192,0,0,0,0,0,0
7673,M07673,L,298.6,309.9,1653,26.3,2,0,0,0,0,0,0
7674,H07674,M,303.0,309.8,2706,36.0,132,0,0,0,0,0,0
7675,M07675,M,300.1,308.2,1303,37.1,113,0,0,0,0,0,0
7676,L07676,L,301.0,310.4,1373,18.4,218,0,0,0,0,0,0
7677,M07677,M,301.0,309.4,1747,44.7,11,0,0,0,0,0,0
7678,H07678,L,300.8,309.0,2726,35.0,32,0,0,0,0,0,0
7679,M07679,L,300.1,310.7,1995,48.2,232,0,0,0,0,0,0
7680,H07680,L,302.0,310.2,2591,37.4,26,0,0,0,0,0,0
7681,H07681,M,302.4,310.9,2658,30.2,112,0,0,0,0,0,0
7682,M07682,M,295.9,309.9,1833,45.3,124,0,0,0,0,0,0
7683,L07683,L,297.1,310.2,2845,38.6,12,0,0,0,0,0,0
7684,M07684,M,298.9,310.8,1309,40.4,109,0,0,0,0,0,0
7685,L07685,M,297.8,311.7,2224,45.2,122,0,0,0,0,0,0
7686,L07686,M,298.5,309.7,2803,42.2,202,0,0,0,0,0,0
7687,M07687,L,299.1,310.2,2453,33.7,202,0,0,0,0,0,0
7688,L07688,L,299.5,310.6,1321,23.0,163,0,0,0,0,0,0
7689,L07689,L,297.0,310.6,2130,30.5,104,0,0,0,0,0,0
7690,M07690,M,299.2,309.5,1481,38.1,185,0,0,0,0,0,0
7691,M07691,L,302.8,309.9,2769,39.8,63,1,0,0,0,0,0
7692,M07692,H,299.5,310.6,2466,54.5,177,1,0,0,0,0,0
7693,L07693,M,301.2,310.2,1215,60.8,121,0,0,0,0,0,0
7694,H07694,M,299.9,311.9,2443,38.8,178,0,0,0,0,0,0
7695,L07695,M,300.2,309.7,2517,44.4,131,0,0,0,0,0,0
7696,H07696,L,299.8,309.2,1420,35.4,43,0,0,0,0,0,0
7697,M07697,M,301.5,310.5,2234,33.3,17,0,0,0,0,0,0
7698,H07698,L,298.4,309.1,1838,37.9,17,0,0,0,0,0,0
7699,M07699,M,300.3,309.5,1778,34.0,219,0,0,1,0,0,0
7700,M07700,M,298.8,310.1,2309,32.5,5,0,0,0,0,0,0
7701,H07701,M,301.3,310.0,2151,34.5,186,0,0,0,0,0,0
7702,M07702,M,297.8,309.9,1408,33.2,190,0,0,0,0,0,0
7703,H07703,L,301.3,309.4,2429,40.1,42,0,0,0,0,0,0
7704,M07704,L,300.4,310.4,1480,41.5,249,0,0,0,0,0,0
7705,L07705,M,297.5,312.2,2566,28.6,196,0,0,0,0,0,0
7706,L07706,L,303.5,310.8,1932,43.5,239,0,0,0,0,0,0
7707,M07707,L,301.1,308.2,2717,39.1,202,0,0,0,0,0,0
7708,M07708,L,297.8,309.6,2427,37.9,196,0,0,0,0,0,0
7709,H07709,L,300.3,310.5,1416,43.3,8,0,0,0,0,0,0
7710,L07710,L,296.7,308.5,1943,55.1,150,0,0,0,0,0,0
7711,H07711,M,296.6,307.6,2180,38.6,10,0,0,0,0,0,0
7712,M07712,M,302.4,309.3,2009,30.7,188,0,0,0,0,0,0
7713,M07713,L,297.6,309.2,1588,45.2,78,0,0,0,0,0,0
7714,H07714,H,301.6,311.6,1700,45.4,216,0,0,0,0,0,0
7715,M07715,L,302.3,310.4,1153,42.6,16,0,0,0,0,1,0
7716,L07716,L,298.0,309.9,2715,39.7,177,0,0,0,0,0,0
7717,H07717,M,304.2,309.7,1827,29.0,180,0,0,0,0,0,0
7718,L07718,M,300.2,310.5,1456,28.5,89,0,0,0,0,0,0
7719,L07719,L,300.1,310.2,1611,36.2,13,0,0,0,0,0,0
7720,L07720,H,298.0,310.4,2721,29.8,38,0,0,0,0,0,0
7721,H07721,H,298.0,310.3,2524,48.1,119,0,0,0,0,0,0
7722,M07722,L,295.6,311.0,2672,24.3,54,0,0,0,0,0,0
7723,L07723,L,298.4,310.0,2384,39.4,239,0,0,0,0,0,0
7724,L07724,M,302.3,310.8,2286,38.5,8,0,0,0,0,0,0
7725,L07725,L,298.0,310.4,1266,45.6,190,1,0,0,0,0,0
7726,M07726,L,298.1,310.2,2489,47.2,26,0,0,0,0,0,0
7727,M07727,M,297.4,309.6,1712,32.3,162,0,0,0,0,0,0
7728,H07728,L,297.3,309.9,2121,52.9,90,0,0,0,0,0,0
7729,M07729,L,301.8,310.0,2606,29.5,244,0,0,0,0,0,0
7730,H07730,L,297.6,311.1,2188,48.6,207,0,0,0,0,0,0
7731,H07731,M,299.7,310.2,1350,46.0,59,0,0,0,0,0,0
7732,H07732,L,299.3,309.1,2520,21.8,213,0,0,1,0,0,0
7733,H07733,L,301.9,308.5,1273,29.4,29,0,0,0,0,0,0
7734,H07734,L,298.3,308.9,1305,49.0,89,0,0,0,0,0,0
7735,L07735,L,299.1,309.3,1558,41.7,102,0,0,0,0,0,0
7736,M07736,H,297.8,310.5,2381,40.6,123,0,0,0,0,0,0
7737,L07737,H,298.7,309.4,1615,14.1,166,0,0,0,0,0,0
7738,H07738,L,298.2,311.2,1903,38.3,179,0,0,0,0,0,0
7739,M07739,M,299.7,308.8,2337,33.3,224,0,0,0,0,0,0
7740,L07740,M,303.2,310.7,1921,27.6,103,0,0,0,0,0,0
7741,L07741,M,299.6,308.1,2450,46.8,57,0,0,0,0,0,0
7742,H07742,L,302.3,308.9,1986,40.4,64,0,0,0,0,0,0
7743,L07743,L,301.9,309.0,2153,31.4,203,0,0,0,0,0,0
7744,L07744,M,299.9,309.0,1899,32.4,125,0,0,0,0,0,0
7745,L07745,L,301.9,309.4,1543,41.1,208,1,0,0,0,0,0
7746,L07746,L,300.5,310.8,1199,44.6,88,0,0,0,0,0,0
7747,L07747,M,297.1,310.7,1874,47.5,156,0,0,0,0,0,0
7748,H07748,H,299.9,309.0,2775,45.3,185,0,0,0,0,0,0
7749,H07749,L,300.4,309.8,1293,39.7,169,0,0,0,0,0,0
7750,L07750,M,303.5,310.5,1315,31.6,27,0,0,0,0,0,0
7751,H07751,L,298.1,309.8,2240,43.4,210,0,0,0,0,0,0
7752,H07752,M,300.9,311.6,2193,30.1,232,0,0,0,0,0,0
7753,M07753,L,297.5,310.4,1772,41.0,9,0,0,0,0,0,0
7754,L07754,L,303.1,309.1,1218,38.4,10,0,0,0,0,0,0
7755,H07755,L,302.4,309.2,1603,48.0,201,0,0,0,0,0,0
7756,H07756,L,297.6,309.0,1174,47.2,187,0,0,0,0,0,0
7757,L07757,L,303.5,309.3,1459,45.8,29,0,0,0,0,0,0
7758,M07758,L,302.2,310.0,1161,44.8,48,0,0,0,0,0,0
7759,L07759,M,302.5,309.8,1726,39.1,198,0,0,0,0,0,0
7760,M07760,L,303.1,309.5,1843,55.5,196,0,0,0,0,0,0
7761,L07761,M,302.3,310.6,1383,45.9,187,0,0,0,0,0,0
7762,L07762,L,299.3,310.3,1984,54.8,27,0,0,0,0,0,0
7763,L07763,M,303.0,308.4,2066,50.6,19,0,0,0,0,0,0
7764,L07764,L,298.2,308.7,2306,35.8,223,0,0,0,0,0,0
7765,M07765,L,298.4,309.0,1740,34.4,186,0,0,0,0,0,0
7766,M07766,L,299.1,309.2,2817,44.9,139,0,0,0,0,0,0
7767,H07767,L,300.7,309.4,2448,28.1,132,0,0,0,0,0,0
7768,L07768,M,298.2,309.6,1998,36.5,29,0,0,0,0,0,0
7769,M07769,M,297.6,310.4,1762,33.2,160,0,0,0,0,0,0
7770,M07770,L,298.2,308.9,1301,39.7,137,0,1,0,0,0,0
7771,M07771,L,299.3,309.2,2625,18.8,166,0,0,0,0,0,0
7772,L07772,L,300.1,308.4,1365,61.4,90,0,0,0,0,0,0
7773,H07773,L,298.5,309.1,1808,47.0,75,1,0,0,0,0,0
7774,M07774,M,297.6,309.8,1459,50.4,65,0,0,0,0,0,0
7775,L07775,L,300.8,309.1,2406,41.5,221,0,0,0,0,0,0
7776,M07776,L,303.6,309.0,2666,52.0,187,0,0,0,0,0,0
7777,M07777,L,299.2,309.5,1298,45.6,168,0,0,0,0,0,0
7778,H07778,L,301.8,310.2,1486,48.3,196,0,0,0,0,0,0
7779,M07779,L,300.0,309.1,2629,44.9,36,0,0,0,0,0,0
7780,M07780,L,301.3,311.0,2652,53.6,205,1,0,0,0,0,0
7781,L07781,L,301.6,309.2,1656,33.0,114,0,0,0,0,0,0
7782,L07782,L,300.0,309.6,2448,55.6,217,0,0,0,0,0,0
7783,H07783,L,298.0,311.2,2120,38.4,113,0,0,0,0,0,0
7784,L07784,M,297.5,310.6,2354,32.0,135,0,0,0,0,0,0
7785,L07785,L,302.3,309.9,2155,44.4,222,0,0,0,0,0,0
7786,H07786,L,301.3,310.4,1583,29.0,56,0,0,0,0,0,0
7787,M07787,L,302.0,308.7,2324,35.1,66,0,0,0,0,0,0
7788,H07788,L,301.4,311.8,2644,37.2,27,0,0,0,0,0,0
7789,L07789,L,302.1,308.8,1353,37.8,141,0,0,0,0,0,0
7790,H07790,M,300.4,310.2,2765,49.7,138,0,0,0,0,0,0
7791,M07791,M,297.0,311.1,1613,48.3,156,0,0,0,0,0,0
7792,H07792,L,300.6,310.3,2123,36.9,231,0,0,0,0,0,0
7793,L07793,M,303.6,309.9,1476,44.4,181,0,0,0,0,0,0
7794,L07794,L,300.7,311.1,1298,61.1,203,0,0,0,0,0,0
7795,H07795,L,297.5,310.6,2450,27.9,106,0,0,0,0,0,0
7796,M07796,H,301.5,309.5,1184,30.0,136,0,0,0,0,0,0
7797,H07797,M,304.3,311.5,2389,40.5,121,1,0,0,0,0,0
7798,M07798,H,298.9,309.3,1150,67.1,163,0,0,0,0,0,1
7799,M07799,L,300.7,311.6,1617,31.8,146,0,0,0,0,0,0
7800,H07800,L,301.0,310.6,1753,34.2,134,0,0,0,0,0,0
7801,M07801,L,300.4,309.6,1615,45.6,16,0,0,0,0,0,0
7802,L07802,M,301.6,309.0,1600,49.5,126,0,0,0,0,0,0
7803,H07803,L,299.2,310.2,1752,40.1,47,0,0,0,0,0,0
7804,M07804,M,301.3,309.4,1219,42.3,178,0,0,0,0,0,0
7805,L07805,L,302.3,310.1,2817,39.9,86,0,0,0,0,0,0
7806,H07806,L,299.5,310.8,1406,41.8,75,1,0,0,0,0,0
7807,L07807,M,301.6,310.9,2016,25.5,198,0,0,0,0,0,0
7808,L07808,M,299.2,311.4,2170,41.7,88,0,0,0,0,0,0
7809,L07809,L,297.2,309.0,1241,40.4,77,0,0,0,0,0,0
7810,M07810,H,297.2,310.2,1743,43.6,57,0,0,0,0,0,0
7811,H07811,L,300.9,308.6,1521,34.6,222,0,0,0,0,0,0
7812,H07812,L,296.2,310.0,2042,45.0,216,0,0,0,0,0,0
7813,M07813,M,300.2,308.4,1248,48.1,202,0,0,0,0,0,0
7814,H07814,H,298.4,312.1,1659,65.2,202,0,0,0,0,0,0
7815,L07815,M,295.6,311.3,2738,35.3,134,0,0,0,0,0,0
7816,H07816,M,301.4,308.5,2765,30.2,106,0,0,0,0,0,0
7817,M07817,M,297.2,309.4,2135,41.8,61,0,0,0,0,0,0
7818,L07818,H,304.6,310.7,2680,45.2,194,0,0,0,0,0,0
7819,M07819,L,303.3,310.2,2118,41.2,142,0,0,0,0,0,0
7820,L07820,M,299.9,310.0,2516,41.3,66,0,0,0,0,0,0
7821,L07821,M,296.0,310.3,2111,34.5,125,0,0,0,0,0,0
7822,H07822,L,300.6,310.9,1395,24.4,52,0,0,0,0,0,0
7823,L07823,L,303.7,312.0,1950,52.5,168,0,0,0,0,0,0
7824,M07824,L,302.1,308.9,2645,56.1,144,0,0,0,0,0,0
7825,H07825,M,302.3,309.8,1428,32.7,112,0,0,0,1,0,0
7826,M07826,L,303.1,308.2,1923,33.9,184,0,0,0,0,0,0
7827,L07827,M,297.5,309.9,2002,24.2,171,0,0,0,0,0,0
7828,M07828,L,302.2,311.6,2683,36.0,198,0,0,0,0,0,0
7829,M07829,L,303.9,310.5,1580,43.4,202,0,0,0,0,0,0
7830,L07830,M,298.8,310.8,1591,33.6,191,0,0,0,0,0,0
7831,H07831,L,299.2,310.2,2434,47.5,109,0,0,0,0,0,0
7832,M07832,L,303.1,309.3,2428,30.6,147,0,0,0,0,0,0
7833,L07833,L,302.8,308.5,2634,46.3,126,0,0,0,0,0,0
7834,H07834,M,298.3,311.5,2768,43.1,128,0,0,0,0,0,0
7835,H07835,H,297.4,309.6,1414,36.6,95,0,0,0,0,0,0
7836,H07836,H,299.8,309.8,1664,37.5,229,0,0,0,0,0,0
7837,M07837,M,297.1,308.0,1594,47.1,120,0,0,0,0,0,0
7838,M07838,L,298.3,309.4,1372,67.2,117,0,0,0,0,0,0
7839,M07839,L,298.6,310.1,1911,38.7,84,0,0,0,0,0,0
7840,H07840,L,302.2,310.3,1341,49.9,30,0,0,0,0,0,0
7841,M07841,L,302.8,311.6,1707,56.3,16,0,0,0,0,0,0
7842,L07842,L,302.3,309.7,2613,33.4,88,0,0,0,0,0,0
7843,M07843,L,298.4,309.9,1956,31.1,40,0,0,0,0,0,0
7844,M07844,M,299.8,311.5,1418,40.1,224,0,0,0,0,0,0
7845,H07845,L,299.1,311.2,2214,41.8,203,1,0,0,0,0,0
7846,M07846,M,300.4,308.6,1800,45.1,115,0,0,0,0,1,0
7847,L07847,H,301.5,311.4,1190,32.0,155,0,0,0,0,0,0
7848,H07848,M,299.0,308.4,2504,47.5,48,0,0,0,0,0,0
7849,L07849,M,298.0,310.5,2348,28.8,89,0,0,0,0,0,0
7850,H07850,M,303.1,310.8,1582,39.8,227,0,0,0,0,0,0
7851,H07851,L,302.1,310.2,2622,43.2,54,0,0,0,0,0,0
7852,M07852,L,300.7,309.6,1952,26.3,135,0,0,0,0,0,0
7853,L07853,L,297.9,309.6,2080,44.3,31,0,0,0,0,0,0
7854,H07854,L,301.7,307.5,1472,37.7,178,0,0,0,0,0,0
7855,M07855,M,299.7,310.2,2049,35.5,242,0,0,0,0,0,0
7856,H07856,H,295.6,310.0,2453,43.1,89,0,0,0,0,0,0
7857,H07857,H,298.9,311.5,2267,25.4,196,0,0,0,0,0,0
7858,H07858,L,300.9,309.7,2013,44.0,234,0,0,0,0,0,0
7859,H07859,H,299.6,309.5,2030,28.0,37,0,0,0,0,0,0
7860,H07860,L,301.0,309.5,1489,43.5,76,0,0,0,0,0,0
7861,H07861,M,300.9,309.2,1569,41.1,18,0,0,0,0,0,0
7862,M07862,L,297.8,309.5,2378,55.0,5,0,0,0,0,0,0
7863,H07863,L,301.4,309.0,1717,55.0,121,0,0,0,0,0,0
7864,L07864,L,301.6,310.6,1892,47.7,123,0,0,0,0,0,0
7865,M07865,M,299.9,310.4,1409,39.3,118,0,0,0,0,0,0
7866,L07866,L,300.0,308.5,1881,39.9,44,0,0,0,0,0,0
7867,H07867,L,300.0,310.1,1829,28.6,197,0,0,0,0,0,0
7868,L07868,H,303.0,311.1,1832,22.0,15,0,0,0,0,0,0
7869,H07869,H,300.8,311.1,2160,50.8,181,1,0,0,0,0,0
7870,H07870,L,300.2,309.0,2564,35.7,92,0,0,0,0,0,0
7871,M07871,M,300.9,311.3,2822,31.2,209,0,0,0,0,0,0
7872,M07872,L,300.9,309.5,2451,22.3,159,1,0,0,0,0,0
7873,H07873,L,299.8,310.0,2045,41.3,28,1,0,0,0,0,0
7874,M07874,L,297.3,309.6,2081,37.3,234,0,0,0,0,0,0
7875,L07875,L,300.2,308.8,1630,33.2,51,0,0,0,0,0,0
7876,M07876,L,301.2,309.2,2624,32.7,80,0,0,1,0,0,0
7877,M07877,L,300.6,311.2,1440,42.6,105,0,0,0,0,0,0
7878,L07878,L,299.0,311.3,1950,40.5,111,0,0,0,0,0,0
7879,M07879,M,299.6,310.7,1796,22.8,124,0,0,0,0,0,0
7880,H07880,M,302.0,309.8,1254,31.0,68,0,0,0,0,0,0
7881,L07881,L,296.6,311.8,2550,48.6,95,0,0,0,0,0,0
7882,H07882,L,298.5,311.0,1339,32.4,28,0,0,0,0,0,0
7883,L07883,M,300.3,309.9,2368,49.1,92,0,0,0,0,0,0
7884,H07884,M,302.1,308.0,2749,40.0,233,0,0,0,0,0,0
7885,H07885,M,303.6,310.9,1526,35.1,130,0,0,0,0,0,0
7886,M07886,L,301.8,311.2,1832,35.9,178,0,0,0,0,0,0
7887,H07887,L,298.8,310.4,2191,45.7,67,0,0,0,0,0,0
7888,M07888,M,296.5,308.1,1408,30.5,43,0,0,0,0,0,0
7889,L07889,L,303.7,310.2,1976,26.5,24,0,0,0,0,0,0
7890,H07890,H,298.3,312.2,1521,32.7,149,0,0,0,0,0,0
7891,H07891,M,300.3,309.8,2136,27.3,169,0,0,0,0,0,0
7892,L07892,L,299.8,312.0,1981,29.2,74,0,0,0,0,0,0
7893,L07893,L,299.9,310.7,2118,29.1,7,0,0,0,0,0,0
7894,H07894,M,297.7,310.0,1742,41.3,218,0,0,0,0,0,0
7895,L07895,L,303.6,311.4,1209,20.3,171,0,0,0,0,0,0
7896,M07896,L,298.3,309.4,1254,40.9,237,0,0,0,0,0,0
7897,L07897,M,300.3,308.8,2599,38.7,180,0,0,0,0,0,0
7898,L07898,M,299.1,308.8,2026,47.1,124,0,0,0,0,0,0
7899,H07899,L,301.2,310.2,2434,43.0,213,1,0,0,0,0,0
7900,M07900,L,299.6,310.4,2219,42.6,194,0,0,0,0,0,0
7901,L07901,H,299.4,309.3,1793,29.9,26,0,0,0,0,0,0
7902,M07902,H,302.2,311.2,2699,35.7,138,0,0,0,0,0,0
7903,M07903,M,299.4,310.1,2650,24.6,154,0,0,0,0,0,0
7904,M07904,H,302.8,310.8,1416,51.6,134,0,0,0,0,0,0
7905,H07905,L,297.5,309.3,2105,53.4,123,0,0,0,0,0,0
7906,L07906,L,299.5,309.8,2707,44.4,90,0,0,0,0,0,0
7907,H07907,L,298.3,308.2,2279,27.7,238,0,0,0,0,0,0
7908,L07908,L,300.1,309.7,2690,46.3,202,0,0,0,0,0,0
7909,L07909,L,297.3,310.2,2569,35.2,184,0,0,0,0,0,0
7910,H07910,L,301.2,309.4,2322,23.2,216,0,0,0,0,0,0
7911,M07911,M,301.4,309.9,1429,36.1,166,0,0,0,0,0,0
7912,M07912,M,303.0,310.2,1674,50.1,50,0,0,0,0,0,0
7913,L07913,M,301.7,309.5,2013,37.7,207,0,0,0,0,0,0
7914,H07914,L,301.7,309.7,1175,41.0,20,0,0,0,0,0,0
7915,M07915,L,301.4,309.3,1701,27.9,89,0,0,0,0,0,0
7916,M07916,L,299.6,309.1,2455,37.4,248,0,0,1,0,0,0
7917,L07917,M,303.2,311.2,2657,37.2,218,0,0,0,0,0,0
7918,L07918,L,301.1,308.6,1947,29.6,184,0,0,0,0,0,0
7919,H07919,L,304.9,310.9,2237,41.7,178,0,0,0,0,0,0
7920,L07920,L,303.5,308.6,1260,37.1,108,0,0,0,0,0,0
7921,M07921,M,300.7,311.5,2261,45.3,116,0,0,0,0,0,0
7922,M07922,M,300.8,310.6,2809,34.6,16,0,0,0,0,0,0
7923,M07923,M,301.7,309.6,1571,41.3,158,0,0,0,1,0,0
7924,M07924,L,303.2,310.9,2831,32.5,141,0,0,0,0,0,0
7925,H07925,L,296.9,311.1,2054,23.9,214,0,0,0,0,0,0
7926,H07926,L,302.6,310.6,1875,50.5,129,0,0,0,0,0,0
7927,L07927,L,300.7,310.5,2613,35.1,217,0,0,0,0,0,0
7928,L07928,L,302.2,310.2,2301,30.7,153,0,0,0,0,0,0
7929,L07929,L,298.6,311.4,1443,45.0,149,0,0,0,0,0,0
7930,H07930,L,298.5,310.0,2322,40.0,105,0,0,0,0,0,0
7931,M07931,L,300.7,310.1,2500,26.6,27,0,0,0,0,0,0
7932,L07932,L,302.0,310.9,2313,37.7,133,0,0,0,0,0,0
7933,M07933,M,297.5,309.7,1953,23.2,239,0,0,0,0,0,0
7934,L07934,H,299.2,311.1,2295,33.1,230,0,0,0,0,0,0
7935,L07935,M,297.6,310.9,2696,53.4,146,0,0,0,0,0,0
7936,L07936,L,300.8,312.8,1533,29.2,55,0,0,0,0,0,0
7937,L07937,L,304.0,309.9,1432,32.7,20,0,0,0,0,0,0
7938,L07938,M,299.3,310.6,1913,41.9,169,0,0,0,0,0,0
7939,M07939,L,301.6,310.5,2620,29.1,19,0,0,0,0,0,0
7940,L07940,M,300.2,310.8,2116,32.7,222,0,0,0,0,0,0
7941,M07941,L,300.7,309.9,1343,50.2,90,0,0,0,0,0,0
7942,H07942,H,298.8,310.5,1991,30.6,206,0,0,0,0,0,0
7943,L07943,M,301.3,310.1,2766,37.4,126,0,0,0,0,0,0
7944,M07944,M,299.6,310.9,1768,32.8,171,0,0,0,0,0,0
7945,H07945,M,303.6,308.1,2169,34.8,120,0,0,0,0,0,0
7946,H07946,L,299.0,309.8,1355,41.3,30,0,0,0,0,0,0
7947,H07947,L,302.0,312.1,1788,40.0,8,0,0,0,0,0,0
7948,M07948,L,303.9,311.5,2719,33.9,49,0,0,0,0,0,0
7949,L07949,L,302.4,310.3,1213,38.7,80,0,0,0,0,0,0
7950,L07950,L,298.2,310.6,2190,49.2,210,0,0,0,0,0,0
7951,M07951,L,298.0,310.5,2608,39.0,31,0,0,0,0,0,0
7952,L07952,M,300.9,310.6,2278,39.8,201,0,0,0,0,0,0
7953,M07953,L,300.1,309.1,2613,32.6,167,0,0,0,0,0,0
7954,L07954,L,301.0,309.3,2793,45.1,179,0,0,0,0,0,1
7955,H07955,L,302.4,309.3,1377,29.9,196,1,0,0,0,0,0
7956,L07956,L,300.2,309.6,1851,53.2,204,0,0,0,0,0,0
7957,M07957,L,298.7,311.6,1544,38.8,116,0,0,0,0,0,0
7958,M07958,H,300.4,308.8,2386,36.9,26,0,0,0,0,0,0
7959,H07959,L,303.0,312.0,1882,51.8,1,0,0,0,0,0,0
7960,M07960,L,300.1,310.4,2847,47.0,0,0,0,0,0,0,0
7961,L07961,L,304.3,308.8,1447,54.0,126,0,0,0,0,0,0
7962,L07962,L,301.8,309.4,2598,49.0,7,0,0,0,0,0,0
7963,H07963,M,301.6,310.4,2170,33.9,137,0,0,0,0,0,0
7964,M07964,L,298.9,308.7,1910,35.0,219,0,0,0,0,0,0
7965,H07965,L,299.7,309.7,1851,42.3,68,0,0,0,0,0,0
7966,L07966,L,301.0,308.9,2574,36.7,113,0,0,0,0,0,0
7967,H07967,H,299.9,310.6,1673,49.6,246,0,0,0,0,0,0
7968,M07968,L,302.5,308.9,2753,30.6,193,0,0,0,0,0,0
7969,H07969,M,300.4,308.5,1702,38.6,245,0,0,0,0,0,0
7970,M07970,L,298.8,311.5,2571,36.2,168,0,0,0,0,0,0
7971,M07971,L,300.7,309.7,2433,36.0,47,0,0,0,0,0,0
7972,L07972,M,299.4,309.6,1275,39.7,115,0,0,0,0,0,0
7973,L07973,L,301.5,310.5,1375,35.8,116,0,0,0,0,0,0
7974,L07974,L,299.1,310.0,1871,36.0,80,0,0,0,0,0,0
7975,M07975,L,303.8,309.2,1482,28.9,175,0,0,0,0,0,0
7976,H07976,L,297.1,309.4,1479,39.4,124,0,0,0,0,0,0
7977,M07977,M,299.5,310.7,2059,32.8,32,0,0,0,0,0,0
7978,L07978,L,300.5,309.0,2438,32.6,216,0,0,0,0,0,0
7979,L07979,M,299.2,310.0,1320,38.9,196,0,0,0,0,0,0
7980,H07980,L,295.6,311.7,2065,42.6,91,0,0,0,0,0,0
7981,L07981,L,304.0,309.7,1150,57.1,178,0,0,0,0,0,0
7982,L07982,M,301.7,311.2,2025,33.5,191,0,0,0,0,0,0
7983,L07983,L,297.7,309.0,2010,47.2,81,0,0,0,0,0,0
7984,H07984,L,298.0,310.2,1390,37.2,121,0,0,0,0,0,0
7985,M07985,L,297.3,311.2,1733,54.8,22,0,0,0,0,0,0
7986,L07986,L,299.9,309.4,1750,59.5,179,0,0,0,0,0,0
7987,H07987,M,303.1,311.9,1169,30.2,226,0,0,0,0,0,0
7988,L07988,L,299.6,309.9,2488,41.4,81,0,0,0,0,0,0
7989,H07989,L,299.3,308.8,1622,43.5,202,0,0,0,0,0,0
7990,L07990,M,302.1,311.0,1290,53.9,42,0,0,0,0,0,0
7991,H07991,L,300.8,311.6,2506,30.7,106,0,0,0,0,0,0
7992,L07992,L,300.1,308.8,1836,50.1,73,0,0,0,0,0,0
7993,M07993,L,301.7,310.4,1199,40.4,137,0,0,0,0,0,0
7994,L07994,M,296.7,309.3,2779,21.6,99,0,0,0,0,0,0
7995,H07995,H,301.2,309.0,2634,39.2,200,0,0,0,0,0,0
7996,L07996,M,302.8,309.1,2853,46.8,105,0,0,0,0,0,0
7997,M07997,L,297.7,310.2,1540,53.6,76,0,0,0,0,0,0
7998,L07998,M,299.5,311.3,2228,41.6,214,0,0,0,0,0,0
7999,H07999,L,296.3,309.9,2224,39.3,128,0,0,0,0,0,0
8000,H08000,L,299.3,310.4,1639,22.0,143,0,0,0,0,0,0
8001,M08001,H,298.9,309.4,2505,43.3,18,0,0,0,0,0,0
8002,H08002,L,303.6,309.9,1419,33.6,75,0,0,0,0,0,0
8003,L08003,L,299.3,309.1,1511,37.1,132,0,0,0,0,0,0
8004,L08004,M,300.8,308.2,1294,48.9,182,0,0,0,0,0,0
8005,L08005,M,302.9,309.5,1738,45.4,61,1,0,0,0,0,0
8006,H08006,L,295.8,311.1,2302,44.7,132,0,0,0,0,0,0
8007,L08007,L,300.5,307.5,1524,31.1,120,0,0,0,0,0,0
8008,L08008,L,298.0,311.1,2678,25.9,134,0,0,0,0,0,0
8009,L08009,L,298.0,310.3,2796,33.0,107,0,0,0,0,0,0
8010,M08010,L,298.5,309.9,2174,27.4,77,0,0,0,0,0,0
8011,H08011,L,299.2,309.5,2540,50.9,32,0,0,0,0,0,0
8012,H08012,H,298.1,310.5,1687,41.8,5,0,0,0,0,0,0
8013,H08013,L,299.4,311.4,2801,58.5,81,0,0,0,0,0,0
8014,M08014,L,302.1,310.3,2668,44.4,133,0,0,0,0,0,0
8015,H08015,L,301.2,309.8,2347,54.2,50,0,0,0,0,0,0
8016,M08016,L,305.6,312.7,2698,44.3,221,0,0,0,0,0,0
8017,M08017,L,300.6,310.1,2207,51.1,11,0,0,0,0,0,0
8018,H08018,H,301.4,308.4,1467,40.1,113,0,0,0,0,0,0
8019,L08019,M,302.7,310.3,1734,52.5,226,0,0,0,0,0,0
8020,L08020,L,297.8,309.4,1712,48.7,202,0,0,0,0,0,0
8021,H08021,M,302.7,309.6,2384,26.1,121,0,0,0,0,0,0
8022,H08022,L,298.2,311.3,1702,49.0,131,0,0,0,0,0,0
8023,M08023,M,301.1,310.9,1460,46.8,204,0,0,0,0,0,0
8024,H08024,L,302.0,308.2,2073,20.7,0,0,0,0,0,0,0
8025,M08025,M,296.3,308.3,1243,38.7,51,0,0,0,0,0,0
8026,H08026,L,299.4,310.1,1338,50.5,229,0,0,0,0,0,0
8027,L08027,L,300.0,311.0,1796,18.3,52,0,1,0,0,0,0
8028,L08028,M,297.9,307.8,2687,46.7,92,0,0,0,0,0,0
8029,H08029,L,300.8,311.0,1353,43.7,13,0,0,0,0,0,0
8030,M08030,L,303.5,312.5,2664,40.5,148,0,0,0,0,0,0
8031,L08031,L,298.2,311.2,2841,71.7,104,0,0,0,0,0,0
8032,M08032,M,302.5,309.2,1203,47.2,158,0,0,0,0,0,0
8033,H08033,L,301.1,310.6,2649,34.7,168,0,0,0,0,0,0
8034,H08034,L,297.4,310.2,2121,37.1,184,0,0,0,0,0,0
8035,L08035,H,299.3,311.8,1243,49.0,134,0,0,0,0,0,0
8036,H08036,L,300.6,311.1,1463,46.1,60,0,0,0,0,0,0
8037,L08037,L,303.3,309.1,2746,37.4,14,1,0,0,0,0,0
8038,M08038,M,301.7,310.6,1509,50.1,105,0,0,0,0,0,0
8039,L08039,M,298.7,309.2,1317,29.6,8,0,0,0,0,0,1
8040,L08040,H,300.9,311.0,2131,48.9,220,0,0,0,0,0,0
8041,M08041,L,294.5,309.7,1547,35.4,59,0,0,0,0,0,0
8042,L08042,L,301.9,310.0,1686,46.6,55,0,0,0,0,0,0
8043,L08043,M,298.6,310.2,1543,58.1,215,0,0,0,0,0,0
8044,H08044,M,298.0,309.4,2529,21.4,142,0,0,0,0,0,0
8045,M08045,M,299.5,310.1,1197,36.5,84,0,0,0,0,0,0
8046,L08046,L,297.6,310.5,2605,18.2,104,0,0,0,0,0,0
8047,M08047,L,299.7,309.7,1850,46.4,87,0,0,0,0,0,0
8048,M08048,L,302.2,310.2,1202,51.6,6,0,0,0,0,0,0
8049,L08049,H,296.2,309.3,1390,33.4,23,0,0,0,0,0,0
8050,H08050,L,300.0,308.8,2054,44.4,56,0,0,0,0,0,0
8051,M08051,L,299.8,310.0,2568,43.3,214,0,0,0,0,0,0
8052,L08052,L,301.1,311.0,2200,43.5,63,0,0,0,0,0,0
8053,M08053,L,299.7,311.0,2232,46.5,24,0,0,0,0,0,0
8054,H08054,L,302.0,310.9,2359,45.5,199,0,0,0,0,0,0
8055,H08055,M,302.8,311.0,2314,35.5,161,0,0,0,0,0,0
8056,H08056,L,302.2,310.2,2110,36.4,226,0,0,0,0,0,0
8057,L08057,L,298.6,309.5,2230,25.1,53,0,0,0,0,0,0
8058,L08058,L,304.0,309.7,1599,18.7,85,0,0,0,0,0,0
8059,H08059,M,297.8,309.9,2279,39.6,246,0,0,0,0,0,0
8060,L08060,H,301.5,309.3,2453,57.1,33,1,0,0,0,0,0
8061,H08061,M,302.4,310.6,2641,30.2,155,0,0,0,1,0,0
8062,L08062,M,304.3,309.4,1582,34.1,0,0,0,0,0,0,0
8063,H08063,L,302.1,308.2,2853,40.6,107,0,0,0,0,0,0
8064,M08064,M,298.6,311.1,1996,36.6,36,0,0,0,0,0,0
8065,H08065,H,302.0,310.5,2115,39.7,29,0,0,0,0,0,0
8066,H08066,L,299.9,308.3,2513,43.5,113,0,0,0,0,0,0
8067,L08067,L,302.3,309.4,2687,42.1,152,0,0,0,0,0,0
8068,L08068,H,300.5,309.9,2572,30.4,242,0,0,0,0,0,0
8069,L08069,M,303.0,310.0,2015,29.4,187,0,0,1,0,0,0
8070,L08070,L,300.2,312.1,1331,42.1,129,0,0,0,0,0,0
8071,L08071,H,302.0,309.0,2475,26.4,155,0,0,0,0,0,0
8072,L08072,L,298.9,309.0,1332,50.8,47,0,0,0,0,0,0
8073,M08073,L,302.5,311.3,2683,42.9,155,0,0,0,0,0,0
8074,H08074,M,295.8,309.8,2268,51.3,214,1,1,0,0,0,0
8075,H08075,L,301.5,311.2,2587,45.1,101,0,0,0,0,0,0
8076,H08076,M,300.9,309.7,1305,39.3,23,0,0,0,0,0,0
8077,M08077,L,300.4,311.2,1246,50.1,248,0,0,0,0,0,0
8078,H08078,L,295.8,309.7,2086,39.8,226,0,0,0,0,0,0
8079,M08079,L,299.1,309.9,2542,35.9,199,0,0,0,0,0,0
8080,M08080,L,302.5,309.0,1938,23.5,227,1,0,0,0,0,0
8081,M08081,L,298.4,311.7,1387,38.5,145,0,0,0,0,0,0
8082,H08082,H,297.2,309.2,1162,32.0,19,0,0,1,0,0,0
8083,M08083,L,298.0,308.7,2474,32.6,67,0,0,0,0,0,0
8084,H08084,L,302.5,311.6,2007,35.0,7,0,0,0,0,0,0
8085,H08085,L,301.0,310.7,1331,45.2,89,0,0,0,0,0,0
8086,L08086,M,303.0,311.6,2328,29.7,55,0,0,0,0,0,0
8087,L08087,L,301.5,309.3,1912,26.9,60,0,0,0,0,0,0
8088,M08088,L,298.4,310.6,2564,22.1,38,0,0,0,0,0,0
8089,M08089,L,303.8,311.4,1942,44.3,211,0,0,0,0,0,0
8090,H08090,L,298.9,308.9,1326,46.8,17,0,0,0,0,0,0
8091,M08091,L,298.5,310.3,2021,34.6,96,0,0,0,0,0,0
8092,M08092,M,300.6,309.5,2081,35.2,58,0,0,0,0,0,0
8093,H08093,H,301.0,309.6,1732,48.7,145,0,0,0,0,0,0
8094,M08094,L,301.8,309.2,2036,38.5,97,0,0,0,0,0,0
8095,M08095,M,299.5,310.4,2769,43.7,210,0,0,0,0,0,0
8096,H08096,H,302.9,309.8,2777,42.3,41,0,0,0,0,0,0
8097,H08097,H,298.8,309.1,2030,30.0,52,0,0,0,0,0,0
8098,L08098,H,297.9,311.4,1218,44.2,32,0,0,0,0,0,0
8099,H08099,M,296.2,310.1,1457,41.7,20,0,0,0,0,0,0
8100,L08100,L,299.7,308.4,2849,34.3,198,0,0,0,0,0,0
8101,M08101,L,301.8,309.3,2140,36.6,187,0,0,0,0,0,0
8102,H08102,L,301.6,308.5,1840,26.2,141,1,0,0,0,0,0
8103,H08103,M,300.7,309.4,2718,48.0,32,0,0,0,0,0,0
8104,H08104,L,299.2,310.4,1202,41.9,131,0,0,0,0,0,0
8105,M08105,L,302.6,310.6,1365,41.3,170,0,0,0,0,0,0
8106,L08106,L,300.3,310.8,1863,40.8,129,0,0,0,0,0,0
8107,M08107,M,300.9,309.4,1187,43.9,39,0,0,0,0,0,0
8108,M08108,M,297.8,309.6,2601,25.0,49,0,1,0,0,0,0
8109,H08109,L,296.4,310.4,2158,67.5,222,0,0,0,0,0,0
8110,L08110,L,301.8,310.9,2434,47.2,62,0,0,0,0,0,0
8111,M08111,M,305.1,309.9,2547,43.6,176,0,0,0,0,0,0
8112,H08112,L,301.0,310.6,1180,58.5,109,0,0,0,0,0,0
8113,M08113,L,301.8,309.4,1542,43.5,93,0,0,0,0,0,0
8114,M08114,L,301.8,307.9,1949,59.3,63,0,0,0,0,0,0
8115,H08115,H,300.2,310.9,1574,61.2,177,0,0,0,0,0,0
8116,H08116,L,297.0,310.6,2178,53.6,137,0,0,0,0,0,0
8117,L08117,L,301.6,309.9,1840,40.0,243,0,0,0,0,0,0
8118,M08118,M,303.2,310.2,2227,39.3,84,0,0,0,0,0,0
8119,H08119,L,301.2,311.2,2677,36.4,113,0,0,1,0,0,0
8120,H08120,L,299.7,310.0,2681,48.1,115,0,0,0,0,0,0
8121,L08121,L,301.0,307.1,1929,29.7,150,0,0,0,0,0,0
8122,L08122,H,300.0,308.0,2626,38.5,36,0,0,0,0,0,0
8123,H08123,L,302.8,311.3,1349,18.2,71,0,0,0,0,0,0
8124,L08124,M,300.6,310.6,2446,29.6,137,0,0,0,0,0,0
8125,H08125,H,301.6,311.1,1925,41.0,152,0,0,0,0,0,0
8126,M08126,M,302.5,311.5,1375,45.9,32,0,0,0,0,0,0
8127,L08127,M,301.6,311.4,1620,50.1,16,0,0,0,0,0,0
8128,M08128,M,300.3,308.6,1167,40.8,114,0,0,0,0,0,0
8129,M08129,H,297.2,309.8,1778,34.4,23,0,0,0,0,0,0
8130,M08130,H,301.1,309.1,1159,34.1,176,0,0,0,0,0,0
8131,H08131,H,302.1,310.2,2212,33.5,233,0,0,0,0,0,0
8132,M08132,M,297.0,308.6,1190,60.3,241,0,0,0,0,1,0
8133,M08133,L,301.0,310.0,1769,35.7,29,0,0,0,0,0,0
8134,M08134,L,300.2,308.3,1193,43.9,64,0,0,0,0,0,0
8135,H08135,L,295.7,309.7,1346,37.7,125,0,0,0,0,0,0
8136,M08136,H,300.9,311.5,1448,46.0,80,0,0,0,0,0,0
8137,M08137,M,303.0,309.3,1358,30.3,27,0,0,0,0,0,0
8138,L08138,L,300.3,309.3,1608,34.6,12,1,0,0,0,0,0
8139,H08139,L,296.0,310.1,2028,44.5,184,0,1,0,0,0,0
8140,M08140,L,300.9,310.2,1938,33.3,187,0,0,0,0,0,0
8141,L08141,L,302.4,310.3,2409,46.7,137,0,0,1,0,0,0
8142,H08142,M,298.5,309.2,1664,45.3,192,0,0,0,0,0,0
8143,H08143,L,299.7,309.4,2533,40.0,83,0,0,0,0,0,0
8144,H08144,L,299.5,310.1,1532,37.8,134,0,0,0,0,0,0
8145,H08145,L,300.4,311.0,2600,38.2,187,0,0,0,0,0,0
8146,H08146,L,299.4,309.3,2517,48.2,62,0,0,0,0,0,0
8147,H08147,H,302.8,309.8,2427,45.2,223,0,0,0,0,0,0
8148,M08148,L,302.8,308.1,1697,55.7,212,0,0,0,0,0,0
8149,M08149,H,298.9,309.6,1656,27.5,25,0,0,0,0,0,0
8150,M08150,L,302.8,310.2,2691,25.6,236,0,0,0,0,0,0
8151,M08151,L,296.8,310.9,1479,36.5,116,0,0,0,0,0,0
8152,L08152,M,298.5,309.2,2156,37.7,198,0,0,0,0,0,0
8153,M08153,M,301.4,310.2,1637,39.2,37,0,0,0,0,0,0
8154,H08154,L,300.3,310.3,1963,55.2,53,0,0,0,0,0,0
8155,M08155,L,300.4,308.2,1631,43.4,44,0,0,0,0,0,0
8156,M08156,L,300.9,308.7,1621,42.2,231,0,0,0,0,0,0
8157,H08157,M,299.2,310.5,2705,34.5,111,0,0,0,1,0,0
8158,M08158,L,302.6,310.1,2169,38.5,185,1,0,0,0,0,0
8159,M08159,L,301.5,310.1,2610,41.4,168,0,0,0,0,0,0
8160,M08160,M,299.9,309.1,2595,38.6,172,0,0,0,0,0,0
8161,L08161,L,302.0,308.6,2172,41.7,218,0,0,0,0,0,0
8162,M08162,L,301.1,310.5,2335,44.2,161,0,0,0,0,0,0
8163,H08163,L,299.7,310.2,1583,49.2,75,0,0,0,0,0,0
8164,H08164,H,299.6,308.1,2732,49.2,203,0,0,0,0,0,0
8165,M08165,L,297.9,309.9,1165,43.7,57,0,0,0,0,0,0
8166,M08166,H,298.9,311.8,2132,52.6,78,0,0,0,0,0,0
8167,M08167,L,299.8,310.6,1769,43.2,211,0,0,0,0,0,0
8168,H08168,M,300.3,309.1,1838,32.2,137,0,0,0,0,0,0
8169,H08169,L,298.3,310.2,1214,23.9,248,0,0,1,0,0,0
8170,L08170,L,300.2,309.8,1724,53.8,237,0,0,0,0,0,0
8171,L08171,M,299.1,311.6,1969,34.3,125,0,0,0,0,0,0
8172,L08172,M,298.7,308.9,1222,49.2,89,0,0,0,0,0,0
8173,H08173,M,301.2,311.3,1353,54.9,144,0,0,0,0,0,0
8174,L08174,M,300.5,308.8,1403,30.7,201,0,0,0,0,0,0
8175,M08175,L,299.9,310.3,2745,31.7,60,0,0,0,0,0,0
8176,M08176,L,301.2,310.6,1762,49.3,119,0,0,0,0,0,0
8177,H08177,L,297.6,311.2,2702,44.4,10,0,0,0,0,0,0
8178,L08178,M,297.7,310.8,1344,37.5,144,0,0,0,0,0,0
8179,M08179,L,299.3,308.5,1400,43.0,202,0,0,0,0,0,0
8180,H08180,H,299.8,310.0,1699,47.5,14,0,0,0,0,0,0
8181,L08181,L,301.5,310.5,2458,48.5,3,0,0,0,0,0,0
8182,M08182,M,298.7,311.1,2716,54.7,88,0,0,0,0,0,0
8183,L08183,L,298.8,308.9,2656,33.6,227,0,0,0,0,0,0
8184,H08184,L,302.2,309.1,2104,51.9,180,1,0,0,0,0,0
8185,L08185,M,297.8,308.5,1459,59.7,174,0,0,0,0,0,0
8186,H08186,L,302.0,310.0,2354,45.4,222,0,0,0,0,0,0
8187,L08187,H,300.0,310.3,1802,55.4,45,0,0,0,0,0,0
8188,M08188,M,298.4,310.4,2418,38.2,156,0,0,0,0,0,0
8189,H08189,L,297.8,309.7,1590,42.0,30,0,0,0,0,0,0
8190,H08190,M,299.6,309.9,1424,45.2,72,1,0,0,0,0,0
8191,H08191,M,301.3,309.9,2397,41.8,47,0,0,0,0,0,0
8192,L08192,M,300.0,309.8,2540,33.0,183,0,0,0,0,0,0
8193,L08193,L,301.8,308.2,1688,29.1,192,0,0,0,0,0,0
8194,M08194,L,301.8,309.0,2423,49.8,130,0,0,0,0,0,0
8195,H08195,M,301.6,310.5,1892,49.0,3,0,0,0,0,0,0
8196,H08196,M,301.7,309.6,1162,23.2,18,0,0,0,0,0,0
8197,L08197,L,298.9,309.5,2481,47.0,168,0,0,0,0,0,0
8198,L08198,L,301.6,311.3,1759,43.9,149,0,0,0,0,0,0
8199,M08199,L,304.3,311.1,1341,34.7,114,0,0,0,0,0,0
8200,M08200,L,302.0,309.3,1847,43.8,199,0,0,0,0,0,0
8201,L08201,M,299.2,311.5,1168,30.5,24,0,0,0,0,0,0
8202,H08202,M,298.8,309.8,1488,35.9,249,0,0,0,1,0,0
8203,M08203,L,300.2,310.8,1920,31.9,131,0,0,0,0,0,0
8204,L08204,M,301.5,310.0,1728,48.9,236,0,0,0,0,0,0
8205,L08205,L,300.4,309.4,1175,36.9,52,0,0,0,0,0,0
8206,H08206,M,297.8,310.8,2179,35.2,178,0,0,0,0,0,0
8207,L08207,L,301.5,309.1,2314,33.1,205,0,0,0,0,0,0
8208,L08208,L,301.9,309.8,2200,47.5,4,0,0,0,1,0,0
8209,M08209,M,298.2,310.0,1254,46.3,49,0,0,0,0,0,0
8210,L08210,L,301.9,309.6,2695,36.4,177,0,0,0,0,0,0
8211,L08211,L,300.2,308.6,1933,44.4,58,0,0,0,0,0,0
8212,M08212,L,301.0,310.5,2452,11.0,92,0,0,0,0,0,0
8213,H08213,L,301.0,310.9,1452,31.7,148,0,0,0,0,0,0
8214,H08214,L,300.6,310.2,2185,52.0,78,0,0,0,0,0,0
8215,M08215,L,299.2,309.2,2841,37.7,150,0,0,0,0,0,0
8216,M08216,H,301.0,312.2,2250,28.7,80,0,0,0,0,0,0
8217,H08217,M,300.1,309.8,2191,57.6,130,0,0,0,0,0,0
8218,H08218,L,300.7,309.8,2743,23.7,224,0,0,0,0,0,0
8219,H08219,M,299.5,307.1,1791,27.8,247,0,0,0,0,0,0
8220,H08220,L,300.8,308.8,1323,31.3,49,0,0,0,0,0,0
8221,H08221,L,300.0,311.2,2574,32.7,53,0,0,0,0,0,0
8222,M08222,L,298.0,313.3,2260,53.6,90,0,0,0,0,0,0
8223,L08223,L,301.1,311.3,2516,38.1,143,0,0,0,0,0,0
8224,H08224,M,302.2,309.0,1598,63.2,5,0,0,0,0,0,0
8225,H08225,L,300.8,310.5,1203,20.6,40,0,0,0,0,0,0
8226,L08226,M,299.7,309.6,2600,50.1,181,0,0,0,0,0,0
8227,L08227,L,300.8,309.6,1227,36.0,9,1,0,0,0,0,0
8228,L08228,L,298.7,308.7,1588,36.1,117,0,0,0,0,0,0
8229,L08229,M,301.6,310.5,1931,35.3,156,0,0,0,0,0,0
8230,L08230,L,301.8,308.7,2670,37.1,186,0,0,0,0,0,0
8231,L08231,L,299.9,307.7,1321,48.9,80,0,0,0,0,0,0
8232,M08232,L,300.3,309.6,1699,33.4,102,0,0,0,0,0,0
8233,L08233,L,298.0,307.4,1510,40.0,173,0,0,0,0,0,0
8234,L08234,H,301.2,309.2,1385,50.9,205,0,0,0,0,0,0
8235,M08235,L,299.6,310.6,1582,18.9,139,0,0,0,0,0,0
8236,L08236,L,295.0,311.1,2189,60.5,229,1,0,0,0,0,0
8237,H08237,M,300.3,310.6,1887,52.3,156,0,0,1,0,0,0
8238,H08238,L,299.8,309.8,1999,45.0,77,0,0,0,0,0,0
8239,L08239,L,298.0,309.5,2669,44.1,199,0,0,0,0,0,0
8240,M08240,L,302.0,309.1,2759,42.6,48,0,0,0,0,0,0
8241,H08241,L,299.2,311.5,2384,34.1,231,0,0,0,0,0,0
8242,M08242,L,298.6,308.7,2500,48.7,167,0,0,0,0,0,0
8243,H08243,L,302.2,310.1,1776,38.2,208,0,0,0,0,0,0
8244,L08244,M,300.8,310.6,1396,30.2,42,0,0,0,0,0,0
8245,M08245,L,298.1,308.0,1698,52.9,102,0,0,0,0,0,0
8246,M08246,L,300.0,307.6,2114,31.4,86,0,0,0,0,0,0
8247,M08247,L,298.5,310.6,2676,49.1,6,0,0,0,0,0,0
8248,H08248,L,297.5,308.5,2740,38.5,139,0,0,0,0,0,0
8249,H08249,H,297.4,310.3,1316,45.8,207,0,0,0,0,0,0
8250,H08250,L,301.4,309.1,2614,30.5,12,0,0,0,0,0,0
8251,L08251,L,298.5,310.3,1502,30.3,188,0,0,0,0,0,0
8252,H08252,L,298.1,310.4,1852,47.7,126,0,0,0,0,0,0
8253,L08253,L,299.6,311.0,2272,55.5,174,0,0,0,0,0,0
8254,M08254,M,305.2,310.4,2797,52.1,146,0,0,0,0,0,0
8255,M08255,L,301.0,310.2,2291,43.3,130,0,0,0,0,0,0
8256,L08256,L,301.7,311.7,2847,29.0,106,0,0,0,0,0,0
8257,H08257,L,298.1,309.0,2742,18.4,119,0,0,0,0,0,0
8258,L08258,L,300.9,310.1,1502,59.0,199,0,0,0,0,0,0
8259,M08259,L,300.0,310.9,1723,34.6,167,0,0,0,0,0,0
8260,M08260,L,298.6,307.3,2674,53.3,11,0,0,0,0,0,0
8261,L08261,H,299.6,311.5,2212,45.9,158,0,0,0,0,0,0
8262,H08262,L,298.8,309.8,2503,19.0,127,0,0,0,0,0,0
8263,H08263,H,300.3,310.4,1472,38.4,162,0,0,0,0,0,0
8264,L08264,L,299.6,309.5,2107,44.6,83,0,0,0,0,0,0
8265,L08265,M,298.8,310.4,2671,23.3,219,0,0,0,0,0,0
8266,H08266,L,299.5,310.3,1178,36.1,65,0,0,1,0,0,0
8267,M08267,M,301.8,308.9,1888,29.2,26,0,0,0,1,0,0
8268,L08268,L,297.7,309.6,1692,54.2,2,0,0,0,0,0,0
8269,H08269,L,298.9,310.5,2489,31.9,47,0,0,0,0,0,0
8270,H08270,M,300.7,311.5,2724,44.4,148,0,0,0,0,0,0
8271,M08271,L,298.8,309.6,2686,31.7,114,0,0,0,0,0,0
8272,M08272,L,302.5,308.7,1717,33.3,51,0,0,0,0,0,0
8273,M08273,L,302.3,310.4,2640,38.4,134,0,0,0,0,0,0
8274,M08274,L,302.4,309.7,2018,41.1,50,0,0,0,0,0,0
8275,M08275,L,301.3,310.8,1847,40.5,224,0,0,0,0,0,0
8276,L08276,L,302.0,309.3,2776,23.3,44,0,0,0,0,0,0
8277,H08277,L,300.0,308.6,1348,49.2,45,0,0,0,0,0,0
8278,L08278,L,298.9,311.6,1832,55.5,32,0,0,0,0,0,0
8279,L08279,L,299.0,309.5,1331,41.9,35,0,0,0,0,0,0
8280,L08280,L,296.9,309.1,1279,38.7,16,0,0,0,0,1,0
8281,L08281,L,299.3,309.3,2827,51.1,133,0,0,0,0,0,0
8282,L08282,H,299.4,311.4,1280,45.5,115,0,0,0,0,0,0
8283,M08283,L,299.7,312.3,1803,40.0,148,0,0,0,0,0,0
8284,M08284,H,305.0,309.2,2178,35.7,37,0,0,0,1,0,0
8285,H08285,M,298.5,309.8,1998,40.4,161,0,0,0,0,0,0
8286,L08286,H,299.6,310.3,1316,22.3,48,0,0,0,0,0,0
8287,H08287,M,304.3,308.1,1534,42.9,60,0,0,0,0,0,0
8288,M08288,M,298.6,309.5,2805,55.0,57,0,0,0,0,0,0
8289,M08289,L,297.9,311.9,2728,19.4,239,0,0,1,0,0,0
8290,M08290,L,299.6,309.7,2265,17.2,75,0,0,0,0,0,0
8291,L08291,L,298.6,311.3,1891,48.5,11,0,0,0,0,0,0
8292,L08292,H,302.2,309.9,1336,61.9,145,0,0,0,0,0,0
8293,M08293,H,300.3,307.9,2763,60.1,189,0,0,0,0,0,0
8294,H08294,M,297.8,311.0,2638,38.0,239,0,0,0,0,0,0
8295,H08295,M,300.6,309.7,1707,46.8,5,0,0,0,0,0,0
8296,M08296,H,300.4,311.4,2692,52.5,204,0,0,0,0,0,0
8297,H08297,L,297.3,310.2,2855,26.0,94,0,0,0,0,0,0
8298,M08298,M,300.9,310.0,1264,22.2,249,0,0,0,0,0,0
8299,H08299,L,301.0,310.5,2436,38.2,88,0,0,0,0,0,0
8300,M08300,L,297.3,310.4,2168,31.3,175,0,0,0,0,0,0
8301,H08301,L,297.6,308.3,2517,43.5,87,0,0,0,1,0,0
8302,L08302,L,299.3,311.1,2007,36.7,105,0,0,0,0,0,0
8303,M08303,M,298.8,310.0,2123,58.6,10,0,0,0,0,0,0
8304,M08304,L,301.2,310.0,1388,47.4,160,0,0,1,0,0,0
8305,H08305,M,299.1,310.4,1458,38.7,20,0,0,0,0,0,0
8306,M08306,L,299.6,310.9,1165,19.8,230,0,0,0,0,0,0
8307,M08307,L,297.9,311.1,1211,44.9,151,0,0,0,0,0,0
8308,M08308,M,301.9,310.7,1855,43.4,54,0,0,0,0,0,0
8309,L08309,M,298.5,308.3,2494,38.0,176,0,0,0,0,0,0
8310,L08310,L,297.9,309.9,2541,34.6,235,0,0,0,0,0,0
8311,H08311,L,300.1,309.1,2608,35.0,115,0,0,0,0,0,0
8312,L08312,L,302.1,310.2,1441,55.3,211,0,0,0,0,0,0
8313,H08313,H,300.9,309.8,2336,53.9,238,0,0,0,0,0,0
8314,L08314,M,298.9,312.0,1896,37.0,8,0,0,0,0,0,0
8315,H08315,L,299.2,308.6,1941,44.6,94,0,0,0,0,0,0
8316,L08316,L,297.3,310.0,1390,45.2,219,0,0,0,0,0,0
8317,L08317,M,303.8,310.1,2498,27.7,117,0,0,0,0,0,0
8318,H08318,M,303.1,309.5,2548,33.4,37,0,0,0,0,0,0
8319,M08319,M,300.6,310.0,2074,53.8,132,0,0,0,1,0,0
8320,M08320,L,300.0,312.1,2302,30.3,100,0,0,0,0,0,0
8321,L08321,M,297.7,310.4,2102,34.8,168,0,0,0,0,0,0
8322,H08322,M,299.7,311.5,2296,38.4,161,0,0,0,0,0,0
8323,M08323,M,301.8,309.5,2822,38.2,201,0,0,0,0,0,0
8324,H08324,L,301.5,310.8,2637,31.1,95,0,0,0,0,0,0
8325,M08325,M,299.1,309.2,1676,36.8,100,0,0,0,0,0,0
8326,H08326,M,301.6,309.1,2402,21.0,190,0,0,0,0,0,0
8327,L08327,M,302.3,308.2,2317,46.7,144,1,0,0,0,0,0
8328,H08328,L,300.1,308.9,1891,39.2,180,0,0,0,0,0,0
8329,M08329,L,302.0,310.1,1325,25.9,35,0,0,0,0,0,0
8330,L08330,L,303.3,311.5,1953,34.3,35,0,0,0,0,0,0
8331,H08331,L,303.8,309.9,1907,18.7,140,0,0,0,0,0,0
8332,M08332,L,298.8,310.2,2226,28.7,19,0,0,0,0,0,0
8333,L08333,L,300.9,311.1,1484,23.0,50,0,0,0,0,0,0
8334,H08334,L,301.4,309.7,2048,63.1,229,0,0,0,0,0,0
8335,M08335,M,300.0,309.0,1808,42.9,210,0,0,0,0,0,0
8336,H08336,L,302.5,309.1,2726,40.6,213,1,0,0,0,0,0
8337,H08337,L,300.1,311.1,1442,30.9,15,1,0,0,0,0,0
8338,L08338,M,299.7,310.1,2413,43.0,5,0,0,0,0,0,0
8339,L08339,L,297.4,310.1,1592,41.8,202,0,0,0,0,0,0
8340,M08340,L,296.6,309.1,2309,48.0,137,0,0,0,0,0,0
8341,L08341,L,299.3,311.3,1749,35.4,158,0,0,0,0,0,0
8342,M08342,L,294.2,311.8,1915,34.2,145,0,0,0,0,0,0
8343,H08343,L,302.5,310.2,1952,33.9,95,0,0,0,0,0,0
8344,H08344,L,301.8,310.9,2061,37.6,168,0,0,0,0,0,0
8345,M08345,H,301.4,309.4,1220,41.7,105,0,0,0,0,0,0
8346,H08346,L,302.2,311.3,2080,53.2,46,0,0,0,0,1,0
8347,L08347,L,299.4,310.6,2181,52.6,23,0,0,0,0,0,0
8348,H08348,M,300.4,308.8,2105,38.1,109,0,0,0,0,0,0
8349,L08349,L,299.3,310.5,1929,65.1,207,0,0,0,1,0,0
8350,M08350,L,302.2,310.4,2606,45.1,92,0,0,0,0,0,0
8351,M08351,M,294.9,310.2,2169,45.9,230,0,0,0,0,0,0
8352,H08352,L,302.2,310.5,2027,48.4,216,0,0,0,0,0,0
8353,H08353,H,296.4,310.0,1485,52.8,103,0,0,0,0,0,0
8354,L08354,L,299.6,309.8,1776,50.0,216,0,0,0,0,0,0
8355,L08355,M,297.9,310.2,1568,34.5,167,0,0,0,0,0,0
8356,H08356,L,299.7,309.7,2474,36.6,44,0,0,0,0,0,0
8357,H08357,L,298.9,309.4,1386,27.0,82,0,0,0,0,0,0
8358,M08358,M,299.2,311.1,2761,45.8,201,0,0,0,0,0,0
8359,M08359,H,301.1,309.4,1655,49.7,0,0,0,0,0,0,0
8360,M08360,M,300.4,309.8,2130,50.3,26,0,0,0,0,0,0
8361,H08361,M,302.0,309.5,1548,42.9,21,0,0,0,0,0,0
8362,H08362,H,300.8,309.1,1760,46.6,27,0,0,0,0,0,0
8363,H08363,L,296.8,311.5,2496,23.7,175,0,0,0,0,0,0
8364,M08364,L,304.7,308.6,2104,35.9,34,0,0,0,0,0,0
8365,H08365,L,296.0,310.4,1151,35.0,2,0,0,0,0,0,0
8366,L08366,M,300.6,309.9,2807,54.7,165,0,0,0,0,0,0
8367,H08367,M,301.5,310.5,2358,43.5,217,0,0,0,0,0,0
8368,H08368,M,300.6,309.8,1165,43.2,43,0,0,0,0,0,0
8369,H08369,H,299.6,310.5,1428,26.7,248,0,0,0,0,0,0
8370,H08370,M,303.0,310.3,2524,27.4,132,0,0,0,0,0,0
8371,H08371,L,302.2,310.6,1519,38.1,239,0,0,0,0,0,0
8372,L08372,L,300.0,311.7,2726,47.8,240,0,0,0,0,0,0
8373,L08373,H,299.1,308.1,2112,31.3,201,0,0,0,0,0,0
8374,H08374,L,298.4,310.1,2036,54.7,134,0,0,0,1,0,0
8375,M08375,L,298.5,309.0,1527,32.3,221,0,0,0,0,0,0
8376,H08376,L,299.9,309.3,2228,45.5,216,0,0,0,0,0,0
8377,H08377,L,296.7,309.0,1357,33.3,169,0,0,0,0,0,0
8378,H08378,M,300.0,309.7,1281,52.6,97,0,0,0,0,0,0
8379,M08379,L,301.6,311.1,2539,59.3,110,0,0,0,0,0,0
8380,M08380,H,298.9,309.6,2529,46.3,56,0,0,0,0,0,0
8381,M08381,L,300.0,310.3,1327,33.8,84,0,0,0,0,0,0
8382,L08382,M,300.6,310.9,2415,31.3,156,0,0,0,0,0,0
8383,M08383,M,301.0,309.1,1903,33.0,80,0,0,0,0,0,0
8384,L08384,M,299.6,309.2,2457,35.5,190,0,0,0,0,0,0
8385,L08385,H,303.5,310.0,2808,34.4,163,0,0,0,0,0,0
8386,M08386,L,300.0,308.2,1586,53.0,167,0,0,0,0,0,0
8387,M08387,L,297.3,312.0,2112,41.3,242,1,0,1,0,0,0
8388,M08388,L,299.2,310.0,1828,45.6,20,0,0,0,0,0,0
8389,L08389,M,302.6,310.6,1674,27.7,97,0,0,0,0,0,0
8390,H08390,H,302.4,309.8,1220,36.7,180,0,0,0,0,0,0
8391,M08391,L,296.6,310.6,1203,46.3,143,0,0,0,0,0,0
8392,M08392,M,299.4,309.8,1162,35.7,173,0,0,0,0,0,0
8393,M08393,L,298.9,310.6,2549,43.3,235,0,0,0,0,0,0
8394,L08394,L,301.6,311.3,2744,36.1,136,0,0,0,0,0,0
8395,L08395,M,297.7,307.8,2433,52.1,235,0,0,0,0,0,0
8396,H08396,L,303.1,310.7,1229,40.2,2,0,0,0,0,0,0
8397,M08397,L,297.1,309.5,1625,34.0,22,0,0,0,0,0,0
8398,L08398,M,299.7,308.9,2233,43.2,140,0,0,0,0,0,0
8399,H08399,M,297.6,308.6,2220,43.2,37,0,0,0,0,0,0
8400,M08400,L,301.3,310.1,2663,49.7,161,0,0,0,0,0,0
8401,L08401,M,295.9,310.3,1863,27.9,221,0,0,0,0,0,0
8402,M08402,L,299.7,309.4,2209,30.8,230,0,0,0,0,0,0
8403,M08403,L,299.6,308.7,2704,42.4,153,0,0,0,0,0,0
8404,L08404,M,298.2,310.1,2429,34.6,159,0,0,0,0,0,0
8405,L08405,L,302.4,310.1,1435,41.5,19,0,0,0,0,0,0
8406,L08406,L,303.4,310.6,2540,42.5,45,0,0,0,0,0,0
8407,M08407,L,299.2,310.7,2726,31.0,101,0,0,0,0,0,0
8408,M08408,M,300.3,311.2,2093,42.8,54,0,0,0,0,0,0
8409,H08409,L,298.8,310.7,1377,34.7,136,0,0,0,0,0,0
8410,M08410,L,297.5,308.4,1320,24.2,230,0,0,0,0,0,0
8411,L08411,L,297.8,310.0,2670,39.9,50,0,0,0,0,0,0
8412,M08412,L,297.8,311.0,2418,35.9,56,0,0,0,0,0,0
8413,H08413,L,302.5,310.8,2566,33.7,79,0,0,0,0,0,0
8414,H08414,L,300.9,312.4,1673,41.1,172,0,0,0,0,0,0
8415,L08415,M,298.1,310.9,2825,45.0,165,0,0,0,0,0,0
8416,L08416,M,298.3,308.7,1447,34.5,67,0,0,0,0,0,0
8417,H08417,M,298.0,308.4,1606,48.5,139,0,0,0,0,0,0
8418,H08418,L,296.2,310.1,2610,30.6,217,0,0,0,0,0,0
8419,H08419,L,301.0,310.2,2519,34.5,116,0,0,0,0,0,0
8420,L08420,L,299.7,309.5,1627,54.9,137,0,0,0,0,0,0
8421,H08421,L,303.4,310.8,2358,32.2,207,0,0,0,0,0,0
8422,H08422,L,295.8,307.5,1421,39.9,64,0,0,0,0,0,0
8423,L08423,M,301.7,309.5,1610,32.4,11,0,0,0,0,0,0
8424,M08424,L,301.9,307.7,2272,54.5,179,0,0,0,0,0,0
8425,M08425,L,302.1,309.2,1583,31.5,50,0,0,0,0,0,0
8426,H08426,L,300.5,309.7,2817,56.9,213,0,0,0,0,0,0
8427,M08427,L,301.8,311.1,1776,50.8,63,0,0,0,0,0,0
8428,M08428,H,300.6,308.8,2646,44.2,184,0,0,0,0,0,0
8429,M08429,L,298.5,309.9,2442,48.6,92,0,0,0,0,0,0
8430,M08430,M,299.2,309.5,2745,59.6,18,0,0,0,0,0,0
8431,H08431,L,299.1,309.9,1945,34.7,157,1,0,0,0,0,0
8432,M08432,M,302.3,309.6,1770,41.7,219,0,0,0,0,0,0
8433,M08433,L,302.6,309.7,1545,39.9,212,0,0,0,0,0,0
8434,L08434,H,301.6,309.3,2581,32.2,81,0,0,0,0,0,0
8435,H08435,L,300.1,310.4,2009,35.9,232,0,0,0,0,0,0
8436,L08436,L,295.9,311.1,2079,42.9,23,0,0,0,0,0,0
8437,L08437,L,301.6,310.0,1536,62.6,25,0,0,0,0,0,0
8438,H08438,L,301.6,312.0,1683,29.3,35,0,0,0,0,0,0
8439,M08439,L,300.6,310.1,2514,39.8,106,0,0,0,0,0,0
8440,L08440,M,301.0,310.8,2712,36.3,55,0,0,0,0,0,0
8441,H08441,L,298.4,309.2,1363,45.7,207,0,0,0,0,0,0
8442,M08442,L,299.3,309.9,1546,45.8,57,0,0,0,0,0,0
8443,H08443,M,298.4,309.7,1193,26.8,243,0,0,0,0,0,0
8444,L08444,L,299.7,308.8,1741,41.7,31,0,0,0,0,0,0
8445,M08445,L,301.8,309.2,1515,19.2,1,0,0,0,0,0,0
8446,M08446,H,300.9,310.4,1323,51.3,200,0,0,0,0,0,0
8447,H08447,H,297.9,311.3,1422,22.8,81,0,0,0,0,0,0
8448,M08448,M,303.7,310.6,2723,30.9,176,0,0,1,0,0,0
8449,L08449,M,300.3,310.3,2744,44.4,240,0,0,0,0,0,0
8450,L08450,L,298.7,309.1,1639,33.4,173,0,0,0,0,0,0
8451,L08451,H,299.4,310.5,2355,43.7,236,0,0,0,0,0,0
8452,H08452,L,298.9,309.4,2790,58.1,82,0,0,0,0,0,0
8453,M08453,L,300.5,308.8,2269,50.7,121,0,0,0,0,0,0
8454,M08454,M,297.4,309.1,1751,35.2,54,0,0,0,0,0,0
8455,M08455,L,300.6,309.9,2244,37.7,229,0,0,0,0,0,0
8456,L08456,L,301.7,309.5,1761,28.1,11,0,0,0,0,0,0
8457,M08457,L,301.3,310.3,2484,50.5,204,0,0,0,0,0,0
8458,L08458,L,300.5,309.6,1476,45.0,190,0,0,0,0,0,0
8459,M08459,L,301.2,310.3,2856,31.7,162,0,0,0,0,0,0
8460,L08460,L,300.8,309.7,1496,43.2,239,0,0,0,0,0,0
8461,M08461,L,302.1,310.0,1315,24.4,116,0,0,0,0,0,0
8462,H08462,L,299.5,309.0,2029,43.6,73,0,0,0,0,0,0
8463,H08463,L,298.2,311.4,1901,52.9,149,0,0,0,0,0,0
8464,L08464,L,300.7,308.4,2389,47.2,9,0,0,0,0,0,0
8465,L08465,H,302.2,312.5,1493,42.8,49,0,0,0,0,0,0
8466,M08466,L,299.2,310.5,1210,50.6,162,0,0,0,0,0,0
8467,M08467,M,303.2,308.4,2359,35.6,236,0,0,0,0,0,0
8468,H08468,L,300.8,310.1,1513,18.4,143,0,0,0,0,0,0
8469,M08469,L,301.9,310.2,2074,53.9,35,0,0,0,0,0,0
8470,L08470,L,297.7,311.5,2173,48.9,247,0,0,0,0,0,0
8471,L08471,L,301.6,308.7,2355,43.4,60,0,0,0,0,0,0
8472,L08472,L,300.9,308.7,1183,41.1,74,0,0,0,0,0,0
8473,L08473,L,304.2,310.3,1554,48.3,16,0,0,0,0,0,0
8474,L08474,L,301.0,310.2,2730,48.3,88,0,0,0,0,0,0
8475,H08475,L,301.3,311.5,2046,38.4,128,0,0,0,0,0,0
8476,H08476,M,298.4,309.0,1287,53.2,11,0,0,0,0,0,0
8477,L08477,H,300.6,308.9,1177,47.8,2,0,0,0,0,0,0
8478,M08478,L,302.3,311.9,1255,34.2,114,0,0,0,1,0,0
8479,L08479,M,299.3,310.0,1306,63.1,72,0,0,0,0,0,0
8480,H08480,M,298.6,309.3,2280,32.3,82,0,0,0,0,0,0
8481,L08481,L,304.0,310.7,2406,20.5,146,1,0,0,0,0,0
8482,H08482,M,299.4,307.9,1345,26.8,126,0,0,0,0,0,0
8483,H08483,H,301.8,310.4,2158,52.0,113,0,0,0,0,0,0
8484,L08484,L,299.0,309.4,1351,52.4,83,0,0,0,0,0,0
8485,L08485,M,299.1,309.5,1258,30.4,74,0,0,1,0,0,0
8486,M08486,M,299.8,311.3,1692,34.1,215,0,0,0,0,0,0
8487,H08487,L,301.1,310.4,1190,34.2,21,1,0,0,0,0,0
8488,M08488,L,302.3,308.9,2237,48.6,0,0,0,0,0,0,0
8489,L08489,H,298.9,310.1,2039,28.3,52,0,0,0,0,0,0
8490,H08490,M,302.2,310.1,1831,49.9,171,0,0,0,0,0,0
8491,M08491,L,300.3,309.7,1961,41.9,234,0,0,0,0,0,0
8492,M08492,L,299.6,309.0,1564,34.6,9,0,0,0,0,0,0
8493,M08493,H,301.1,310.2,1521,35.6,202,0,0,0,0,0,0
8494,L08494,L,302.9,310.7,2824,37.7,7,0,0,0,0,0,0
8495,L08495,M,301.0,310.5,1953,37.9,144,0,0,0,0,0,0
8496,L08496,L,298.5,309.3,1513,33.2,197,0,0,0,0,0,0
8497,H08497,L,300.3,309.8,2409,61.0,134,0,0,0,0,0,0
8498,L08498,L,301.1,307.8,1620,45.8,124,0,0,0,0,0,0
8499,H08499,L,298.8,311.6,1649,49.1,62,0,0,0,0,0,0
8500,M08500,L,300.6,309.4,2155,41.5,94,0,0,0,0,0,0
8501,M08501,L,298.6,309.5,1572,42.9,164,0,0,0,0,0,0
8502,L08502,M,301.3,308.7,1728,36.9,67,0,0,0,0,0,0
8503,M08503,L,302.9,310.9,2361,51.3,63,0,0,0,0,0,0
8504,L08504,M,299.8,311.0,2713,40.9,6,0,0,0,0,0,0
8505,H08505,L,301.5,309.4,1552,33.4,143,0,0,0,0,0,0
8506,M08506,L,302.0,308.9,1643,13.3,216,0,0,0,0,0,0
8507,L08507,L,299.1,310.0,2407,31.3,99,0,0,0,0,0,0
8508,M08508,L,300.8,309.7,1641,38.3,226,0,0,0,0,0,0
8509,M08509,H,302.3,310.7,2074,40.6,13,0,0,0,0,0,0
8510,L08510,M,303.3,309.9,2095,28.3,249,0,0,0,0,0,0
8511,M08511,L,299.4,309.8,1680,18.5,163,0,0,0,0,0,0
8512,M08512,M,297.7,310.7,2485,62.2,116,0,0,0,0,0,0
8513,M08513,L,301.2,308.4,2090,40.0,72,0,0,0,0,0,0
8514,M08514,L,300.5,309.7,1262,36.8,10,0,0,0,0,0,0
8515,H08515,L,300.1,310.2,2674,41.9,127,0,0,0,0,0,0
8516,M08516,M,299.0,309.6,1493,29.3,128,0,0,0,0,0,0
8517,M08517,L,301.8,310.3,1507,50.9,8,0,0,0,0,0,0
8518,L08518,M,298.8,310.2,1275,35.2,24,0,0,0,0,0,0
8519,H08519,L,298.6,310.9,1231,32.8,103,0,0,0,0,0,0
8520,L08520,L,299.7,309.7,1401,34.1,14,0,0,0,0,0,0
8521,L08521,H,301.9,308.0,2726,33.3,57,0,0,0,0,0,0
8522,L08522,L,297.3,308.5,1531,28.7,23,0,0,0,0,0,0
8523,H08523,M,298.0,310.5,1866,44.4,71,0,0,0,0,0,0
8524,L08524,M,298.4,310.2,2272,45.8,115,0,0,0,0,0,0
8525,L08525,H,304.0,309.8,1601,26.8,92,0,0,0,0,1,0
8526,L08526,L,300.6,309.8,1744,37.3,198,0,0,0,0,0,0
8527,M08527,L,297.9,309.4,1173,41.3,126,0,0,0,0,0,0
8528,L08528,M,299.7,309.4,2590,34.9,173,0,0,0,0,0,0
8529,H08529,L,301.5,309.5,1502,48.0,17,0,0,0,0,0,0
8530,H08530,L,304.0,309.7,1222,55.6,194,0,0,0,0,0,0
8531,M08531,L,296.9,310.1,1844,44.7,62,0,0,0,0,0,0
8532,H08532,L,297.9,309.9,1664,40.0,110,0,0,0,0,0,0
8533,H08533,L,299.3,309.7,1920,32.3,151,0,0,0,0,0,0
8534,M08534,L,299.4,310.7,2203,25.3,83,0,0,0,0,0,0
8535,L08535,L,299.4,310.9,1807,32.0,158,0,0,0,0,0,0
8536,M08536,L,299.8,311.3,2623,47.4,217,0,0,0,0,0,0
8537,L08537,L,304.1,309.8,2653,30.2,165,0,0,0,0,0,0
8538,L08538,M,297.5,309.5,2088,52.3,238,0,0,0,0,1,0
8539,H08539,M,300.3,309.9,2630,36.1,237,0,0,0,0,0,0
8540,M08540,L,301.1,309.5,1983,28.6,42,0,0,0,0,0,0
8541,H08541,L,297.1,310.0,2200,42.2,7,0,0,0,0,0,0
8542,H08542,L,302.9,310.4,2529,31.3,223,0,0,0,0,0,0
8543,L08543,L,299.7,310.1,2790,48.6,199,0,0,0,0,0,0
8544,H08544,M,297.8,309.8,1771,31.8,132,0,0,0,0,0,0
8545,M08545,M,303.1,310.6,1168,19.7,79,0,0,0,0,0,0
8546,H08546,M,301.4,311.7,1677,34.7,26,0,0,0,0,0,0
8547,H08547,L,298.9,309.3,1943,24.2,125,0,0,0,0,0,0
8548,L08548,L,301.5,310.3,2443,47.8,190,0,0,0,0,0,0
8549,M08549,M,300.8,309.8,2732,50.4,230,0,0,0,0,0,0
8550,H08550,L,296.9,309.2,2319,34.2,192,0,0,0,0,0,0
8551,L08551,L,297.1,309.3,2841,55.6,62,0,0,0,0,0,0
8552,H08552,L,300.7,309.6,1691,31.6,132,0,0,0,0,0,0
8553,M08553,L,296.5,311.6,1766,36.9,66,0,0,0,0,0,0
8554,H08554,L,302.0,311.0,2322,29.2,236,0,0,0,0,0,0
8555,H08555,L,297.2,309.1,2733,23.2,51,0,0,0,0,0,0
8556,L08556,M,301.8,310.5,2356,43.7,80,0,0,0,0,0,0
8557,H08557,H,302.8,309.0,2843,55.0,224,0,0,0,1,0,0
8558,L08558,L,301.0,309.4,2215,35.5,82,0,0,0,0,0,0
8559,M08559,L,292.6,311.3,1314,40.0,131,0,0,0,0,0,0
8560,H08560,L,302.2,312.0,1958,27.5,76,0,0,0,0,0,0
8561,M08561,H,299.1,308.1,2859,34.2,178,0,0,0,0,0,0
8562,M08562,L,299.9,310.0,2013,24.6,241,0,0,0,0,0,0
8563,H08563,M,298.5,310.4,2267,55.0,170,0,0,0,0,0,0
8564,L08564,L,303.4,309.7,2387,28.0,182,0,0,0,0,0,0
8565,M08565,M,300.4,310.1,2361,40.0,217,1,0,0,0,0,0
8566,M08566,L,299.2,309.6,2261,55.8,40,0,0,0,0,0,0
8567,H08567,L,302.7,310.6,2631,41.1,158,0,0,0,0,0,0
8568,H08568,L,301.8,309.7,2645,39.0,34,0,0,0,0,0,0
8569,H08569,L,297.7,310.6,2227,43.2,207,0,0,0,0,0,0
8570,H08570,M,300.7,311.0,1521,27.2,56,0,0,0,0,0,0
8571,H08571,M,300.4,310.8,2829,21.8,151,0,0,0,1,0,0
8572,H08572,L,297.1,309.8,2690,42.3,52,0,0,0,0,0,0
8573,L08573,H,301.7,307.7,1514,41.2,29,0,0,0,0,0,0
8574,M08574,L,299.9,310.5,2210,43.1,122,0,0,0,0,0,0
8575,L08575,H,304.3,308.6,1268,14.7,245,0,0,0,0,0,0
8576,L08576,L,302.8,310.5,1558,26.5,208,0,0,0,0,0,0
8577,H08577,H,300.4,310.4,1512,41.2,204,0,0,0,0,0,0
8578,M08578,L,299.8,309.8,2542,38.3,101,0,0,0,0,0,0
8579,L08579,L,295.9,310.1,2107,49.1,248,0,0,0,0,0,0
8580,H08580,L,301.7,311.5,2326,43.0,134,0,0,0,0,0,0
8581,H08581,L,299.9,311.3,1472,51.9,136,0,0,0,0,0,0
8582,M08582,L,299.1,309.6,1907,51.3,148,0,0,0,0,0,0
8583,L08583,L,300.0,308.1,2467,46.1,157,1,0,0,0,0,0
8584,L08584,H,303.1,311.6,2653,38.9,228,0,0,0,0,0,0
8585,L08585,H,302.7,308.4,2093,43.3,100,1,0,0,0,0,0
8586,H08586,H,302.7,310.1,2651,44.3,21,0,0,0,0,0,0
8587,M08587,H,297.9,309.9,1597,52.0,174,0,0,0,0,0,0
8588,M08588,M,303.2,310.4,2303,36.4,61,0,0,0,0,0,0
8589,L08589,H,299.0,311.3,1853,44.2,30,0,0,0,0,0,0
8590,H08590,M,301.5,310.1,1858,26.1,131,0,0,0,0,0,0
8591,L08591,L,301.3,309.5,2128,36.2,9,0,0,0,0,0,0
8592,M08592,M,299.7,310.3,2833,42.3,29,0,0,0,0,0,0
8593,H08593,H,300.4,308.6,1491,43.8,221,0,0,0,0,0,0
8594,L08594,M,296.7,309.3,2440,46.2,232,0,0,0,0,0,0
8595,L08595,L,300.1,309.8,2511,32.8,134,0,0,0,0,0,0
8596,H08596,L,299.5,310.5,1624,40.5,142,0,0,0,0,0,0
8597,M08597,M,304.4,311.4,2588,35.0,146,0,0,0,0,0,0
8598,H08598,H,300.1,311.1,1440,58.4,73,0,0,0,0,0,0
8599,L08599,L,298.6,310.9,1321,24.9,166,0,0,0,0,0,0
8600,L08600,L,300.2,311.1,2612,61.3,90,0,0,1,0,0,0
8601,L08601,L,298.7,310.6,1450,46.8,2,0,0,0,0,0,0
8602,L08602,L,297.2,310.1,1298,13.0,98,0,0,0,0,0,0
8603,M08603,L,300.8,309.0,1809,35.0,51,0,0,0,0,0,0
8604,M08604,M,300.0,310.0,2438,42.5,123,0,0,0,0,0,0
8605,L08605,H,302.0,308.4,2268,39.5,209,0,0,0,0,0,0
8606,M08606,M,302.9,309.5,1847,23.9,87,0,0,0,0,0,0
8607,M08607,L,303.8,310.1,2116,28.4,12,0,0,0,0,0,0
8608,M08608,H,300.5,310.1,1566,41.2,43,0,0,0,0,0,0
8609,L08609,L,301.4,309.4,1406,26.1,208,0,0,0,0,0,0
8610,H08610,L,300.6,308.3,1664,48.4,249,0,0,0,0,0,0
8611,H08611,L,295.4,309.4,1828,37.3,16,0,0,0,0,0,0
8612,H08612,M,302.5,309.7,2523,45.9,74,0,0,0,0,0,0
8613,L08613,M,301.1,310.2,2061,29.0,144,0,0,0,0,0,0
8614,M08614,H,301.1,310.7,1354,26.4,51,0,0,0,0,0,0
8615,M08615,L,299.0,309.7,1839,50.3,176,0,0,0,0,0,0
8616,L08616,L,298.7,309.6,1493,39.3,82,0,0,0,0,0,0
8617,L08617,L,299.9,309.4,1614,23.5,70,0,0,0,0,0,0
8618,H08618,M,301.1,309.9,2712,31.7,146,0,0,0,0,0,0
8619,H08619,M,296.1,310.9,1178,42.0,123,0,0,0,0,0,0
8620,L08620,L,300.4,309.0,2812,25.2,33,0,0,0,0,0,0
8621,H08621,L,303.4,308.0,2549,11.6,220,1,0,0,0,0,0
8622,M08622,H,299.7,310.2,1254,24.9,157,0,0,0,0,0,0
8623,L08623,H,296.0,311.2,1483,47.8,105,0,0,0,0,0,0
8624,L08624,L,299.6,310.3,2242,22.6,28,0,0,0,0,0,0
8625,M08625,M,300.6,309.0,1256,49.6,229,0,0,0,0,0,0
8626,M08626,M,300.8,309.9,1251,42.8,175,0,0,0,0,0,0
8627,M08627,L,300.3,310.1,2435,32.5,135,0,0,0,0,0,0
8628,H08628,L,303.9,310.7,2837,51.5,67,0,0,0,0,0,0
8629,L08629,L,300.3,309.1,1701,26.5,91,0,0,0,0,0,0
8630,H08630,L,300.4,311.6,2462,33.7,51,0,0,0,0,0,0
8631,M08631,M,298.9,309.6,1286,39.2,74,0,0,0,0,0,0
8632,H08632,L,301.9,309.3,1639,35.4,81,0,0,0,0,0,0
8633,M08633,L,303.4,310.3,1216,40.5,84,0,0,0,0,0,0
8634,H08634,L,298.7,308.6,2324,45.7,110,0,0,0,0,0,0
8635,H08635,L,299.8,312.1,1427,33.8,57,0,0,0,0,0,0
8636,M08636,M,295.4,310.5,1361,54.8,239,0,0,0,0,0,0
8637,H08637,L,298.3,309.7,2523,30.6,60,0,0,0,0,0,0
8638,L08638,L,303.9,309.0,1777,37.1,167,0,0,0,0,0,0
8639,H08639,H,299.4,309.8,1797,44.3,95,0,0,0,0,0,0
8640,H08640,L,300.5,311.0,2320,38.0,16,0,0,0,0,0,0
8641,L08641,M,298.5,309.6,1514,25.5,225,0,0,0,0,0,0
8642,M08642,L,300.9,309.2,1827,39.5,80,0,0,0,0,0,0
8643,L08643,M,299.7,310.7,2401,30.1,14,0,0,0,0,0,0
8644,H08644,M,300.8,309.0,2819,57.1,211,0,0,1,0,0,0
8645,M08645,L,300.2,310.2,2463,54.2,102,0,0,0,0,0,0
8646,H08646,M,302.9,310.4,2503,41.0,138,0,0,0,0,0,0
8647,H08647,L,300.3,310.4,2012,36.9,82,0,0,0,0,0,0
8648,L08648,H,298.3,310.4,1544,50.6,95,1,0,0,0,0,0
8649,L08649,L,298.7,309.0,1704,51.8,215,0,0,0,0,0,0
8650,M08650,M,296.3,309.8,1952,44.6,69,0,0,0,0,0,0
8651,M08651,L,300.3,309.7,2312,53.9,81,0,0,0,0,0,0
8652,M08652,M,299.9,310.1,1573,43.5,232,0,0,0,0,0,0
8653,H08653,H,303.0,308.2,2426,41.3,120,0,0,0,0,0,0
8654,L08654,M,297.7,308.6,1565,42.7,175,0,0,0,0,0,0
8655,L08655,L,298.6,312.2,2094,34.0,12,0,0,0,0,0,0
8656,L08656,L,298.6,310.7,2680,47.7,118,0,0,0,0,0,0
8657,M08657,L,299.5,309.8,1495,37.6,153,0,0,0,0,0,0
8658,L08658,L,297.5,310.1,1846,42.9,7,0,0,0,0,0,0
8659,L08659,L,299.4,312.0,1726,36.9,25,0,0,0,0,0,0
8660,L08660,L,300.0,308.1,1965,44.4,112,0,0,0,0,0,0
8661,M08661,L,300.1,310.1,1329,42.3,141,0,0,0,0,0,0
8662,L08662,L,302.5,309.7,1363,49.8,245,0,0,0,0,0,0
8663,M08663,L,299.9,311.2,1587,34.2,168,0,0,0,0,0,0
8664,L08664,L,299.9,310.6,2653,33.9,133,0,0,0,0,0,0
8665,L08665,L,302.3,312.2,1302,46.8,143,0,0,0,0,0,0
8666,L08666,M,300.0,310.8,2021,56.8,226,0,0,0,0,0,0
8667,M08667,L,297.6,309.6,2090,37.1,33,0,0,0,0,0,0
8668,M08668,L,297.8,309.8,2586,46.0,39,0,0,0,0,0,0
8669,L08669,L,297.9,310.7,2296,31.1,218,0,0,0,0,0,0
8670,H08670,L,297.6,311.5,1755,35.1,227,0,0,0,0,0,0
8671,M08671,M,304.0,309.3,2767,40.4,139,0,0,1,0,0,0
8672,M08672,L,297.9,310.3,2793,43.0,128,0,0,0,0,0,0
8673,L08673,L,299.9,308.0,1901,42.3,247,0,0,0,0,0,0
8674,H08674,M,300.1,309.7,2752,37.6,28,0,0,0,0,0,0
8675,L08675,H,299.6,311.7,2103,25.4,208,0,0,0,0,0,0
8676,M08676,L,298.4,311.5,2416,27.1,81,0,0,0,0,0,0
8677,M08677,L,300.9,310.7,1937,53.0,176,0,0,0,0,0,0
8678,L08678,L,297.0,311.8,2479,35.9,247,0,0,0,0,0,0
8679,L08679,L,297.9,309.7,2309,39.6,143,0,0,0,0,0,0
8680,H08680,L,302.2,309.9,2332,41.9,98,0,0,0,0,0,0
8681,H08681,M,297.8,309.7,1301,63.1,136,0,0,0,0,0,0
8682,M08682,L,302.6,310.7,2043,37.3,186,0,0,0,0,0,0
8683,H08683,H,302.8,312.9,2058,50.0,107,0,0,0,0,0,0
8684,H08684,L,302.8,310.4,1605,30.2,38,0,0,0,0,0,0
8685,M08685,L,301.7,308.9,2727,34.9,165,0,0,0,0,0,0
8686,M08686,M,297.2,308.9,1483,44.8,234,0,0,0,0,0,0
8687,M08687,L,296.9,309.1,1612,46.2,5,0,0,0,0,0,0
8688,M08688,L,297.8,309.2,2642,43.9,89,0,0,1,0,0,0
8689,L08689,L,298.1,309.1,2199,40.4,80,0,0,0,0,0,0
8690,M08690,L,297.4,310.2,2339,39.2,87,0,0,0,0,0,0
8691,M08691,L,298.6,308.6,2539,52.7,73,0,0,0,0,0,0
8692,M08692,L,301.5,310.5,1955,54.9,223,0,0,0,0,0,0
8693,H08693,L,301.3,311.0,1588,38.9,58,0,0,0,0,0,0
8694,M08694,L,300.6,309.4,1246,39.5,2,0,0,0,0,0,0
8695,L08695,H,299.6,310.3,1543,37.2,146,0,0,0,0,0,0
8696,L08696,L,299.9,310.7,2640,35.1,226,0,0,0,0,0,0
8697,M08697,L,300.6,310.9,1416,47.7,154,0,0,0,0,0,0
8698,L08698,H,299.1,310.1,2296,38.3,24,0,0,0,0,0,0
8699,H08699,M,302.0,309.1,2708,42.1,212,0,0,0,0,0,0
8700,M08700,L,297.4,310.1,1979,44.1,193,1,0,0,0,0,0
8701,L08701,L,298.4,309.8,2371,8.5,83,0,0,0,0,0,0
8702,L08702,M,298.1,310.1,2214,33.7,150,0,0,0,0,0,0
8703,M08703,L,300.9,309.0,1270,40.8,123,0,0,0,0,0,0
8704,L08704,M,297.6,308.5,1574,47.3,62,0,0,0,0,0,0
8705,M08705,H,298.2,308.0,1153,55.5,185,0,0,0,0,0,0
8706,L08706,L,300.8,308.2,2428,40.2,224,0,0,0,0,0,0
8707,H08707,L,298.3,308.2,1792,25.2,49,0,0,0,0,0,0
8708,L08708,M,301.7,311.0,2172,45.5,135,0,0,0,0,0,0
8709,L08709,L,301.6,310.3,2641,38.9,119,1,0,0,0,0,0
8710,M08710,L,298.9,310.0,1968,60.0,178,0,0,0,0,0,0
8711,L08711,L,300.3,309.7,1332,52.3,100,0,0,0,0,0,0
8712,M08712,M,304.1,308.1,2280,27.2,247,0,0,0,0,0,0
8713,H08713,L,301.7,310.4,1648,33.4,41,0,0,0,0,0,0
8714,M08714,H,301.0,310.2,2620,54.8,221,0,0,0,0,0,0
8715,M08715,M,303.1,310.0,2350,41.0,62,0,0,0,0,0,0
8716,L08716,L,298.1,309.2,1221,45.8,158,0,0,0,0,0,0
8717,H08717,M,302.5,309.3,1219,37.4,104,0,0,0,0,0,0
8718,M08718,L,300.7,310.5,1730,58.0,58,0,0,0,0,0,0
8719,L08719,M,302.9,309.2,1272,41.5,209,0,0,0,0,0,0
8720,L08720,L,299.0,311.1,1541,48.1,94,0,0,0,0,0,0
8721,M08721,L,302.8,311.6,2400,25.6,89,0,0,0,0,0,0
8722,L08722,M,296.5,311.1,2064,27.8,87,0,0,0,0,0,0
8723,M08723,L,299.2,310.1,1517,60.7,50,0,0,0,0,0,0
8724,M08724,M,300.5,309.9,1607,28.5,184,1,0,0,0,0,0
8725,M08725,M,301.3,310.1,1332,46.2,132,0,0,0,0,0,0
8726,H08726,L,295.8,310.7,2400,49.3,244,0,0,0,0,0,0
8727,M08727,L,297.5,311.5,2245,42.9,202,0,0,0,0,0,0
8728,L08728,H,297.8,310.6,1661,49.8,51,0,0,0,0,0,0
8729,H08729,L,298.1,308.3,2181,21.7,215,0,0,0,0,0,0
8730,L08730,M,298.5,309.1,2245,52.2,192,1,0,0,0,0,0
8731,H08731,M,300.3,309.8,1873,16.4,139,0,0,0,0,0,0
8732,H08732,H,303.0,311.0,1195,48.6,101,0,0,0,0,0,0
8733,H08733,M,299.2,312.3,2323,67.0,150,0,0,0,0,0,0
8734,H08734,L,303.1,310.1,1742,52.6,119,0,0,0,0,0,0
8735,L08735,H,300.2,310.7,2089,40.8,51,0,0,0,0,0,0
8736,M08736,M,299.6,308.5,1922,37.8,107,0,0,0,0,0,0
8737,L08737,M,302.1,309.3,1631,39.8,216,0,0,0,0,0,0
8738,M08738,L,299.7,310.4,2582,29.2,190,0,0,0,0,0,0
8739,L08739,L,298.4,307.9,2348,38.2,75,0,0,0,0,0,0
8740,H08740,M,302.7,310.2,2600,25.3,130,0,0,0,0,0,0
8741,H08741,L,299.9,309.6,1804,31.3,151,0,0,0,0,0,0
8742,M08742,L,303.6,310.0,2844,49.0,217,0,0,0,0,0,0
8743,M08743,L,299.3,309.3,1386,48.1,78,0,0,0,0,0,0
8744,L08744,L,297.3,310.5,2768,44.1,94,0,0,0,0,0,0
8745,M08745,L,298.5,311.1,2140,41.7,234,0,0,0,0,0,0
8746,L08746,L,298.7,310.7,1836,22.5,169,0,0,0,0,0,0
8747,M08747,L,299.8,310.7,2313,36.1,148,0,0,0,0,0,0
8748,M08748,M,298.4,310.6,1213,39.3,212,0,0,0,0,0,0
8749,M08749,L,297.5,310.0,1428,24.1,118,0,0,0,0,0,0
8750,H08750,L,299.4,309.6,1199,26.0,84,0,0,0,0,0,0
8751,H08751,L,300.2,310.9,1364,49.6,118,0,0,0,0,0,0
8752,L08752,L,300.8,309.1,2810,43.2,239,1,0,0,0,0,0
8753,M08753,M,300.0,310.5,1185,28.5,152,0,0,0,0,0,0
8754,L08754,M,302.7,310.5,2824,53.7,11,0,0,0,0,0,0
8755,M08755,L,300.1,309.0,2771,49.9,47,0,0,0,0,0,0
8756,H08756,L,295.6,309.1,1580,38.7,100,0,0,0,0,0,0
8757,H08757,M,300.5,310.5,1654,27.4,209,0,0,0,0,0,0
8758,M08758,L,300.0,310.2,2741,56.0,73,0,0,0,0,0,0
8759,M08759,L,301.5,310.4,1398,56.8,197,0,0,0,0,0,0
8760,H08760,L,297.8,309.8,1883,51.7,184,0,0,0,0,0,0
8761,H08761,L,302.1,311.5,1954,51.2,28,0,0,0,0,0,0
8762,L08762,L,300.5,310.6,1617,39.5,156,0,0,0,0,0,0
8763,H08763,L,300.3,311.3,1910,41.1,220,0,0,0,0,0,0
8764,M08764,L,301.9,309.7,1659,53.6,173,0,0,0,0,0,0
8765,L08765,L,302.3,311.0,2567,42.5,237,0,0,0,0,0,0
8766,M08766,L,302.1,309.7,2613,31.7,8,0,0,0,0,0,0
8767,L08767,L,295.3,309.7,1875,30.7,31,0,0,0,0,0,0
8768,M08768,L,297.2,308.8,1959,51.0,239,0,0,0,0,0,0
8769,H08769,L,299.1,310.5,2331,61.1,140,0,0,0,0,0,0
8770,M08770,L,297.6,309.0,2267,45.4,109,0,0,0,0,0,0
8771,L08771,M,298.6,309.4,2659,62.2,180,0,0,0,0,0,0
8772,M08772,M,299.9,308.6,2612,20.3,74,0,0,0,0,0,0
8773,L08773,L,299.1,308.1,1315,27.6,97,0,0,0,0,0,0
8774,M08774,L,300.0,309.9,2229,34.9,53,0,0,0,0,0,0
8775,H08775,M,302.7,309.3,2628,20.1,123,0,0,0,0,0,0
8776,H08776,L,303.6,310.3,2543,37.8,243,1,0,0,0,0,0
8777,M08777,L,300.7,309.9,2551,51.8,115,0,0,0,0,0,0
8778,M08778,M,302.7,311.0,1995,19.6,156,0,0,0,0,0,0
8779,M08779,H,299.2,311.9,2568,49.2,178,0,0,0,0,0,0
8780,L08780,L,298.8,311.1,2564,27.7,203,0,0,0,0,0,0
8781,M08781,L,299.8,310.0,2525,31.8,176,0,0,0,0,0,0
8782,M08782,M,299.4,310.7,2255,38.7,94,0,0,0,0,0,0
8783,L08783,L,301.4,311.3,2161,39.4,168,0,0,0,0,0,0
8784,H08784,M,300.0,309.5,1695,50.1,213,0,0,0,0,0,0
8785,M08785,L,303.0,310.9,1212,38.0,217,0,0,0,0,0,0
8786,M08786,L,300.2,311.3,2687,46.9,234,1,0,0,0,0,0
8787,H08787,L,298.6,310.1,1851,50.6,11,0,0,0,0,0,0
8788,H08788,H,299.1,310.5,1704,41.2,34,0,0,0,0,0,0
8789,L08789,M,298.8,312.0,1756,61.8,112,0,0,0,0,0,0
8790,M08790,L,301.5,309.4,1297,33.8,229,0,0,0,0,0,0
8791,M08791,M,299.8,309.7,2692,31.9,3,0,0,0,0,0,0
8792,L08792,L,300.2,310.6,1457,32.2,44,0,0,0,0,0,0
8793,H08793,M,300.8,309.1,2678,62.3,48,0,0,0,0,0,0
8794,L08794,M,301.1,309.9,1247,48.4,201,0,0,0,0,0,0
8795,H08795,L,302.1,308.8,2475,51.9,243,0,0,0,0,0,0
8796,L08796,L,300.7,308.1,2215,46.9,126,0,0,0,0,0,0
8797,H08797,H,298.1,310.2,1465,39.1,145,0,0,0,0,0,0
8798,L08798,H,299.0,308.7,1903,41.5,45,0,0,0,0,0,0
8799,H08799,L,299.0,309.1,2557,30.1,111,0,0,0,0,0,0
8800,H08800,L,298.5,311.0,2277,60.8,210,0,0,0,0,0,0
8801,H08801,H,302.1,310.2,2509,39.0,185,0,0,0,0,0,0
8802,H08802,L,299.7,310.0,1739,31.3,14,0,0,0,0,0,0
8803,H08803,L,300.4,309.6,2809,25.4,57,0,0,0,0,0,0
8804,M08804,L,300.7,311.5,2205,57.3,150,0,0,0,0,0,0
8805,H08805,M,300.4,312.2,2083,50.5,150,0,0,0,0,0,0
8806,M08806,L,300.6,310.6,1828,45.0,84,0,0,0,0,0,0
8807,H08807,L,304.8,307.4,2455,21.3,153,0,0,0,0,0,0
8808,M08808,L,301.4,310.0,2203,44.0,236,0,0,0,0,0,0
8809,M08809,H,298.2,308.9,1830,37.4,161,1,0,0,0,0,0
8810,L08810,M,300.6,309.6,2020,34.9,124,0,0,0,0,0,0
8811,H08811,M,300.2,310.5,1542,54.0,40,1,0,0,0,0,0
8812,L08812,L,297.2,310.1,2205,26.6,204,0,0,0,0,0,0
8813,L08813,H,295.2,308.6,1845,25.5,56,0,0,0,0,0,0
8814,H08814,M,300.3,309.3,2738,23.4,24,0,0,0,0,0,0
8815,L08815,M,299.4,311.1,2121,30.9,181,0,0,0,0,0,0
8816,H08816,H,297.7,311.6,2068,26.1,43,0,0,0,0,0,0
8817,L08817,L,298.9,311.4,1998,49.1,224,0,0,0,0,0,0
8818,H08818,M,299.5,308.6,2097,30.9,219,0,0,0,0,0,0
8819,H08819,H,298.8,309.6,2322,42.0,140,0,0,0,0,0,0
8820,H08820,M,300.5,309.3,2249,33.6,53,0,0,0,0,0,0
8821,M08821,L,300.4,310.7,2131,49.9,26,0,0,0,0,0,0
8822,L08822,L,301.6,309.7,1556,47.2,7,0,0,0,0,0,0
8823,M08823,M,302.3,309.0,2754,40.5,227,0,0,0,0,0,0
8824,L08824,L,301.3,311.5,1423,56.0,245,0,0,0,0,0,0
8825,L08825,L,298.6,309.4,1890,34.4,170,0,0,0,0,0,0
8826,L08826,M,300.3,311.0,1698,36.5,119,0,0,0,0,0,0
8827,M08827,L,296.8,309.4,2820,41.6,197,0,0,0,0,0,0
8828,L08828,L,299.1,310.8,1210,46.3,76,0,0,0,0,0,0
8829,M08829,M,294.9,309.7,2304,20.9,83,0,0,0,0,0,0
8830,H08830,L,299.3,309.0,1662,51.5,182,0,0,0,0,0,0
8831,L08831,L,298.9,311.2,2233,33.9,191,0,0,0,0,0,0
8832,L08832,L,301.4,309.3,2051,46.5,4,0,0,0,0,0,0
8833,H08833,L,298.1,310.1,1529,32.3,58,0,0,0,0,0,0
8834,H08834,L,300.3,308.7,1496,53.4,236,0,0,0,0,0,0
8835,L08835,L,299.2,308.6,2615,50.3,154,0,0,0,0,0,0
8836,H08836,L,299.1,311.5,2716,50.4,240,0,0,0,0,0,0
8837,M08837,L,298.5,310.1,1548,44.4,242,0,0,0,0,0,0
8838,M08838,L,300.6,309.9,1156,38.1,18,0,0,0,0,0,0
8839,L08839,H,299.7,309.6,2564,23.0,64,0,0,0,0,0,0
8840,M08840,L,298.1,309.2,2078,40.5,67,0,0,0,0,0,0
8841,M08841,M,300.3,310.6,2308,51.6,65,0,0,0,0,0,0
8842,L08842,L,300.6,311.4,2104,48.0,235,0,0,0,0,0,0
8843,H08843,M,303.1,310.8,2193,32.6,153,0,0,0,0,0,0
8844,L08844,M,298.8,310.6,1476,70.7,32,0,0,0,0,0,0
8845,M08845,L,299.2,309.7,2607,50.6,235,0,0,0,0,0,0
8846,L08846,L,297.4,310.6,1803,32.5,236,0,0,0,0,0,0
8847,L08847,L,299.1,311.9,2547,34.2,165,0,0,0,0,0,0
8848,M08848,M,297.9,309.7,1292,29.6,134,0,0,0,0,0,0
8849,M08849,L,302.2,310.4,1543,38.7,220,0,0,0,0,0,0
8850,L08850,M,301.0,311.4,1632,55.8,243,0,0,0,0,0,0
8851,M08851,L,297.8,312.0,2136,44.5,4,1,0,0,0,0,0
8852,M08852,L,298.0,310.1,2810,56.6,136,0,0,0,0,0,0
8853,M08853,L,298.9,310.8,1640,55.8,140,0,0,0,0,0,0
8854,M08854,M,302.6,309.7,2494,53.7,237,0,0,0,0,0,0
8855,M08855,L,298.8,310.3,2100,56.9,167,0,0,0,0,0,0
8856,M08856,M,299.6,309.8,1561,40.0,47,0,0,0,0,0,0
8857,H08857,L,303.1,311.2,1503,41.7,45,0,0,0,0,0,0
8858,L08858,L,300.8,311.7,1581,26.2,63,0,0,0,0,0,0
8859,M08859,M,297.1,308.8,1152,45.9,191,0,0,0,0,0,0
8860,L08860,M,296.3,309.9,2105,42.4,28,0,0,0,0,0,0
8861,H08861,L,300.2,309.5,1280,60.0,17,0,0,0,0,0,0
8862,M08862,L,304.6,309.7,2248,36.4,157,0,0,0,0,0,0
8863,L08863,M,302.7,309.8,2497,29.7,201,0,0,0,0,0,0
8864,M08864,L,300.8,309.1,2651,25.5,18,0,0,0,0,0,0
8865,M08865,M,301.6,310.3,2173,53.8,175,0,0,0,0,0,0
8866,M08866,L,301.7,308.8,1309,41.8,8,0,0,0,0,0,0
8867,M08867,L,296.7,310.9,1166,37.0,212,0,0,0,0,0,0
8868,M08868,M,300.4,310.3,2568,42.4,0,0,0,0,0,0,0
8869,M08869,L,302.6,308.9,1505,27.3,232,0,0,0,0,0,0
8870,M08870,H,304.2,308.9,2205,26.9,247,0,0,0,0,0,0
8871,H08871,M,301.0,310.8,2038,57.3,217,0,0,0,0,0,0
8872,H08872,M,297.3,309.3,1632,41.9,205,0,0,0,0,0,0
8873,M08873,L,301.1,311.5,2328,44.1,38,0,0,0,0,0,0
8874,M08874,H,301.1,307.9,2797,40.1,220,0,0,0,0,0,0
8875,H08875,M,301.7,308.9,1759,33.7,54,1,0,0,0,0,0
8876,H08876,L,300.8,309.6,1922,33.7,247,0,0,0,0,0,0
8877,H08877,L,303.7,310.0,2006,29.7,234,0,0,0,0,0,0
8878,M08878,L,300.4,310.7,2777,51.4,51,0,0,0,0,0,0
8879,L08879,H,300.1,309.8,2831,44.8,198,0,0,0,0,0,0
8880,L08880,M,299.5,309.7,2688,34.6,63,0,0,0,0,0,0
8881,L08881,H,300.2,309.3,1945,47.4,23,0,0,0,0,0,0
8882,L08882,M,300.6,309.2,2111,31.9,26,0,0,0,0,0,0
8883,M08883,L,300.2,309.3,1951,50.2,233,0,0,0,0,0,0
8884,L08884,L,301.6,309.9,1491,31.6,114,0,0,0,0,0,0
8885,H08885,L,295.9,308.2,1555,41.5,65,0,0,0,1,0,0
8886,H08886,L,299.7,310.5,2546,33.2,193,0,0,0,0,0,0
8887,L08887,L,301.0,310.1,2459,54.8,118,0,0,0,0,0,0
8888,H08888,H,300.6,309.9,1709,54.5,248,0,0,0,0,0,0
8889,M08889,H,297.5,311.1,1726,47.3,61,0,0,0,0,0,0
8890,L08890,L,301.1,310.6,1370,39.3,143,0,0,0,0,0,0
8891,L08891,M,300.1,310.1,1296,35.2,139,0,0,0,0,0,0
8892,M08892,L,301.5,310.7,2150,42.1,39,0,0,0,0,0,0
8893,H08893,L,301.2,309.4,2353,33.0,217,0,0,0,0,0,0
8894,M08894,M,300.6,310.6,2683,48.9,9,0,0,0,0,0,0
8895,M08895,L,300.0,310.8,2470,38.0,191,0,0,0,0,0,0
8896,H08896,H,300.6,307.6,2522,41.0,54,0,0,0,0,0,0
8897,M08897,M,300.6,311.8,1640,42.5,78,0,0,0,0,0,0
8898,H08898,M,302.7,310.3,1502,55.5,239,0,0,0,0,0,0
8899,H08899,L,306.0,310.6,2160,39.5,88,1,0,0,0,0,0
8900,M08900,L,297.9,311.1,1230,58.1,3,0,0,0,0,0,0
8901,H08901,L,294.7,309.9,2019,48.7,217,0,0,0,0,0,0
8902,M08902,M,298.9,309.6,1854,48.6,126,0,0,0,0,0,0
8903,H08903,H,298.1,310.3,1583,33.9,22,1,0,0,0,0,0
8904,L08904,L,301.7,312.8,2296,28.1,100,0,0,0,0,0,0
8905,H08905,M,303.0,309.9,2462,40.9,48,0,0,0,0,0,0
8906,H08906,L,301.6,309.4,1889,29.4,105,0,0,0,0,0,0
8907,M08907,L,299.4,311.3,2643,22.1,3,0,0,0,0,0,0
8908,H08908,M,301.5,307.9,1659,35.3,128,0,0,0,0,0,0
8909,L08909,M,302.4,309.9,1743,23.8,192,0,0,0,0,0,0
8910,L08910,L,301.3,309.4,2062,49.8,166,0,0,0,0,0,0
8911,H08911,L,301.1,310.6,1629,28.7,130,0,0,0,0,0,0
8912,H08912,L,299.8,310.1,2769,23.5,239,0,0,0,0,0,0
8913,L08913,L,297.6,308.9,1904,34.5,56,0,0,0,0,0,0
8914,M08914,H,302.2,310.6,2612,45.9,58,0,0,0,0,0,0
8915,L08915,L,303.4,309.2,1876,35.7,111,0,0,0,0,0,0
8916,L08916,L,297.2,310.0,2347,48.2,206,0,0,0,0,0,0
8917,H08917,L,301.5,309.6,1495,46.3,246,0,0,0,0,0,0
8918,H08918,H,298.4,310.8,2104,43.2,234,0,0,0,0,0,0
8919,L08919,M,300.9,309.5,1254,33.8,117,0,0,0,0,0,0
8920,M08920,M,297.2,306.9,2742,44.3,17,0,0,0,0,0,0
8921,L08921,L,301.6,308.9,1937,15.9,148,0,0,0,0,0,0
8922,L08922,M,300.9,310.1,2854,38.9,55,0,0,0,0,0,0
8923,M08923,L,301.7,309.3,2760,51.7,179,0,0,0,0,0,0
8924,L08924,M,301.3,311.2,2628,33.7,125,0,0,0,0,0,0
8925,L08925,H,300.4,309.0,2467,43.3,135,0,0,0,0,0,0
8926,H08926,L,301.6,310.6,1944,21.8,24,0,0,0,0,0,0
8927,M08927,L,299.1,310.8,1542,47.4,159,0,0,0,0,0,0
8928,H08928,L,301.2,310.2,1345,36.9,119,0,0,0,0,0,0
8929,H08929,L,298.9,310.4,1571,36.8,69,0,0,0,0,0,0
8930,M08930,L,301.3,309.9,2650,36.6,241,0,0,0,0,0,0
8931,M08931,H,299.6,310.3,2030,42.9,39,0,0,0,0,0,0
8932,L08932,L,301.0,309.5,1367,35.6,83,0,0,0,0,0,0
8933,H08933,M,299.4,310.2,1302,41.2,240,0,0,0,0,0,0
8934,M08934,M,299.5,309.7,1186,27.6,156,0,0,0,0,0,0
8935,H08935,H,299.6,309.7,1839,35.8,196,0,0,0,0,0,0
8936,H08936,L,297.3,309.3,2521,42.9,162,0,0,0,0,0,0
8937,M08937,L,301.7,309.8,1861,38.3,82,0,0,0,0,0,0
8938,L08938,L,300.1,311.5,2343,43.5,102,0,0,0,0,0,0
8939,H08939,L,297.4,309.8,1459,46.1,203,0,0,0,0,0,0
8940,M08940,M,298.9,310.9,2810,46.1,160,0,0,0,0,0,0
8941,L08941,L,298.8,310.5,2848,46.8,98,0,0,0,0,0,0
8942,H08942,L,300.8,310.2,2527,19.7,105,0,0,0,0,0,0
8943,M08943,L,299.6,310.3,1399,28.3,101,0,0,0,0,0,0
8944,H08944,M,301.8,310.0,2552,58.1,239,0,0,0,0,0,0
8945,M08945,L,297.6,309.4,2091,49.7,173,0,0,0,0,0,0
8946,M08946,L,300.9,311.7,1889,36.1,199,0,0,0,1,0,0
8947,H08947,L,300.7,311.1,2318,45.9,229,0,0,0,0,0,0
8948,H08948,L,299.2,310.0,1774,34.0,158,1,0,0,0,0,0
8949,M08949,M,300.5,310.1,2662,46.5,202,0,0,0,0,0,0
8950,L08950,L,299.9,310.6,1241,30.4,67,0,0,0,0,0,0
8951,H08951,M,302.4,308.9,2354,43.9,167,0,0,0,0,0,0
8952,M08952,L,300.2,309.2,2301,38.1,249,0,0,0,0,0,0
8953,M08953,L,302.3,308.1,2451,47.4,196,0,0,0,0,0,0
8954,L08954,L,301.7,309.8,2615,63.4,41,0,0,0,0,0,0
8955,L08955,L,297.5,311.2,2854,40.8,213,0,0,0,0,0,0
8956,L08956,M,299.8,309.7,2432,21.1,171,0,0,0,0,0,0
8957,H08957,L,301.7,312.2,2521,42.0,16,0,0,0,0,0,0
8958,M08958,M,300.5,309.6,1724,39.1,147,0,0,0,0,0,0
8959,M08959,L,300.2,310.2,1633,16.2,234,0,0,0,0,0,0
8960,M08960,H,300.3,309.7,1983,32.3,115,0,0,0,0,0,0
8961,L08961,M,301.2,307.8,1451,47.3,123,0,0,0,0,0,0
8962,M08962,M,299.2,309.7,2385,50.3,203,0,0,0,0,0,0
8963,H08963,L,299.4,309.2,1637,50.5,180,0,0,0,0,0,0
8964,L08964,H,301.7,310.2,1633,56.3,43,0,0,0,0,0,0
8965,L08965,H,300.4,311.3,1797,37.1,144,0,0,0,0,0,0
8966,L08966,L,299.6,309.6,1700,30.2,243,0,0,0,0,0,0
8967,L08967,L,300.1,310.4,1612,24.4,26,0,0,0,0,0,0
8968,H08968,L,301.0,309.8,2523,40.0,150,0,0,0,0,0,0
8969,M08969,L,300.0,310.9,1452,34.0,245,0,0,0,0,0,0
8970,H08970,L,300.3,312.3,1567,31.4,57,0,0,0,0,0,0
8971,M08971,L,296.6,311.5,1217,23.5,196,0,0,0,0,0,0
8972,H08972,H,300.5,309.4,1206,36.2,240,0,0,0,0,0,0
8973,L08973,L,299.7,311.4,2643,31.7,183,0,0,0,1,0,0
8974,L08974,M,301.8,310.3,2326,32.8,91,0,0,0,0,0,0
8975,H08975,L,299.9,311.2,1350,57.5,100,0,0,0,0,0,0
8976,H08976,M,303.0,309.0,1748,39.7,93,0,0,0,0,0,0
8977,M08977,L,301.2,309.9,1979,38.4,172,0,0,0,0,0,0
8978,H08978,M,298.5,310.2,2212,48.1,156,0,0,0,0,0,0
8979,H08979,L,297.5,309.9,2685,35.1,141,0,0,0,0,0,0
8980,M08980,L,299.8,310.3,2421,44.8,135,0,0,0,0,0,0
8981,M08981,M,300.1,309.9,2287,46.8,45,0,0,0,1,0,0
8982,M08982,L,296.6,309.6,2551,30.2,154,0,0,0,0,0,0
8983,H08983,L,299.9,309.5,1284,37.5,69,0,0,0,0,0,0
8984,M08984,L,299.3,309.2,2012,25.3,134,0,0,0,0,0,0
8985,L08985,M,300.4,310.3,1923,28.9,25,0,0,0,0,0,0
8986,L08986,L,304.0,309.9,2099,32.6,169,0,0,0,0,0,0
8987,L08987,M,296.7,309.5,2296,43.5,29,0,0,0,0,0,0
8988,H08988,L,301.9,308.5,1744,29.2,208,0,0,0,0,0,0
8989,L08989,L,301.0,310.5,1362,41.3,5,0,0,0,0,0,0
8990,H08990,M,299.0,310.7,1936,37.1,66,0,0,0,0,0,0
8991,H08991,L,300.0,309.1,1651,37.0,82,1,0,0,0,0,0
8992,L08992,M,301.8,310.1,2348,47.5,210,0,0,0,0,0,0
8993,M08993,L,300.2,309.5,2448,57.0,181,0,0,0,0,0,0
8994,H08994,L,296.1,310.7,2409,23.7,215,0,0,0,0,0,0
8995,L08995,L,300.7,309.5,2719,45.4,219,0,0,0,0,0,0
8996,H08996,L,301.4,309.5,1320,59.9,34,0,0,0,0,0,0
8997,M08997,M,299.2,310.1,2826,49.7,34,0,0,0,0,0,0
8998,M08998,M,301.7,309.6,1569,46.0,4,0,0,0,0,0,0
8999,L08999,L,301.9,309.5,2710,21.9,101,0,0,1,0,0,0
9000,H09000,L,302.6,309.4,2270,52.4,5,0,0,0,0,0,0
9001,H09001,L,302.0,309.6,1973,56.6,246,0,0,0,0,0,0
9002,H09002,M,305.1,309.6,1170,46.6,92,0,0,0,0,0,0
9003,H09003,M,302.3,310.0,1439,49.3,22,0,0,0,0,0,0
9004,L09004,L,300.3,309.8,1771,50.5,236,0,0,0,0,0,0
9005,M09005,L,301.6,310.5,2255,46.8,58,0,0,0,0,0,0
9006,L09006,L,300.3,308.8,1256,48.1,178,0,0,0,0,0,0
9007,H09007,H,299.5,312.1,1838,23.8,189,0,0,0,0,0,0
9008,H09008,M,297.9,310.0,2094,64.9,100,0,0,0,0,0,0
9009,M09009,L,299.8,311.0,1435,49.7,31,0,0,0,0,0,0
9010,H09010,L,301.8,310.5,1770,49.2,0,0,0,0,0,0,0
9011,L09011,L,298.4,310.1,2723,43.6,176,0,0,0,0,0,0
9012,L09012,L,300.8,310.5,1932,20.6,225,0,0,0,0,0,0
9013,M09013,M,299.3,310.3,2504,16.9,235,0,0,0,0,0,0
9014,L09014,L,300.1,309.8,1877,45.0,27,0,0,0,0,0,0
9015,L09015,M,300.0,312.4,1977,39.6,113,0,0,0,0,0,0
9016,L09016,L,300.5,311.1,1281,47.6,198,0,0,0,0,0,0
9017,L09017,L,304.6,308.4,1488,37.0,164,0,0,0,0,0,0
9018,H09018,M,299.1,311.1,1370,36.4,28,0,0,0,0,0,0
9019,L09019,L,300.0,310.1,1931,37.4,146,0,0,0,0,0,0
9020,M09020,H,299.7,311.6,1998,35.5,111,0,0,0,0,0,0
9021,M09021,L,297.1,309.7,1226,29.4,246,0,0,0,0,0,0
9022,L09022,L,301.8,307.7,1754,27.5,107,0,0,0,0,0,0
9023,M09023,M,298.5,309.6,2824,44.9,18,0,0,0,0,0,0
9024,L09024,L,302.9,308.4,1741,46.2,178,0,0,0,0,0,0
9025,M09025,L,298.6,309.3,1199,10.5,211,0,0,0,0,0,0
9026,M09026,H,300.9,309.4,1897,37.9,116,0,0,0,0,0,0
9027,L09027,L,303.6,310.4,2516,37.7,14,0,0,0,0,0,0
9028,L09028,L,301.0,310.3,1481,44.6,151,0,0,0,0,0,0
9029,H09029,M,298.9,310.6,2467,44.9,104,0,0,0,0,0,0
9030,L09030,L,298.3,310.6,2325,46.9,188,0,0,0,0,0,0
9031,L09031,L,295.7,311.9,2268,36.6,52,0,0,0,0,0,0
9032,H09032,L,299.4,310.0,1827,32.9,199,0,0,0,0,0,0
9033,L09033,L,297.3,310.5,2145,22.8,114,0,0,0,0,0,0
9034,L09034,H,300.1,310.9,2554,38.9,186,0,0,0,0,0,0
9035,H09035,L,299.3,309.4,2107,24.3,6,0,0,0,0,0,0
9036,L09036,L,300.3,308.7,2613,32.9,210,0,0,1,0,0,0
9037,L09037,L,297.8,310.4,1470,26.1,91,0,0,0,0,0,0
9038,H09038,L,299.1,309.6,2263,53.6,75,0,0,0,0,0,0
9039,H09039,M,301.1,310.8,1678,27.2,89,1,0,0,0,0,0
9040,M09040,L,300.7,310.7,2017,31.4,98,0,0,0,0,0,0
9041,L09041,M,296.4,311.0,1890,45.5,67,0,0,0,0,0,0
9042,M09042,L,301.6,309.2,2456,51.4,33,0,0,0,0,0,0
9043,M09043,M,297.9,309.4,2518,32.7,6,0,0,0,0,0,0
9044,H09044,L,297.0,310.1,2406,55.2,181,0,0,0,0,0,0
9045,L09045,L,299.6,309.8,2525,37.1,218,0,0,0,0,0,0
9046,L09046,M,304.9,310.5,1865,51.6,194,0,0,0,0,0,0
9047,H09047,L,299.4,311.4,1582,40.4,96,0,0,0,0,0,0
9048,M09048,L,300.2,309.9,2487,26.8,139,0,0,0,0,0,0
9049,H09049,L,301.4,308.6,2151,31.3,57,0,0,0,0,0,0
9050,L09050,L,298.3,308.0,1529,38.8,210,0,0,0,0,0,0
9051,H09051,M,300.6,308.7,1406,50.5,51,0,0,0,0,0,0
9052,L09052,L,298.4,308.7,1546,45.5,121,0,0,0,0,0,0
9053,M09053,H,301.1,310.7,1938,52.6,208,0,0,0,0,0,0
9054,L09054,L,300.8,310.0,1406,33.0,55,0,0,0,0,0,0
9055,M09055,H,300.6,310.1,2122,24.1,81,0,0,0,0,0,0
9056,M09056,L,300.3,310.7,1308,46.0,2,0,0,0,0,0,0
9057,L09057,H,304.0,311.4,1978,44.5,140,0,0,0,0,0,0
9058,L09058,L,300.5,309.8,2132,38.4,95,0,0,0,0,0,0
9059,M09059,L,301.1,310.7,1352,34.9,62,0,0,0,0,0,0
9060,H09060,H,300.7,310.4,2586,35.9,132,0,0,0,0,0,0
9061,L09061,L,298.0,308.4,1837,32.4,152,0,0,0,0,0,0
9062,M09062,L,298.5,308.5,1231,43.4,85,0,0,0,0,0,0
9063,M09063,M,297.8,309.7,2619,46.4,114,0,0,0,0,0,0
9064,H09064,L,298.4,310.2,2198,53.0,114,0,0,0,0,0,0
9065,L09065,L,299.0,310.5,2079,40.1,71,0,0,0,0,0,0
9066,M09066,L,299.6,309.8,1167,43.3,51,0,0,0,0,0,0
9067,H09067,M,299.6,308.3,2670,23.4,207,0,0,0,0,0,0
9068,M09068,L,301.2,309.6,2110,41.1,95,0,0,0,0,0,0
9069,L09069,H,302.7,308.2,2036,46.1,4,0,0,0,0,0,0
9070,H09070,M,302.3,309.8,2289,31.9,99,0,0,0,0,0,0
9071,M09071,M,300.6,310.6,2322,54.1,58,0,0,0,0,0,0
9072,H09072,L,298.3,310.4,2499,32.0,24,0,0,0,0,0,0
9073,L09073,M,302.1,309.5,1170,42.6,79,0,0,0,0,0,0
9074,H09074,L,298.9,310.4,2146,41.8,87,0,0,0,0,0,0
9075,L09075,M,300.9,308.9,2779,31.3,13,0,0,0,0,0,0
9076,M09076,L,300.6,309.4,2321,38.4,204,0,0,0,0,1,0
9077,L09077,M,297.9,308.3,1787,40.6,214,0,0,0,0,0,0
9078,M09078,L,298.9,309.5,2086,41.0,51,0,0,1,0,0,0
9079,M09079,L,301.0,309.2,1885,24.6,24,0,0,0,0,0,0
9080,L09080,L,299.7,309.6,1782,43.5,218,0,0,0,0,0,0
9081,M09081,L,305.8,309.7,1789,50.0,71,0,0,0,0,0,0
9082,H09082,L,299.1,310.2,1595,48.8,55,0,0,0,0,0,0
9083,M09083,L,298.0,308.0,1436,47.6,249,0,0,0,0,0,0
9084,L09084,L,300.1,309.1,2017,30.2,209,0,0,0,0,0,0
9085,H09085,M,299.4,311.0,1814,46.8,36,0,0,0,0,0,0
9086,H09086,L,296.6,311.0,2498,24.9,197,0,0,0,0,0,0
9087,M09087,L,301.7,310.1,1349,38.2,133,1,0,0,0,0,0
9088,M09088,M,302.0,310.1,1934,28.7,152,0,0,0,0,0,0
9089,L09089,H,301.7,308.9,1297,49.8,147,0,0,0,0,0,0
9090,H09090,L,300.6,309.6,1516,41.0,22,0,0,0,0,0,0
9091,L09091,L,299.7,310.8,1370,20.4,56,0,0,0,0,0,0
9092,M09092,L,300.3,308.8,1377,36.6,180,0,0,0,0,0,0
9093,H09093,M,299.8,310.1,1455,25.6,186,0,0,0,0,0,0
9094,L09094,M,298.7,310.6,1328,34.4,117,1,0,0,0,0,0
9095,L09095,M,303.1,310.0,2649,36.5,80,0,0,0,0,0,0
9096,L09096,L,302.5,309.9,2117,46.5,223,0,0,0,0,0,0
9097,L09097,M,301.3,309.8,1566,49.0,60,0,0,0,0,0,0
9098,L09098,L,299.1,310.5,1759,25.8,54,0,0,0,0,0,0
9099,H09099,L,301.2,310.2,1777,37.0,79,0,0,0,0,0,0
9100,L09100,L,299.5,310.5,1272,36.0,228,0,0,0,0,0,0
9101,H09101,L,299.4,309.6,1434,27.2,19,0,0,0,0,0,0
9102,L09102,M,300.0,309.7,1856,37.2,2,0,0,0,0,0,0
9103,M09103,M,300.9,310.5,1152,48.7,64,1,0,0,0,0,0
9104,M09104,H,299.2,309.1,1909,29.5,36,0,0,0,0,0,0
9105,L09105,L,299.7,308.9,1411,48.6,162,0,0,0,0,0,0
9106,M09106,H,302.6,312.3,2853,26.3,247,0,0,0,0,0,0
9107,H09107,M,296.7,310.4,2644,55.8,123,0,0,0,0,0,0
9108,L09108,L,302.0,309.8,1481,39.7,15,0,0,0,0,0,0
9109,H09109,M,299.7,309.3,2114,32.4,111,0,0,0,0,0,0
9110,L09110,M,299.1,309.1,1410,46.3,3,0,0,1,0,0,0
9111,M09111,L,299.4,310.0,2176,64.8,2,0,0,0,0,0,0
9112,H09112,M,300.0,309.9,1921,53.5,107,0,0,0,0,0,0
9113,M09113,M,301.9,310.4,1596,39.4,16,0,0,0,0,0,0
9114,M09114,M,300.4,308.7,2389,52.9,171,0,0,0,0,0,0
9115,L09115,M,299.0,308.7,1922,62.8,190,0,0,0,0,0,0
9116,H09116,L,301.4,310.3,1628,36.2,233,0,0,0,0,0,0
9117,M09117,M,299.8,310.4,1718,41.6,97,0,0,0,0,0,0
9118,L09118,M,301.1,310.9,2016,31.8,169,0,0,0,0,0,0
9119,L09119,L,300.5,311.7,2855,36.1,97,0,0,0,0,0,0
9120,L09120,L,297.9,309.7,1744,37.2,144,0,0,0,0,0,0
9121,M09121,M,301.1,310.7,1589,35.6,23,0,0,0,0,0,0
9122,L09122,L,296.7,309.0,1349,51.8,164,0,0,0,0,0,0
9123,H09123,M,299.8,307.4,1817,21.2,1,0,0,0,0,0,0
9124,H09124,H,298.0,309.0,2083,40.3,119,0,0,0,0,0,0
9125,M09125,L,296.1,309.5,1428,39.4,13,0,0,0,0,0,0
9126,H09126,L,300.5,312.2,2308,35.3,137,0,0,0,0,0,0
9127,L09127,L,301.7,308.3,1443,48.2,14,0,0,0,0,0,0
9128,M09128,L,299.9,310.7,1354,48.0,36,0,0,0,0,0,0
9129,L09129,H,302.6,309.4,2026,40.5,57,0,0,0,0,0,0
9130,M09130,L,300.0,310.5,1234,43.1,173,0,0,0,0,0,0
9131,M09131,L,300.4,310.0,1442,39.5,180,0,0,0,0,0,0
9132,L09132,M,298.3,309.1,1539,46.2,81,0,0,0,0,0,1
9133,H09133,M,301.2,311.0,2311,55.7,55,0,0,0,0,0,0
9134,H09134,L,301.1,310.4,1560,50.7,236,0,0,0,0,0,0
9135,M09135,M,299.2,310.0,1658,62.4,12,0,0,0,0,0,0
9136,L09136,L,297.4,310.3,2391,48.4,162,0,0,0,0,0,0
9137,L09137,M,297.0,309.6,1767,21.6,163,0,0,0,0,0,0
9138,M09138,L,302.0,308.1,2230,46.4,228,0,0,0,0,0,0
9139,H09139,L,297.7,310.1,1241,32.6,73,0,0,0,0,0,0
9140,L09140,M,303.0,312.2,1933,53.1,248,0,0,0,0,0,0
9141,H09141,L,298.4,310.8,2543,37.3,92,0,0,0,0,0,0
9142,H09142,L,299.4,310.3,1720,26.7,161,0,0,0,0,0,0
9143,M09143,H,305.7,310.4,2585,43.4,23,0,0,0,0,0,0
9144,M09144,M,299.1,310.0,1920,37.2,180,0,0,0,0,0,0
9145,H09145,L,298.1,307.8,1342,44.2,26,0,0,0,0,0,1
9146,L09146,M,299.3,308.9,2290,43.5,200,0,0,0,0,0,0
9147,L09147,M,297.0,309.9,1856,43.6,200,0,0,0,0,0,0
9148,M09148,M,299.4,310.9,1819,43.7,73,0,0,0,0,0,0
9149,H09149,L,300.1,311.8,2448,48.7,139,0,0,0,0,0,0
9150,L09150,M,302.0,308.9,2526,41.8,142,0,0,0,0,0,0
9151,L09151,M,301.0,310.7,2053,38.8,2,0,0,0,0,0,0
9152,M09152,M,300.3,307.8,2619,37.5,27,0,0,0,0,0,0
9153,H09153,L,304.3,309.7,2209,36.4,8,0,0,0,0,0,0
9154,L09154,M,301.2,310.0,1773,37.3,166,0,0,1,0,1,0
9155,M09155,L,302.9,311.7,1890,48.6,29,0,0,0,0,0,0
9156,L09156,M,301.8,309.2,1346,53.3,56,0,0,0,0,0,0
9157,L09157,H,302.8,309.7,1439,48.0,22,0,0,0,0,0,0
9158,L09158,L,302.3,311.0,2659,43.1,157,0,0,0,0,0,0
9159,M09159,L,301.7,309.3,1915,40.9,63,0,0,0,0,0,0
9160,H09160,L,301.2,309.5,2584,42.4,143,0,0,0,0,0,0
9161,M09161,M,303.0,308.6,2596,42.5,119,0,0,0,0,0,0
9162,H09162,L,298.8,310.6,2412,34.1,163,0,0,0,0,0,0
9163,L09163,M,298.5,308.6,2471,32.8,29,0,0,0,0,0,0
9164,H09164,M,296.8,311.1,2215,40.9,45,0,0,0,0,0,0
9165,L09165,M,301.0,308.8,2160,31.5,100,0,0,0,0,0,0
9166,L09166,M,302.3,309.2,1237,32.1,79,0,0,0,0,0,0
9167,M09167,L,297.9,308.8,1325,33.3,91,0,0,0,0,0,0
9168,L09168,H,298.6,309.7,2076,51.9,117,0,0,0,0,0,0
9169,M09169,L,302.9,311.1,1427,55.0,147,0,0,0,0,0,0
9170,H09170,L,301.4,309.3,2516,40.0,205,0,0,0,0,0,0
9171,H09171,L,301.3,309.0,2470,40.6,108,0,0,0,0,0,0
9172,L09172,M,300.8,310.0,2453,47.2,55,0,0,0,0,0,0
9173,M09173,M,299.6,309.9,1573,31.1,220,0,0,0,0,0,0
9174,L09174,L,296.9,310.7,2589,41.2,237,0,0,0,0,0,0
9175,M09175,M,301.2,308.7,1182,59.8,36,0,0,0,0,0,0
9176,M09176,M,304.3,310.2,2201,39.4,210,0,0,0,0,0,0
9177,M09177,L,300.6,311.2,1358,39.0,208,0,0,0,0,1,0
9178,H09178,M,297.7,309.0,1751,39.2,189,0,0,0,0,0,0
9179,M09179,L,299.6,310.2,2767,37.7,192,0,0,0,0,0,0
9180,H09180,L,301.9,309.0,1397,44.3,156,0,0,0,0,0,0
9181,M09181,M,302.1,311.1,2551,43.1,125,0,0,0,0,0,0
9182,H09182,L,303.1,311.7,1996,19.6,125,0,0,0,0,0,0
9183,H09183,L,302.1,308.8,2531,45.8,127,0,0,0,0,0,0
9184,H09184,M,296.0,310.3,1939,30.4,92,0,0,0,0,0,0
9185,L09185,M,300.5,310.4,1167,46.7,215,0,0,0,0,0,0
9186,M09186,M,297.1,310.1,1362,40.4,82,0,0,0,0,0,0
9187,L09187,L,301.3,309.8,1663,41.4,42,0,0,0,1,0,0
9188,M09188,L,301.5,309.4,2267,42.2,201,0,0,0,0,0,0
9189,M09189,M,298.4,308.4,2006,34.6,35,0,0,0,0,0,0
9190,L09190,L,299.4,309.8,2071,34.1,118,0,0,0,0,0,0
9191,H09191,L,298.7,310.9,1956,47.5,144,0,0,0,0,0,0
9192,M09192,L,301.6,311.1,2190,34.8,181,0,0,0,0,0,0
9193,H09193,M,299.8,310.2,2412,29.4,144,0,0,0,0,0,0
9194,L09194,L,298.7,309.0,1677,44.8,159,0,0,0,0,0,0
9195,H09195,L,301.6,308.7,2840,44.3,143,0,0,0,0,0,0
9196,M09196,L,301.2,309.4,1326,39.6,50,0,0,0,0,0,0
9197,M09197,L,301.6,308.1,2304,42.2,115,0,0,0,0,0,0
9198,M09198,L,296.9,307.5,1447,41.2,186,0,0,0,0,0,0
9199,L09199,L,298.8,308.7,2236,46.1,237,0,0,0,0,0,0
9200,M09200,L,301.4,310.3,2147,48.4,22,0,0,0,0,0,0
9201,L09201,L,296.7,308.4,1946,45.2,143,0,0,0,0,0,0
9202,H09202,L,296.7,310.3,2303,49.0,31,0,0,0,0,0,0
9203,M09203,L,298.5,309.2,1512,56.2,65,0,0,0,0,0,0
9204,M09204,L,301.5,311.2,1765,44.6,103,0,0,0,1,0,0
9205,M09205,L,300.0,309.4,2443,39.4,69,0,0,0,0,0,0
9206,H09206,L,301.0,309.5,1417,24.3,201,0,0,0,0,0,0
9207,M09207,L,298.0,309.2,1649,27.0,225,0,0,0,0,0,0
9208,L09208,H,298.0,309.3,2713,43.7,189,0,0,0,0,0,0
9209,H09209,L,302.8,310.1,2660,37.4,157,0,0,0,0,0,0
9210,H09210,H,300.8,310.3,2063,35.1,114,0,0,0,0,0,0
9211,H09211,L,297.9,310.0,1366,45.7,163,0,0,0,0,0,0
9212,H09212,L,296.0,308.7,2530,47.1,5,0,0,0,0,0,0
9213,H09213,M,297.2,310.4,1795,43.4,44,0,0,0,0,0,0
9214,L09214,L,297.9,308.8,2154,36.1,32,0,0,0,0,0,0
9215,H09215,L,297.5,308.9,2459,59.7,4,0,0,0,0,1,0
9216,M09216,H,299.9,309.4,2652,39.2,55,0,0,1,0,0,0
9217,H09217,L,301.3,310.8,1695,49.2,27,0,0,0,0,0,0
9218,H09218,L,299.8,308.9,1872,37.8,134,0,0,0,0,0,0
9219,H09219,L,299.1,310.4,2585,29.5,237,0,0,0,0,0,0
9220,H09220,H,300.7,307.4,2117,40.8,58,0,0,0,0,0,0
9221,H09221,M,299.3,310.5,2504,64.9,146,0,0,0,0,0,0
9222,L09222,L,296.6,311.0,1842,49.8,61,0,0,0,0,0,0
9223,L09223,L,300.4,310.6,1933,39.0,42,0,0,0,0,0,0
9224,H09224,M,300.8,309.9,2071,45.7,49,0,0,0,0,0,0
9225,L09225,L,302.4,309.3,2622,36.8,241,0,0,0,0,0,0
9226,M09226,L,301.8,309.1,2170,46.9,217,0,0,0,0,0,0
9227,H09227,M,298.9,309.2,1176,59.4,180,0,0,0,0,0,0
9228,M09228,L,299.6,309.4,2285,34.7,119,0,0,0,0,0,0
9229,M09229,M,300.1,310.9,2665,42.7,101,0,0,0,0,0,0
9230,H09230,M,300.4,309.9,2310,43.8,37,0,0,0,0,0,0
9231,M09231,M,303.0,310.8,2711,36.2,230,0,0,0,0,0,0
9232,M09232,L,299.9,313.0,1411,35.7,144,0,0,0,0,0,0
9233,M09233,L,299.0,311.7,1796,41.8,210,0,0,0,0,0,0
9234,H09234,L,302.5,310.0,1838,33.7,26,0,0,0,0,0,0
9235,H09235,L,302.4,309.4,1671,50.3,164,0,0,0,0,0,0
9236,M09236,L,301.8,310.8,2472,38.4,126,0,0,0,0,0,0
9237,H09237,L,296.8,310.8,2283,38.8,6,0,0,0,0,0,0
9238,H09238,L,300.2,310.5,2606,30.7,37,0,0,0,0,0,0
9239,M09239,L,299.5,311.5,2652,31.8,208,0,0,0,0,0,0
9240,H09240,L,300.9,309.1,1773,35.2,120,0,0,0,0,0,0
9241,L09241,L,298.3,310.3,2786,35.2,156,0,0,0,0,0,0
9242,H09242,L,301.6,310.0,1416,29.8,50,0,0,0,0,0,0
9243,L09243,L,300.7,310.7,1927,48.5,107,0,0,0,0,0,0
9244,M09244,M,301.8,309.5,1817,54.4,102,0,0,0,0,0,0
9245,H09245,M,298.5,310.4,2386,38.5,235,0,0,0,0,0,0
9246,M09246,L,300.5,308.2,2482,31.0,208,0,0,0,0,0,0
9247,M09247,L,301.6,310.0,1203,31.7,142,0,0,0,0,0,0
9248,M09248,L,294.9,311.7,2838,42.2,143,0,0,0,0,0,0
9249,M09249,L,301.3,309.5,1923,41.1,96,0,0,0,0,0,0
9250,M09250,L,299.3,309.9,1544,24.5,10,0,0,0,0,0,0
9251,H09251,H,300.0,311.1,1661,19.0,160,0,0,0,0,0,0
9252,L09252,L,302.5,310.5,1950,41.0,95,0,1,0,0,0,0
9253,H09253,M,302.2,308.3,1474,47.3,236,0,0,0,0,0,0
9254,H09254,L,298.8,309.9,1245,52.0,91,1,0,0,0,0,0
9255,H09255,L,296.6,310.4,1323,33.9,126,0,0,0,0,0,0
9256,H09256,L,299.8,311.4,1493,51.4,147,0,0,1,0,0,0
9257,L09257,M,302.1,311.2,1354,37.6,240,0,0,0,0,0,0
9258,H09258,L,302.6,309.9,1204,28.4,28,0,0,0,1,0,0
9259,M09259,L,295.8,310.6,1859,58.2,15,0,0,0,0,0,0
9260,H09260,H,301.2,309.9,1375,23.9,93,0,0,0,0,0,0
9261,H09261,L,300.9,309.5,2480,38.3,144,0,0,0,0,0,0
9262,L09262,L,301.5,311.1,2454,33.6,184,0,0,0,0,0,0
9263,L09263,L,300.0,311.0,2790,43.9,205,0,0,0,0,0,0
9264,M09264,L,296.5,310.3,1451,49.6,215,0,0,0,0,0,0
9265,H09265,L,299.1,309.3,2378,21.9,36,0,0,0,0,0,0
9266,H09266,L,298.2,310.0,1369,33.8,76,0,0,0,0,0,0
9267,H09267,L,297.9,310.0,2153,49.6,17,0,0,0,0,0,0
9268,M09268,L,301.6,310.9,1577,31.5,70,0,0,0,0,0,0
9269,L09269,M,299.7,309.7,1290,24.6,123,0,0,0,0,0,0
9270,M09270,M,300.8,310.0,1604,35.7,176,0,0,0,0,0,0
9271,H09271,L,302.1,310.2,1294,34.0,138,0,0,0,0,0,0
9272,L09272,L,296.5,309.7,2118,47.9,184,0,0,0,0,0,0
9273,L09273,L,303.2,310.3,1675,40.8,208,0,0,0,0,0,0
9274,M09274,L,303.6,310.1,1307,32.8,18,0,0,0,0,0,0
9275,L09275,L,296.4,309.2,1254,49.7,69,0,0,0,0,0,0
9276,L09276,L,301.4,309.4,1891,40.0,115,0,0,0,0,0,0
9277,H09277,H,304.0,308.6,2039,26.3,209,0,0,0,0,0,0
9278,H09278,L,297.2,309.3,1438,33.4,52,0,0,0,0,0,0
9279,L09279,H,297.7,311.4,1781,35.0,9,0,0,0,0,0,0
9280,L09280,L,301.6,310.7,2358,59.8,0,0,0,0,0,0,0
9281,M09281,L,300.9,309.2,2390,38.3,0,0,0,0,0,0,0
9282,M09282,L,300.4,309.8,2204,27.2,46,0,0,0,0,0,0
9283,L09283,L,299.5,309.1,1428,38.6,229,0,0,0,0,0,0
9284,H09284,L,300.3,310.7,2097,47.0,154,0,0,0,0,0,0
9285,L09285,L,295.0,310.3,2648,39.3,152,0,0,0,0,0,0
9286,L09286,H,297.6,310.7,1374,50.9,217,0,0,0,0,0,0
9287,H09287,L,299.8,309.7,2350,47.6,102,0,0,0,0,0,0
9288,H09288,L,295.8,311.0,1233,46.9,137,1,0,0,0,0,0
9289,M09289,M,299.7,308.8,2741,46.8,163,0,0,0,0,0,0
9290,M09290,M,300.0,309.4,1241,52.8,173,0,0,0,0,0,0
9291,M09291,M,298.5,309.6,1157,50.8,135,1,0,0,0,0,0
9292,M09292,L,298.6,310.8,2835,29.1,224,0,0,0,0,0,0
9293,H09293,L,297.9,309.5,2747,29.2,189,0,0,1,1,0,0
9294,L09294,L,299.0,309.0,2227,45.9,156,0,0,0,0,0,0
9295,M09295,L,300.7,310.0,2336,31.1,52,0,0,0,0,0,0
9296,M09296,L,300.9,312.4,2804,28.9,225,0,0,0,0,0,0
9297,H09297,L,302.0,309.0,1628,48.9,218,0,0,0,0,1,0
9298,H09298,H,299.7,311.2,1257,35.8,242,0,0,0,0,0,0
9299,L09299,H,300.9,310.0,2444,47.2,105,0,0,0,0,0,0
9300,L09300,L,297.1,310.0,2799,46.0,3,0,0,0,0,0,0
9301,H09301,L,300.4,309.4,1386,40.3,48,0,0,0,0,0,0
9302,M09302,L,299.6,310.6,2434,48.7,111,1,0,0,0,0,0
9303,M09303,L,301.0,311.0,2131,45.1,196,0,0,0,0,0,0
9304,M09304,L,299.4,311.5,1678,48.7,169,0,0,0,0,0,0
9305,L09305,H,299.2,310.3,2777,26.2,117,0,0,0,0,0,0
9306,M09306,L,298.4,309.3,1778,38.4,74,0,0,0,0,0,0
9307,M09307,L,302.0,311.8,2560,26.2,64,0,0,0,0,0,0
9308,H09308,L,298.8,309.5,2576,36.7,204,0,0,0,0,0,0
9309,M09309,H,303.7,309.2,2531,29.9,83,0,0,0,0,0,0
9310,H09310,H,297.4,310.3,2392,30.1,33,0,0,0,0,0,0
9311,M09311,M,302.3,309.0,2638,40.5,96,0,0,0,0,0,0
9312,L09312,L,295.6,309.5,2141,56.1,13,0,0,0,0,0,0
9313,M09313,L,299.7,310.6,2594,43.4,180,0,0,0,0,0,0
9314,M09314,L,298.8,312.9,2322,42.6,75,0,0,0,0,0,0
9315,H09315,L,300.9,310.6,2530,25.8,202,0,0,0,0,0,0
9316,H09316,M,301.6,311.2,2224,57.1,0,0,0,0,0,0,0
9317,H09317,L,303.9,309.5,1203,42.1,237,0,0,0,0,0,0
9318,M09318,L,298.9,310.3,2312,51.1,7,0,0,0,0,0,0
9319,M09319,L,298.5,308.1,2843,35.6,145,0,0,0,0,0,0
9320,L09320,L,301.8,308.7,1898,46.6,132,1,0,0,0,0,0
9321,M09321,L,299.7,310.2,2286,25.9,126,0,0,0,0,0,0
9322,L09322,L,298.7,310.4,1576,43.2,127,1,0,1,0,0,0
9323,H09323,L,299.1,310.8,1647,47.3,222,0,0,0,0,0,0
9324,H09324,L,298.6,309.8,2465,56.8,66,0,0,0,0,0,0
9325,H09325,H,296.7,311.5,1495,60.4,149,0,0,0,0,0,0
9326,L09326,L,303.1,310.6,1660,48.2,133,0,0,0,0,0,0
9327,M09327,L,301.0,308.2,1590,28.1,87,0,0,0,0,0,0
9328,H09328,L,296.8,308.2,2805,35.2,154,0,0,0,0,0,0
9329,M09329,M,303.0,310.1,2776,35.4,212,0,0,0,0,0,0
9330,M09330,M,300.4,309.8,2071,52.2,36,0,0,0,0,0,0
9331,H09331,L,299.6,310.2,1871,39.9,244,0,0,1,0,0,0
9332,L09332,L,301.1,309.7,2654,42.9,120,1,0,0,0,0,0
9333,M09333,H,299.1,309.4,1377,60.3,225,0,0,0,0,0,0
9334,H09334,M,297.4,309.3,2146,38.9,34,0,0,0,0,0,0
9335,M09335,L,298.9,309.9,1759,29.9,126,0,0,0,0,0,0
9336,M09336,L,299.9,310.8,1977,45.3,35,0,0,0,0,0,0
9337,M09337,L,298.2,308.9,2263,31.0,188,0,0,0,0,0,0
9338,M09338,M,301.0,309.9,1939,32.3,246,0,0,0,0,0,0
9339,M09339,L,302.6,311.4,2709,39.8,217,0,0,0,0,0,0
9340,L09340,L,299.3,308.3,1545,62.3,123,0,0,0,0,0,0
9341,L09341,L,295.4,310.6,2248,36.8,0,0,0,0,0,0,0
9342,H09342,L,299.7,309.8,1977,46.3,175,0,0,0,0,0,0
9343,L09343,M,298.3,309.2,2834,37.7,210,0,0,0,0,0,0
9344,L09344,H,299.6,309.4,2509,41.7,217,0,0,0,0,0,0
9345,L09345,L,299.5,311.0,2337,53.9,86,0,0,0,0,0,0
9346,M09346,M,298.3,309.9,2692,47.5,231,0,0,0,0,0,0
9347,M09347,L,297.3,308.9,2106,40.4,225,0,0,0,0,1,0
9348,H09348,M,300.0,309.1,1714,37.4,90,0,0,0,0,0,0
9349,H09349,M,298.5,309.5,1305,55.2,66,0,0,0,0,0,0
9350,H09350,H,303.5,310.9,1941,57.6,237,0,0,0,0,0,0
9351,M09351,H,300.5,309.5,1652,40.9,230,0,0,0,0,0,0
9352,L09352,L,298.5,310.0,1930,48.9,76,0,0,0,0,0,0
9353,L09353,M,299.1,309.3,1483,51.0,166,0,0,0,0,0,0
9354,M09354,L,299.7,309.6,1640,32.8,207,0,0,0,0,0,0
9355,H09355,L,300.2,309.8,2780,38.3,2,0,0,0,0,0,0
9356,H09356,L,301.2,309.1,1477,47.4,25,0,0,0,0,0,0
9357,H09357,L,302.3,309.2,1150,42.9,196,0,0,0,0,0,0
9358,M09358,M,299.9,309.5,2533,33.9,182,0,0,0,0,0,0
9359,H09359,L,300.9,311.5,1776,34.1,2,0,0,0,0,0,0
9360,H09360,M,300.9,310.1,2510,48.0,55,0,0,0,0,0,0
9361,M09361,M,300.2,309.1,2726,30.7,27,1,0,0,0,0,0
9362,L09362,M,299.6,310.8,1336,36.4,238,0,0,0,0,0,0
9363,M09363,L,300.3,310.9,1418,31.8,243,0,0,0,0,0,0
9364,M09364,L,298.7,309.1,2604,45.3,170,0,0,0,0,0,0
9365,M09365,L,297.7,311.6,2712,51.6,29,0,0,0,0,0,0
9366,M09366,L,302.9,310.4,1272,15.0,86,0,0,0,0,0,0
9367,L09367,M,300.4,310.4,1701,29.6,145,0,0,0,0,0,0
9368,H09368,M,300.5,310.4,2392,36.5,4,0,0,0,0,0,0
9369,M09369,L,299.6,310.3,2589,48.9,85,0,0,0,0,0,0
9370,L09370,M,301.0,309.9,2359,25.9,108,0,0,0,0,0,0
9371,H09371,L,299.6,310.6,1737,47.4,60,0,0,0,0,0,0
9372,H09372,L,297.0,309.7,2737,54.7,0,1,0,0,0,0,0
9373,H09373,L,298.9,311.6,2378,41.0,63,0,0,0,0,0,0
9374,M09374,L,301.2,308.0,1485,44.0,218,0,0,0,0,0,0
9375,M09375,M,298.8,309.1,1539,39.5,141,0,0,0,0,0,0
9376,H09376,M,296.3,310.4,1453,24.5,40,0,0,0,0,0,0
9377,H09377,M,299.4,309.9,2063,35.1,72,0,0,0,0,0,0
9378,H09378,L,296.5,309.5,1998,49.4,195,0,0,0,0,0,0
9379,H09379,L,299.4,310.2,2852,48.4,180,0,0,0,0,0,0
9380,H09380,L,302.4,308.8,2685,47.0,216,0,0,0,0,0,0
9381,H09381,H,297.5,309.0,2121,38.5,158,0,0,0,0,0,0
9382,L09382,L,301.3,309.9,1375,46.7,121,0,0,0,0,0,1
9383,H09383,L,303.4,310.4,1662,40.6,58,1,0,0,0,0,0
9384,M09384,M,302.5,309.3,2159,22.9,223,0,0,0,0,0,0
9385,M09385,M,299.5,308.2,1178,31.2,193,0,0,0,0,0,0
9386,M09386,M,298.2,310.2,1753,33.7,239,0,0,0,0,0,0
9387,H09387,H,300.3,310.5,2114,27.4,36,0,0,0,0,0,0
9388,M09388,L,300.4,308.9,2130,39.1,243,0,0,0,0,0,0
9389,L09389,L,301.8,309.6,1764,47.4,49,1,0,0,0,0,0
9390,H09390,L,300.1,310.9,2156,58.4,193,0,0,0,0,0,0
9391,M09391,L,300.8,308.8,2685,33.6,13,0,0,0,0,0,0
9392,L09392,L,298.2,310.0,2162,33.8,142,0,0,0,0,0,0
9393,L09393,L,301.5,309.3,2808,49.2,24,0,0,0,0,0,0
9394,M09394,M,297.4,312.2,2787,33.5,201,0,0,0,0,0,0
9395,L09395,L,298.7,308.8,2527,51.2,91,0,0,0,0,0,0
9396,M09396,L,301.2,308.2,1874,40.2,239,0,0,0,0,0,0
9397,L09397,M,302.6,310.6,1621,36.8,7,0,0,0,0,0,0
9398,H09398,L,301.4,309.7,1838,37.7,185,0,0,0,0,0,0
9399,H09399,M,299.9,309.0,1464,57.5,121,0,0,0,0,0,0
9400,H09400,H,300.0,309.5,2058,39.4,247,0,0,0,0,0,0
9401,H09401,M,298.2,311.5,1706,27.3,183,0,0,0,0,0,0
9402,H09402,L,299.3,310.0,2091,58.4,244,0,0,0,0,0,0
9403,M09403,H,296.2,311.5,1428,47.9,141,0,0,0,0,0,0
9404,H09404,L,303.3,308.8,2461,42.2,83,0,0,0,0,0,0
9405,H09405,M,304.4,311.1,1989,11.0,41,0,0,0,0,0,0
9406,H09406,L,296.1,309.0,1516,33.6,12,0,0,0,0,0,0
9407,H09407,L,297.1,311.2,1480,39.2,18,0,0,0,1,0,0
9408,L09408,H,302.7,311.1,1546,26.8,33,0,0,0,0,0,0
9409,H09409,L,298.4,309.0,1937,35.2,217,0,0,0,0,0,0
9410,H09410,M,302.8,310.4,1534,29.7,100,0,0,0,0,0,0
9411,M09411,L,301.5,310.2,2751,43.1,173,0,0,0,0,0,0
9412,L09412,M,299.4,310.9,2684,48.4,215,0,0,0,0,0,0
9413,M09413,H,301.9,308.9,1707,47.7,116,0,0,0,0,0,0
9414,H09414,L,299.9,309.6,2203,47.6,54,0,0,0,0,0,0
9415,M09415,L,299.9,310.0,2370,33.4,212,0,0,0,0,0,0
9416,M09416,M,301.1,311.5,1412,57.2,191,0,0,0,0,0,0
9417,H09417,H,301.6,310.1,1557,42.7,249,0,0,0,0,0,0
9418,L09418,L,302.0,309.0,2268,20.3,184,1,0,0,0,0,0
9419,L09419,M,304.7,310.3,2093,45.6,215,0,0,0,0,0,0
9420,M09420,L,300.7,309.0,2139,31.8,199,1,0,0,0,0,0
9421,H09421,L,302.6,308.3,2216,37.6,191,0,0,0,0,0,0
9422,M09422,L,302.5,309.8,1996,42.6,96,0,0,0,0,0,0
9423,M09423,M,301.4,310.3,2209,44.0,132,0,0,0,0,0,0
9424,M09424,M,298.9,310.2,2631,50.6,216,0,0,0,0,0,0
9425,H09425,L,302.2,310.1,2302,42.0,42,0,0,0,0,0,0
9426,H09426,L,300.9,311.8,2692,53.3,103,0,0,0,0,0,0
9427,L09427,M,297.4,311.6,2217,35.9,16,0,0,0,0,0,0
9428,H09428,L,302.0,309.2,2234,50.8,88,0,0,0,0,0,0
9429,M09429,H,296.7,310.9,2711,27.1,233,0,0,0,0,0,0
9430,M09430,L,301.3,312.3,2536,27.0,173,0,0,0,0,0,0
9431,L09431,L,298.9,311.8,2024,45.0,160,0,0,0,0,0,0
9432,H09432,L,300.3,311.0,2294,27.8,68,1,0,0,0,0,0
9433,M09433,M,297.2,309.9,1646,48.9,14,0,0,0,0,0,0
9434,L09434,H,298.6,308.7,1307,44.0,41,0,0,0,0,0,0
9435,L09435,L,299.0,309.0,2430,50.2,142,0,0,0,0,0,0
9436,M09436,L,299.7,310.5,2748,47.1,192,0,0,0,0,0,0
9437,M09437,L,298.8,310.3,1420,51.2,190,0,0,0,0,0,0
9438,H09438,M,300.7,310.1,2484,50.8,55,0,0,0,0,0,0
9439,L09439,M,301.0,310.9,1462,42.3,170,0,1,0,0,0,0
9440,M09440,H,299.1,311.2,2290,39.2,81,0,0,0,0,0,0
9441,L09441,M,300.1,311.2,1494,51.2,197,0,0,0,0,0,0
9442,H09442,M,301.1,310.7,2351,57.9,33,0,0,0,0,0,0
9443,M09443,L,295.5,310.5,1266,37.4,193,0,0,0,0,0,0
9444,H09444,L,300.9,309.5,2849,51.4,208,0,0,0,0,0,0
9445,L09445,M,298.7,310.1,2170,37.8,117,0,0,0,0,0,0
9446,H09446,L,294.7,310.4,2338,36.6,68,0,0,0,0,0,0
9447,H09447,L,299.2,309.9,1323,46.1,19,1,0,0,0,0,0
9448,L09448,L,298.0,308.4,2804,48.1,141,0,0,0,0,0,0
9449,H09449,L,299.1,310.3,1898,45.9,203,0,0,0,0,0,0
9450,L09450,L,300.9,309.9,1304,41.6,67,0,0,0,0,0,0
9451,M09451,L,301.7,309.9,2832,41.9,40,0,0,0,0,0,0
9452,L09452,L,302.6,310.6,1744,27.2,186,0,0,0,0,0,0
9453,L09453,L,302.7,310.6,2683,41.3,49,0,0,0,0,0,0
9454,M09454,L,297.9,311.2,1459,53.6,201,0,0,0,0,1,0
9455,L09455,M,302.4,310.6,1383,51.6,166,0,0,0,0,0,0
9456,M09456,L,297.6,309.6,2524,34.0,157,0,0,0,0,0,0
9457,M09457,M,302.1,311.3,1311,46.1,164,0,0,0,0,0,0
9458,L09458,M,301.1,311.5,2764,45.0,46,0,0,0,0,0,0
9459,H09459,M,300.3,310.0,1840,57.0,125,0,0,0,0,0,0
9460,H09460,M,298.2,311.2,1441,49.4,217,0,0,0,0,0,0
9461,M09461,L,302.4,310.2,1276,43.5,172,0,0,0,0,0,0
9462,H09462,L,298.0,311.1,1842,47.0,237,0,0,0,0,0,0
9463,H09463,M,300.0,311.3,1751,33.3,56,0,0,0,0,0,0
9464,L09464,L,300.1,309.4,2267,43.1,131,0,0,0,0,0,0
9465,M09465,L,296.6,311.4,2619,60.6,5,0,0,0,0,0,0
9466,M09466,L,300.3,310.0,2262,40.8,142,0,0,0,0,0,0
9467,L09467,H,297.8,310.4,1537,36.4,108,0,0,0,0,0,0
9468,H09468,L,302.9,311.1,1929,52.9,172,0,0,0,0,0,0
9469,M09469,L,305.4,309.7,1398,36.8,81,0,0,0,0,0,0
9470,H09470,H,298.5,311.0,1330,31.1,80,0,0,0,0,0,0
9471,M09471,M,299.2,310.2,2234,55.5,187,0,0,0,0,0,0
9472,M09472,L,300.3,309.5,2320,35.6,224,0,0,0,0,0,0
9473,M09473,H,295.9,310.6,2804,39.5,99,0,0,0,0,0,0
9474,M09474,L,303.3,311.3,1845,37.8,106,0,0,0,0,0,0
9475,H09475,M,299.4,310.1,1430,59.3,88,0,0,0,0,0,0
9476,H09476,L,299.2,309.0,2739,20.0,114,1,0,0,0,0,0
9477,H09477,L,301.4,309.7,2285,46.0,155,0,0,0,0,0,0
9478,H09478,M,300.2,309.3,1446,27.5,76,0,0,0,0,0,0
9479,L09479,L,300.3,312.3,1840,50.8,31,0,0,0,0,0,0
9480,M09480,L,301.7,309.1,1711,34.7,175,0,0,1,0,0,0
9481,M09481,M,299.7,307.7,2290,37.4,146,0,0,0,0,0,0
9482,M09482,L,297.8,309.6,2200,37.6,30,0,0,0,0,0,0
9483,L09483,H,302.4,310.2,2605,41.0,206,0,1,0,0,0,0
9484,H09484,L,298.8,310.0,1460,30.7,187,0,0,0,0,0,0
9485,M09485,L,298.9,310.2,2024,50.7,43,0,0,0,0,0,0
9486,H09486,M,300.5,308.7,1539,34.0,150,0,0,0,0,0,0
9487,H09487,L,297.4,310.1,2848,35.8,231,0,0,0,0,0,0
9488,L09488,L,300.5,309.0,2635,30.0,26,0,0,0,0,0,0
9489,L09489,L,301.9,310.9,1155,50.3,245,0,0,0,0,0,0
9490,H09490,H,303.2,308.9,1852,38.2,128,0,0,0,0,0,0
9491,M09491,L,301.5,309.9,2160,55.5,149,0,0,0,0,0,0
9492,M09492,L,302.1,309.2,1679,9.4,135,0,0,0,0,0,0
9493,L09493,L,298.7,311.0,1308,48.2,68,0,0,0,0,0,0
9494,L09494,L,301.7,309.5,2481,28.1,23,0,0,0,0,0,0
9495,L09495,L,299.6,308.9,2829,32.7,123,0,0,0,0,0,0
9496,L09496,M,302.3,311.1,2101,40.0,32,0,0,0,0,0,0
9497,L09497,H,300.2,308.0,2368,46.7,139,0,0,0,0,0,0
9498,L09498,L,302.2,310.7,2652,68.3,3,1,0,0,0,0,0
9499,L09499,L,300.3,310.3,1379,32.6,63,0,0,0,0,0,0
9500,M09500,H,298.5,312.5,2679,33.4,206,0,0,0,0,0,0
9501,L09501,L,300.1,310.7,2510,33.7,59,0,0,0,0,0,0
9502,L09502,L,299.3,310.5,1841,36.1,136,0,0,0,0,0,0
9503,M09503,H,302.6,309.1,1282,50.4,41,0,0,0,0,0,0
9504,M09504,M,297.3,309.8,2098,40.9,52,0,0,0,0,0,0
9505,H09505,L,296.6,310.3,2830,56.6,204,0,0,0,0,0,0
9506,L09506,L,300.6,311.4,1308,53.7,201,0,0,0,0,0,0
9507,L09507,L,299.4,309.2,2445,47.0,59,0,0,0,0,0,0
9508,L09508,L,297.7,308.2,1682,36.6,105,0,0,0,0,0,0
9509,L09509,M,299.9,310.1,1830,22.0,141,0,0,0,0,0,0
9510,H09510,L,300.5,308.4,1444,39.0,50,0,0,0,0,0,0
9511,M09511,M,302.5,310.8,2086,32.4,242,0,0,0,0,0,0
9512,M09512,L,296.3,311.5,1970,39.4,120,0,0,0,0,0,0
9513,L09513,L,300.4,311.0,2503,36.8,64,0,0,0,0,0,0
9514,L09514,L,303.3,309.5,1430,36.2,154,0,0,0,0,0,0
9515,L09515,M,303.2,311.6,2610,39.9,21,0,0,0,0,0,0
9516,H09516,M,300.2,309.2,2237,22.5,21,0,0,0,0,0,0
9517,H09517,L,298.8,309.0,1508,35.0,217,0,0,0,0,0,0
9518,M09518,L,299.5,311.4,2162,52.7,191,0,0,0,0,0,0
9519,L09519,M,298.0,309.6,2402,50.1,126,0,0,0,0,0,0
9520,L09520,L,299.1,310.2,2787,39.8,23,0,0,0,0,0,0
9521,L09521,L,300.2,311.0,2420,23.4,29,0,0,0,0,0,0
9522,L09522,L,300.9,308.9,2265,37.0,39,0,0,0,0,0,0
9523,H09523,L,301.7,309.5,1996,34.6,80,0,0,0,0,0,0
9524,M09524,M,299.8,309.4,1797,41.8,150,0,0,0,0,0,0
9525,M09525,L,299.6,309.8,1150,41.5,137,0,0,0,0,0,0
9526,H09526,M,301.8,309.3,1464,44.9,32,0,0,0,0,0,0
9527,L09527,M,299.3,310.4,2464,26.1,71,1,0,0,0,0,0
9528,M09528,H,301.4,310.4,2419,21.2,4,0,0,0,0,0,0
9529,M09529,L,296.7,310.0,2413,35.6,225,0,0,0,0,0,0
9530,H09530,L,300.9,310.2,1630,29.6,242,0,0,0,0,0,0
9531,L09531,L,304.2,309.3,2445,41.9,154,0,0,0,0,0,0
9532,M09532,L,298.1,310.0,1803,40.7,61,0,0,0,0,0,0
9533,L09533,M,302.9,308.3,2690,27.5,222,0,0,0,0,0,0
9534,M09534,M,301.4,311.0,1997,42.8,152,0,0,0,0,0,0
9535,H09535,M,301.7,309.4,1938,46.9,193,0,0,0,0,0,0
9536,L09536,L,301.3,309.5,1463,56.1,19,0,0,0,0,0,0
9537,H09537,L,298.7,309.1,2742,28.7,118,0,0,0,0,0,0
9538,M09538,L,297.4,310.1,1288,38.0,119,1,0,0,0,0,0
9539,H09539,M,300.9,309.5,1647,34.0,42,0,0,0,0,0,0
9540,H09540,L,299.8,310.6,2500,59.0,66,0,0,0,0,0,0
9541,H09541,L,297.2,309.0,1270,22.4,185,0,0,0,0,0,0
9542,M09542,L,299.1,310.1,2565,47.5,249,0,0,0,0,0,0
9543,L09543,H,297.9,310.4,1614,35.9,168,0,0,0,0,0,0
9544,H09544,M,303.8,310.8,2139,29.9,231,0,0,0,0,0,0
9545,L09545,H,301.7,310.7,2059,38.0,63,0,0,0,0,0,0
9546,M09546,M,298.0,309.1,2350,42.1,101,0,0,0,0,0,0
9547,L09547,L,301.0,310.1,1513,21.3,45,0,0,0,0,0,0
9548,H09548,L,297.7,309.9,2671,37.3,187,0,0,0,0,0,0
9549,H09549,L,296.4,309.0,1310,36.9,231,0,0,0,0,0,0
9550,H09550,L,298.6,310.0,1813,24.1,142,0,0,0,0,0,0
9551,H09551,M,299.7,308.6,2116,48.3,26,0,0,0,0,0,0
9552,H09552,L,300.8,310.2,1699,29.9,185,0,0,0,0,0,0
9553,H09553,L,301.7,311.2,2508,52.6,151,0,0,0,0,0,0
9554,M09554,L,299.3,311.0,2223,34.2,162,0,0,0,0,0,0
9555,M09555,L,301.3,310.4,1896,18.5,22,0,0,0,0,0,0
9556,M09556,M,296.8,310.3,1238,55.1,7,0,0,0,0,0,0
9557,L09557,L,302.9,309.9,2749,27.5,123,0,0,0,0,0,0
9558,L09558,L,296.9,312.2,2042,33.9,213,0,0,0,0,0,0
9559,M09559,L,299.0,309.8,1870,32.8,143,0,0,0,0,0,0
9560,L09560,L,298.6,308.7,2398,34.5,197,1,0,0,0,0,0
9561,L09561,L,297.1,310.8,1535,41.6,230,0,0,0,0,0,0
9562,H09562,L,300.7,310.5,2340,51.6,188,0,0,0,0,0,0
9563,H09563,M,303.4,308.9,1803,19.8,108,0,0,0,0,0,0
9564,L09564,L,296.4,309.6,1486,38.1,243,0,0,0,0,1,0
9565,L09565,L,295.4,310.2,1739,50.3,185,0,0,0,0,0,0
9566,M09566,M,298.3,309.4,1584,40.5,156,0,0,0,0,0,0
9567,L09567,L,299.5,310.9,2695,42.9,62,0,0,0,0,0,0
9568,H09568,L,301.5,309.2,2421,50.6,153,0,0,0,0,0,0
9569,L09569,H,299.0,309.7,2217,24.7,136,0,0,0,0,0,0
9570,M09570,M,296.3,309.6,1636,41.7,146,0,0,0,0,0,0
9571,H09571,M,302.6,310.5,2650,48.2,70,0,0,0,0,0,0
9572,H09572,L,298.2,310.6,1258,44.5,111,0,0,0,0,0,0
9573,H09573,L,301.3,310.4,1849,34.0,24,0,0,0,0,0,0
9574,H09574,L,297.7,308.2,2243,22.1,23,0,0,0,0,0,0
9575,L09575,L,299.6,310.2,1692,42.9,38,0,0,0,0,0,0
9576,M09576,H,300.7,310.5,1954,34.3,174,0,0,0,0,0,0
9577,L09577,L,298.3,310.6,1832,45.9,188,0,0,0,0,0,0
9578,L09578,L,300.8,309.8,2282,32.0,100,0,0,0,0,0,0
9579,H09579,H,299.3,310.0,1758,53.8,225,0,0,0,0,0,0
9580,M09580,M,299.1,309.4,1988,50.3,156,0,0,0,0,0,0
9581,H09581,H,303.0,311.3,1699,27.4,97,0,0,0,0,0,0
9582,L09582,M,300.7,308.7,1413,56.5,19,0,0,0,0,0,0
9583,L09583,L,301.0,310.5,1439,26.6,4,0,0,0,0,0,0
9584,H09584,M,301.5,309.0,1294,46.1,235,0,0,0,0,0,0
9585,L09585,L,301.2,309.5,1678,37.5,163,0,0,0,0,0,0
9586,L09586,L,300.7,310.0,1243,38.7,221,0,0,0,0,0,0
9587,H09587,M,302.5,308.0,1487,50.9,122,0,0,1,0,0,0
9588,L09588,M,298.1,308.6,2738,43.6,189,0,0,0,0,0,0
9589,M09589,M,300.3,308.4,2148,27.5,177,0,0,0,0,0,0
9590,H09590,H,299.4,310.4,2794,34.8,19,0,0,0,0,0,0
9591,M09591,M,300.3,311.0,2742,44.8,138,0,0,0,0,0,0
9592,L09592,L,298.6,308.4,2833,50.7,124,0,0,0,0,0,0
9593,L09593,M,296.8,309.8,2234,48.5,212,0,0,0,0,0,0
9594,H09594,M,301.6,310.3,2710,37.9,147,0,0,0,0,0,0
9595,L09595,H,304.8,310.3,1227,36.4,5,0,0,0,0,0,0
9596,H09596,L,302.2,312.0,2712,60.0,172,0,0,0,0,0,0
9597,H09597,L,301.7,310.2,2604,49.0,25,0,0,0,0,0,0
9598,H09598,M,300.5,309.1,1248,38.1,150,0,0,0,0,0,0
9599,H09599,L,299.7,310.7,2713,40.3,132,0,0,0,0,0,0
9600,H09600,L,299.8,311.6,1795,29.5,152,0,1,0,0,0,0
9601,M09601,L,299.8,308.7,1958,36.6,220,0,0,0,0,0,0
9602,H09602,L,298.7,310.5,2488,34.2,3,0,0,0,0,0,0
9603,M09603,M,296.7,310.0,2396,36.2,90,0,0,0,0,0,0
9604,L09604,L,300.4,309.0,2362,51.1,137,0,0,0,0,0,0
9605,H09605,M,299.4,309.4,2125,27.2,161,0,0,0,0,0,0
9606,L09606,L,302.3,311.6,1454,38.1,90,0,0,0,0,0,0
9607,H09607,L,301.5,310.8,2025,30.5,185,0,0,0,0,0,0
9608,M09608,L,295.9,310.4,1505,42.6,7,0,0,0,0,0,0
9609,M09609,M,303.4,308.5,1922,53.5,125,0,0,0,0,0,0
9610,M09610,L,299.0,310.7,2653,47.1,179,0,0,0,0,0,0
9611,L09611,M,299.3,311.1,1928,42.2,115,0,0,0,0,0,0
9612,H09612,M,296.6,308.6,1189,50.1,98,0,0,0,0,0,0
9613,L09613,M,300.5,310.0,1625,49.0,27,0,0,0,0,0,0
9614,M09614,M,300.8,311.0,2287,35.7,136,0,1,0,0,0,0
9615,L09615,L,303.4,310.9,2499,22.9,243,0,0,0,0,1,0
9616,M09616,L,301.7,310.6,1828,51.6,161,0,0,0,0,0,0
9617,M09617,L,299.0,310.0,1987,28.2,186,0,0,0,0,0,0
9618,M09618,L,296.5,311.1,2795,28.4,221,0,0,0,0,0,0
9619,H09619,M,298.8,310.2,1681,37.3,144,0,0,0,0,0,0
9620,H09620,M,302.1,310.6,1379,34.2,123,0,0,0,0,0,0
9621,M09621,L,299.2,310.3,2561,28.2,32,0,0,0,0,0,0
9622,L09622,L,297.8,308.9,2134,39.1,55,0,0,0,0,0,0
9623,L09623,H,300.3,309.1,1930,37.1,60,0,0,0,0,1,0
9624,H09624,L,299.3,308.5,2478,44.8,220,0,0,0,0,0,0
9625,M09625,M,299.1,309.6,1225,40.1,112,0,0,0,0,0,0
9626,L09626,L,298.5,310.8,1414,43.2,36,0,0,0,0,0,0
9627,M09627,L,300.2,310.3,1464,38.5,12,0,0,0,0,0,0
9628,L09628,M,302.1,310.0,1777,43.3,156,0,0,0,0,0,0
9629,H09629,L,301.0,311.4,2688,35.9,39,0,0,0,0,0,0
9630,M09630,M,296.1,309.7,2141,38.7,102,0,0,0,0,0,0
9631,M09631,H,303.1,310.6,2696,31.5,54,0,0,0,0,0,0
9632,L09632,M,301.5,309.7,2434,31.3,13,0,0,0,0,0,0
9633,L09633,M,300.6,308.5,2542,40.5,7,0,0,0,0,0,0
9634,L09634,L,300.8,309.2,2837,58.3,159,0,0,0,0,0,0
9635,M09635,M,301.2,309.2,1231,44.3,138,0,0,0,0,0,0
9636,H09636,M,300.8,308.6,2810,35.1,226,0,0,0,0,0,0
9637,H09637,H,298.1,309.8,1379,25.3,68,0,0,0,0,0,0
9638,L09638,M,301.0,309.3,1795,47.1,177,0,0,0,0,0,0
9639,H09639,M,300.3,311.5,2771,51.5,164,0,0,0,0,0,0
9640,L09640,L,300.8,309.8,1447,45.1,44,0,0,0,0,0,0
9641,H09641,M,298.7,309.2,2728,44.6,196,0,0,0,0,0,0
9642,M09642,M,302.2,308.9,1430,25.9,65,0,0,0,0,0,0
9643,L09643,M,298.9,308.9,1617,41.3,153,0,0,0,0,0,0
9644,H09644,L,299.9,310.9,1679,34.1,29,0,0,0,0,0,0
9645,M09645,H,299.0,311.0,1557,46.1,76,0,0,0,0,0,0
9646,H09646,L,298.0,308.0,2124,29.3,123,0,0,0,0,0,0
9647,M09647,L,301.4,312.2,1372,39.3,37,0,0,0,0,0,0
9648,M09648,M,299.0,310.1,1918,47.5,240,0,0,0,0,0,0
9649,H09649,M,300.3,311.0,2188,32.8,103,0,0,0,0,0,0
9650,H09650,L,297.2,309.2,1843,36.3,154,0,0,0,0,0,0
9651,M09651,M,296.4,309.0,1695,48.7,80,0,0,0,0,0,0
9652,M09652,L,303.5,309.8,2353,57.6,178,0,0,1,0,0,1
9653,M09653,L,303.2,310.4,2175,47.2,142,0,0,0,0,0,0
9654,L09654,L,298.8,310.2,1300,40.7,61,0,0,0,0,0,0
9655,M09655,M,300.9,311.2,2283,33.8,96,0,0,0,0,0,0
9656,L09656,L,299.1,308.2,2480,37.7,29,0,0,0,0,0,0
9657,M09657,L,301.3,310.9,2570,46.6,159,1,0,0,0,0,0
9658,L09658,M,297.8,310.5,1767,34.8,177,0,0,0,0,0,1
9659,M09659,L,297.6,310.3,1916,35.4,6,0,0,0,0,0,0
9660,M09660,M,300.0,308.7,1163,27.2,38,0,0,0,0,0,0
9661,M09661,M,300.8,309.2,2446,60.2,188,0,0,0,0,0,0
9662,H09662,M,298.6,310.6,2551,49.7,15,0,0,0,0,0,0
9663,H09663,L,297.4,307.5,1805,36.0,202,0,0,0,0,0,0
9664,M09664,L,302.5,308.1,2077,53.6,164,0,0,0,0,0,0
9665,L09665,M,299.1,310.5,1356,43.9,52,0,0,0,0,0,0
9666,L09666,L,299.1,310.6,1768,30.8,77,0,0,0,0,0,0
9667,M09667,L,302.5,309.3,2420,34.6,150,0,0,0,0,0,0
9668,H09668,L,304.5,309.3,1884,29.9,121,0,0,0,0,0,0
9669,L09669,L,300.7,311.0,1929,43.4,186,0,0,0,0,0,0
9670,H09670,H,301.8,310.9,2560,61.5,94,0,0,0,0,0,0
9671,L09671,M,297.7,309.7,2248,39.9,27,0,0,0,0,0,0
9672,M09672,L,301.5,308.8,2216,33.7,233,0,0,0,0,0,0
9673,H09673,L,301.7,311.5,2306,38.3,196,0,0,0,0,0,0
9674,L09674,H,298.1,308.7,1580,57.0,87,0,0,0,0,0,0
9675,M09675,L,298.9,310.7,1944,47.5,178,0,0,0,0,0,0
9676,M09676,M,302.4,311.2,2609,41.7,209,0,0,0,0,0,0
9677,M09677,L,299.4,310.0,1205,24.3,249,0,0,0,0,0,0
9678,H09678,M,302.8,309.4,1357,42.4,195,0,0,0,0,0,0
9679,H09679,M,300.0,308.4,1888,32.7,214,0,0,1,0,0,0
9680,M09680,L,299.9,310.1,1253,54.0,200,0,0,0,0,0,0
9681,H09681,L,302.0,308.5,1613,30.2,114,0,0,0,0,0,0
9682,L09682,L,304.1,310.3,1619,31.7,138,0,0,0,0,0,0
9683,M09683,H,301.3,308.0,1729,45.8,34,0,0,0,0,0,0
9684,M09684,L,300.3,308.3,1399,40.8,138,0,0,0,0,0,0
9685,H09685,M,302.5,310.1,2141,31.9,198,0,1,0,0,0,0
9686,M09686,L,302.7,310.8,1752,28.9,16,0,0,0,0,0,0
9687,L09687,M,301.1,309.7,1932,58.3,54,0,0,0,0,0,0
9688,H09688,M,300.8,311.1,1552,39.1,81,0,0,0,0,0,0
9689,H09689,L,301.4,309.4,1175,41.1,25,0,0,0,0,0,0
9690,M09690,L,297.1,312.2,1868,41.1,46,0,0,0,0,0,0
9691,M09691,L,297.9,308.7,2090,21.6,240,0,0,0,0,0,0
9692,M09692,M,300.5,309.3,1159,48.5,25,0,0,0,0,0,0
9693,H09693,L,298.5,311.4,2783,33.7,56,0,0,0,0,0,0
9694,M09694,L,300.1,309.7,1763,33.6,208,0,0,0,0,0,0
9695,L09695,H,300.4,310.9,2670,40.5,119,0,0,0,0,0,0
9696,M09696,L,298.0,308.7,2583,18.8,201,0,0,0,0,0,0
9697,M09697,M,301.2,309.0,2309,22.5,221,0,0,0,0,0,0
9698,H09698,L,296.2,310.6,1997,48.4,78,0,0,0,0,0,0
9699,M09699,L,299.4,308.6,1370,46.6,246,0,0,0,0,0,0
9700,H09700,L,296.9,308.8,1693,32.0,175,0,0,0,0,0,0
9701,M09701,M,299.4,309.9,2450,51.1,238,0,0,0,0,0,0
9702,L09702,L,301.9,311.3,1245,53.5,25,0,0,0,0,0,0
9703,L09703,M,298.5,310.4,2612,26.5,40,0,0,0,0,0,0
9704,H09704,L,296.0,309.8,2681,43.4,155,1,0,0,0,0,0
9705,H09705,L,299.5,310.2,1929,34.7,244,0,0,0,0,0,0
9706,M09706,H,298.3,308.3,1764,15.5,146,0,0,0,0,0,0
9707,M09707,L,300.0,309.4,2360,26.8,0,0,0,0,0,0,0
9708,L09708,L,299.5,310.4,1991,43.6,33,0,0,0,0,0,0
9709,M09709,L,300.4,310.2,2210,30.8,101,0,0,0,0,0,0
9710,L09710,M,302.3,310.6,2383,51.0,87,0,0,0,0,0,0
9711,H09711,M,299.2,310.7,2029,41.9,168,0,0,0,0,0,0
9712,M09712,L,300.2,310.2,2588,61.2,87,0,0,0,0,0,0
9713,H09713,L,299.4,307.5,1280,23.9,209,1,0,0,0,0,0
9714,M09714,M,302.0,310.3,1247,57.1,64,0,0,0,0,0,0
9715,L09715,H,300.3,309.5,2616,50.7,73,0,0,0,0,0,0
9716,H09716,L,301.0,309.6,2718,38.4,3,0,0,0,0,0,0
9717,H09717,M,301.5,309.6,2209,54.5,141,0,0,0,0,0,0
9718,M09718,L,296.1,310.3,2119,38.8,190,0,0,0,0,0,0
9719,H09719,L,301.6,308.5,2688,55.8,20,0,0,0,0,0,0
9720,L09720,L,300.8,308.3,2816,31.7,63,0,0,0,0,0,0
9721,H09721,L,298.7,308.8,2393,41.6,153,0,0,0,0,0,0
9722,H09722,L,302.6,310.9,2535,38.9,101,0,0,0,0,0,0
9723,M09723,H,302.0,309.6,2104,27.1,243,0,0,0,0,0,0
9724,H09724,L,299.6,310.5,1843,31.1,68,0,0,0,0,0,0
9725,M09725,L,295.9,310.5,1177,42.2,206,0,0,0,0,0,0
9726,M09726,L,299.9,310.4,2054,38.1,151,0,0,0,0,0,0
9727,H09727,M,298.0,310.5,2711,43.2,9,0,0,0,0,0,0
9728,L09728,H,295.6,309.5,1818,31.5,98,0,0,0,1,0,0
9729,M09729,L,301.2,310.7,1671,29.7,208,0,0,0,0,0,0
9730,H09730,L,303.1,310.4,2072,34.4,31,0,0,0,0,0,0
9731,M09731,L,299.8,308.4,1258,42.5,72,0,0,0,0,0,0
9732,L09732,L,300.5,310.1,1979,37.9,158,0,0,0,0,0,0
9733,L09733,L,302.7,309.9,1757,35.7,232,0,0,0,0,0,0
9734,M09734,L,300.4,310.5,1807,46.8,142,0,0,0,0,0,0
9735,L09735,M,298.8,310.0,2354,44.5,177,0,0,0,0,0,0
9736,H09736,L,295.5,309.8,1359,44.5,2,0,0,0,0,0,0
9737,H09737,L,301.6,311.6,1491,39.2,103,0,0,0,0,0,0
9738,M09738,L,300.8,310.6,2830,32.9,34,0,0,0,0,0,0
9739,L09739,M,301.9,310.0,2222,27.4,114,0,0,0,0,0,0
9740,H09740,L,295.1,308.9,2646,36.8,53,0,0,0,0,0,0
9741,H09741,L,304.2,310.1,1815,41.1,204,0,0,0,0,0,0
9742,H09742,M,298.4,309.1,1922,48.7,85,0,0,0,0,0,0
9743,M09743,L,302.2,308.3,1478,37.1,111,0,0,0,0,0,0
9744,M09744,L,296.2,309.6,1705,28.2,198,0,0,0,0,0,0
9745,H09745,L,298.5,309.7,2409,26.4,249,0,0,0,0,0,0
9746,H09746,H,298.9,311.0,2614,42.1,83,0,0,0,0,0,0
9747,L09747,L,298.0,311.0,2294,48.0,100,0,0,0,0,0,0
9748,L09748,H,298.4,310.7,1397,26.8,153,0,0,0,0,0,0
9749,L09749,L,303.2,309.9,2692,51.6,82,0,0,0,0,0,0
9750,M09750,L,299.3,309.9,2193,28.5,221,0,0,0,0,0,0
9751,H09751,M,304.3,310.6,1845,32.9,97,0,0,0,0,0,0
9752,M09752,L,302.1,310.6,1652,50.2,34,0,0,0,0,0,0
9753,H09753,L,296.0,310.4,1513,35.2,155,0,0,0,0,0,0
9754,L09754,L,299.3,310.5,1638,38.6,98,0,0,0,0,0,0
9755,L09755,M,299.2,309.9,2373,44.0,225,0,0,0,0,0,0
9756,L09756,L,298.1,309.7,2576,51.9,239,0,0,0,0,0,0
9757,L09757,L,302.4,307.8,2418,39.1,112,0,0,0,0,0,0
9758,H09758,L,301.7,309.7,2656,41.1,122,0,0,0,0,0,0
9759,L09759,L,304.3,309.3,2749,38.3,143,0,0,0,0,0,0
9760,H09760,L,299.1,310.1,1961,26.1,175,0,0,0,0,0,0
9761,H09761,L,300.9,309.3,1814,52.8,242,0,0,0,0,0,0
9762,M09762,L,299.3,310.1,2190,10.7,223,0,0,0,0,0,0
9763,L09763,M,299.2,308.1,1188,43.0,80,0,0,0,0,0,0
9764,L09764,L,301.6,309.0,1814,51.5,87,0,0,0,0,0,0
9765,M09765,L,304.4,309.3,2016,53.0,68,0,0,0,0,0,0
9766,H09766,M,302.0,309.0,1444,31.7,203,0,0,0,0,0,0
9767,L09767,H,301.8,313.1,1188,44.0,149,0,0,0,0,0,0
9768,H09768,M,299.9,308.0,1336,31.3,11,0,0,0,0,0,0
9769,M09769,L,301.7,310.7,1899,33.1,92,0,0,0,0,0,0
9770,H09770,M,302.4,311.0,2111,51.4,57,0,0,0,0,0,0
9771,L09771,H,298.3,309.6,1933,40.8,230,0,0,0,0,0,0
9772,H09772,L,300.1,310.3,1458,42.6,38,0,0,0,0,0,0
9773,H09773,L,299.4,310.6,1511,48.6,163,0,0,0,0,0,0
9774,L09774,L,298.7,310.1,1611,50.7,5,0,0,0,0,0,0
9775,L09775,M,302.0,308.2,1818,38.2,175,0,0,0,0,0,0
9776,H09776,L,299.5,310.4,2404,23.4,7,0,0,0,0,0,0
9777,H09777,L,300.9,311.0,1855,37.0,69,0,0,1,0,0,0
9778,M09778,L,301.0,312.1,2423,46.2,54,0,0,0,0,0,0
9779,L09779,M,299.5,308.6,1927,24.3,93,1,0,0,0,0,0
9780,H09780,L,297.1,309.8,1151,35.1,60,0,0,0,0,0,0
9781,L09781,M,299.3,310.0,2648,35.9,82,0,0,0,0,0,0
9782,M09782,M,301.1,309.9,1802,42.4,93,0,0,0,0,0,0
9783,H09783,L,300.6,308.3,1331,33.6,216,0,0,0,0,0,0
9784,H09784,L,296.1,311.1,1151,40.4,137,0,0,0,0,0,0
9785,H09785,L,301.6,311.0,2343,28.5,47,0,0,0,0,0,0
9786,L09786,H,298.9,310.4,2443,44.8,65,0,0,0,0,0,0
9787,M09787,M,301.1,309.6,2126,44.3,109,0,0,0,0,0,0
9788,L09788,H,301.6,309.8,1456,73.6,106,0,0,0,0,0,0
9789,H09789,L,300.9,309.7,2025,29.9,151,0,0,0,0,0,0
9790,M09790,L,303.8,308.6,1198,35.9,119,0,0,0,0,0,0
9791,H09791,L,302.0,310.7,2595,53.1,27,0,0,0,0,0,0
9792,H09792,L,299.1,310.0,2145,24.0,33,1,0,0,0,0,0
9793,L09793,M,299.3,310.7,2458,67.5,56,0,0,0,0,0,0
9794,H09794,L,299.8,310.3,1529,35.0,66,0,0,0,0,0,0
9795,M09795,L,299.3,309.0,1940,24.7,25,0,0,0,0,0,0
9796,H09796,L,300.7,309.1,1940,44.3,190,0,0,0,0,0,0
9797,H09797,L,297.7,311.3,1653,40.6,149,1,0,0,0,0,0
9798,L09798,L,302.8,310.6,1933,30.0,223,0,0,0,0,0,0
9799,M09799,L,300.1,309.6,1705,33.4,106,0,0,0,0,0,0
9800,L09800,M,302.7,310.6,1721,46.8,163,0,0,0,0,0,0
9801,H09801,L,297.6,309.1,2372,26.9,205,0,0,0,0,0,0
9802,L09802,M,297.6,311.1,1258,46.6,36,0,1,0,0,0,0
9803,L09803,L,302.2,308.6,1214,33.3,130,0,0,0,0,0,0
9804,L09804,M,298.7,310.2,2858,66.4,219,0,0,0,0,0,0
9805,L09805,L,298.0,309.9,2526,55.3,89,0,0,0,0,0,0
9806,H09806,H,302.3,310.0,2271,27.2,231,1,0,0,0,0,0
9807,H09807,M,298.4,310.7,2302,35.9,201,0,0,0,0,0,0
9808,M09808,L,300.0,311.0,1417,48.9,63,1,0,0,0,0,0
9809,L09809,L,298.9,309.6,2582,10.5,107,0,0,0,0,0,0
9810,L09810,L,301.5,308.0,1236,30.8,217,0,0,0,0,0,0
9811,M09811,M,300.5,308.3,2774,35.2,103,0,0,0,0,0,0
9812,L09812,L,301.8,309.6,2567,24.7,150,0,0,0,0,0,0
9813,M09813,L,297.6,310.0,1599,40.2,198,0,0,0,0,0,0
9814,H09814,L,300.5,310.4,2078,35.8,225,0,0,0,0,0,0
9815,M09815,M,300.2,310.2,1890,31.6,57,0,0,0,0,0,0
9816,L09816,M,298.5,310.9,1620,54.0,139,0,0,0,0,0,0
9817,M09817,L,297.9,311.8,2815,48.5,85,0,0,0,0,0,0
9818,H09818,L,299.8,310.1,2817,48.3,51,0,0,0,0,0,0
9819,L09819,M,299.4,310.4,1914,40.3,10,0,0,0,0,0,0
9820,H09820,M,302.4,309.2,1259,43.3,8,1,0,0,0,0,0
9821,H09821,L,301.7,310.1,1443,57.1,132,0,0,0,0,0,0
9822,M09822,L,298.6,310.2,1364,28.2,69,0,0,0,0,0,0
9823,H09823,M,299.5,310.2,2485,29.7,70,0,0,0,0,0,0
9824,L09824,L,301.1,309.2,2377,51.0,109,0,0,0,0,0,0
9825,H09825,L,301.3,310.2,2601,45.4,145,0,0,0,0,0,0
9826,H09826,M,302.4,310.1,2109,34.3,206,0,0,0,0,0,0
9827,M09827,L,299.9,310.3,2709,44.5,64,0,0,0,0,0,0
9828,H09828,M,300.3,309.6,2266,28.7,111,0,0,0,0,0,0
9829,M09829,L,296.4,310.0,1830,44.0,78,0,0,0,0,0,0
9830,M09830,H,297.8,312.2,2201,33.2,53,0,0,0,0,0,0
9831,L09831,L,301.8,310.1,2491,55.3,136,0,0,0,0,0,0
9832,L09832,M,297.8,311.1,2572,43.2,70,0,0,0,0,1,0
9833,L09833,L,296.6,311.4,1415,40.1,235,0,0,0,0,0,0
9834,L09834,L,301.5,308.5,2045,37.2,187,0,0,0,0,0,0
9835,M09835,L,299.2,309.8,2143,43.1,136,0,0,0,0,0,0
9836,H09836,M,298.4,309.8,1434,48.6,171,0,0,0,0,0,0
9837,L09837,L,297.0,312.0,2236,37.2,138,0,0,0,0,0,0
9838,L09838,L,297.1,311.9,1748,59.7,130,0,0,0,0,0,1
9839,L09839,L,299.1,308.5,2063,38.4,204,0,0,0,0,0,0
9840,H09840,L,299.7,309.0,2692,45.5,4,0,0,0,0,0,0
9841,L09841,M,302.5,311.2,1816,43.4,159,0,0,0,0,0,0
9842,H09842,H,299.7,309.5,1169,16.5,149,0,0,0,0,0,0
9843,M09843,L,299.4,310.6,2521,50.3,53,0,0,0,0,0,0
9844,M09844,L,299.4,309.8,1199,63.7,180,0,0,0,0,0,0
9845,M09845,H,295.5,308.9,2362,44.1,189,0,0,0,0,0,0
9846,H09846,M,299.0,311.3,1216,43.9,177,0,0,0,0,0,0
9847,L09847,M,301.3,309.3,1514,42.6,106,0,0,0,0,0,0
9848,L09848,L,300.2,309.9,2375,29.9,25,0,0,0,0,0,0
9849,L09849,L,301.6,308.9,2062,40.4,66,0,0,0,0,0,0
9850,L09850,L,302.2,308.9,2272,42.1,181,0,0,0,0,0,0
9851,L09851,L,296.7,310.1,1810,48.0,168,0,0,0,0,0,0
9852,H09852,M,298.7,309.0,2126,44.2,126,0,0,0,0,0,0
9853,M09853,L,302.0,311.5,2333,45.5,121,0,0,0,0,0,0
9854,L09854,L,300.2,310.7,1965,36.1,135,0,0,0,0,0,0
9855,M09855,H,299.7,310.8,2851,51.4,23,0,0,0,0,0,0
9856,H09856,L,302.1,309.7,1177,54.5,231,0,0,0,0,0,0
9857,H09857,H,298.4,309.7,1615,43.1,12,0,0,0,0,0,0
9858,L09858,L,298.5,310.4,2371,43.6,74,0,0,0,0,0,0
9859,H09859,L,298.4,307.3,2382,33.6,229,0,0,0,0,0,0
9860,M09860,L,297.3,309.5,2610,46.1,108,0,0,0,0,0,0
9861,L09861,L,299.6,308.2,1415,39.9,187,0,0,0,0,0,0
9862,L09862,L,300.4,310.2,1919,35.4,234,0,0,0,0,0,0
9863,M09863,L,297.9,308.8,2142,36.8,141,1,0,0,0,0,0
9864,L09864,L,299.8,309.9,2664,41.4,45,0,0,0,0,0,0
9865,L09865,M,298.8,309.1,2582,41.1,242,0,0,0,0,0,0
9866,M09866,L,299.8,311.4,1406,54.0,4,0,0,0,0,0,0
9867,L09867,L,302.9,312.3,2509,34.4,238,0,0,0,0,0,0
9868,L09868,L,300.2,310.9,2007,44.9,140,0,0,0,0,0,0
9869,M09869,L,300.2,311.0,2406,29.9,151,0,0,0,0,0,0
9870,H09870,L,304.1,310.0,1222,29.5,143,0,0,0,0,0,0
9871,M09871,L,299.0,309.4,2186,21.3,28,0,0,0,0,0,0
9872,L09872,L,301.2,308.1,1732,50.8,18,0,0,0,0,0,0
9873,M09873,L,298.9,310.2,2678,49.6,80,0,0,0,0,0,0
9874,L09874,L,301.6,309.7,2174,13.1,187,0,0,0,0,0,0
9875,L09875,H,298.2,310.2,2332,41.6,189,1,0,0,0,0,0
9876,M09876,L,299.3,309.3,2682,35.6,222,0,0,0,0,0,0
9877,L09877,L,298.9,308.5,1632,42.9,175,0,0,0,0,0,0
9878,H09878,H,297.9,308.8,2389,40.9,220,0,0,0,0,0,0
9879,L09879,H,295.7,311.5,1344,37.8,31,0,0,0,0,0,0
9880,M09880,M,300.8,311.9,2485,29.5,45,0,0,0,0,0,0
9881,H09881,L,298.7,308.4,1552,33.5,80,0,0,0,0,0,0
9882,H09882,M,299.5,309.3,1153,33.4,70,0,0,0,0,0,0
9883,L09883,M,299.7,308.3,1914,36.1,229,0,0,0,0,0,0
9884,M09884,M,297.1,310.1,1691,48.1,68,0,0,0,0,0,0
9885,L09885,L,299.2,310.1,1953,57.3,215,0,0,0,0,0,0
9886,L09886,L,296.4,309.9,1255,32.2,183,1,0,0,0,0,0
9887,M09887,H,299.1,309.5,1271,46.7,122,0,0,0,0,0,0
9888,M09888,L,303.0,310.2,2104,20.3,160,0,0,0,0,0,0
9889,L09889,L,298.9,310.7,1857,22.9,239,0,0,1,0,0,0
9890,H09890,L,297.7,310.7,2132,41.6,22,0,0,0,0,0,0
9891,L09891,L,299.0,311.2,1864,48.0,205,0,0,0,0,0,0
9892,H09892,L,303.1,309.7,1921,45.2,122,0,0,0,0,0,0
9893,L09893,L,299.1,309.4,2440,35.1,97,1,0,0,0,0,0
9894,M09894,H,296.9,311.0,2414,53.3,188,0,0,0,0,0,0
9895,H09895,L,296.3,309.4,2226,34.1,131,0,0,0,0,0,0
9896,M09896,L,299.2,309.8,2297,36.3,192,0,0,0,0,0,0
9897,M09897,M,301.6,309.5,2261,42.9,129,0,0,0,0,0,0
9898,M09898,L,300.9,311.7,1459,44.7,92,0,0,0,0,0,0
9899,M09899,L,302.2,310.6,2001,28.8,185,0,0,0,0,0,0
9900,M09900,L,301.3,308.9,1706,29.1,72,0,0,0,0,0,0
9901,L09901,L,300.0,310.0,2062,48.3,27,0,0,0,0,0,0
9902,H09902,L,294.7,310.4,2749,35.9,160,0,0,0,0,0,0
9903,L09903,M,302.8,308.9,1847,47.2,22,0,0,0,0,0,0
9904,L09904,H,297.1,310.4,1162,27.7,83,0,0,0,0,0,0
9905,L09905,M,304.6,309.8,1358,36.2,118,0,0,0,0,0,0
9906,M09906,L,298.5,308.8,1584,51.2,30,0,0,0,0,0,0
9907,L09907,L,298.5,308.7,2225,51.6,47,0,0,0,0,0,0
9908,H09908,L,298.9,311.4,1999,34.6,45,0,0,0,0,0,0
9909,L09909,L,300.0,309.2,1256,19.0,246,0,0,0,0,0,0
9910,M09910,L,297.3,311.0,2694,46.8,126,0,0,0,0,0,0
9911,H09911,M,298.2,310.7,1773,42.2,44,0,0,0,0,0,0
9912,H09912,L,301.9,309.4,1269,43.3,217,0,0,0,0,0,0
9913,H09913,L,302.7,310.5,1216,28.2,94,0,0,0,0,0,0
9914,H09914,L,297.8,310.3,2136,38.9,159,0,0,0,0,0,0
9915,L09915,L,300.7,310.9,1231,41.0,50,0,0,0,0,0,0
9916,M09916,M,299.0,310.2,1863,55.6,46,0,0,0,0,0,0
9917,H09917,H,301.0,309.7,2842,52.1,60,0,0,0,0,0,0
9918,H09918,L,298.2,311.3,2801,50.8,177,0,0,0,0,0,0
9919,M09919,L,301.5,310.7,1263,42.3,34,0,0,0,0,0,0
9920,L09920,H,299.7,309.4,2818,31.3,142,0,0,0,0,0,0
9921,H09921,M,299.0,309.8,1909,37.7,206,0,0,0,0,0,0
9922,L09922,H,299.9,311.3,2796,27.4,164,0,0,0,0,0,0
9923,L09923,L,302.9,311.5,1603,38.9,236,0,0,0,0,0,0
9924,L09924,L,299.8,309.8,2109,31.5,55,0,0,0,0,0,0
9925,L09925,L,300.6,310.5,1381,39.9,58,0,0,0,0,0,0
9926,H09926,L,300.2,310.4,2744,39.2,152,0,0,0,0,0,0
9927,H09927,M,300.2,308.9,1922,30.5,19,0,0,0,0,0,0
9928,L09928,L,302.4,310.5,1711,45.6,175,0,0,0,0,0,0
9929,L09929,L,301.7,307.8,1465,27.3,85,0,0,0,0,0,0
9930,M09930,L,297.3,310.9,1624,66.3,147,0,0,0,0,0,0
9931,M09931,M,301.1,310.5,2025,52.4,142,0,0,0,0,0,0
9932,M09932,L,303.2,307.0,1520,28.0,61,0,0,0,0,0,0
9933,H09933,L,299.5,309.0,2788,42.7,93,0,0,0,0,0,0
9934,M09934,M,301.7,308.2,2142,38.4,13,0,0,0,0,0,0
9935,H09935,L,294.5,309.0,2837,38.6,104,0,0,0,0,0,0
9936,H09936,L,298.1,310.1,2706,35.4,148,0,0,0,0,0,0
9937,H09937,L,304.8,311.7,1407,49.2,177,0,0,0,0,0,0
9938,H09938,M,301.5,310.5,1872,32.2,208,0,0,0,0,0,0
9939,M09939,M,300.4,309.6,1578,51.2,68,0,0,0,0,0,0
9940,L09940,M,303.7,310.7,2673,55.8,142,0,0,0,0,0,0
9941,L09941,H,297.8,310.6,2767,31.4,247,0,0,0,0,0,0
9942,L09942,H,302.5,311.4,2183,48.5,62,0,0,0,0,0,0
9943,M09943,M,298.3,310.8,1826,47.2,170,0,0,0,0,0,0
9944,L09944,L,300.2,310.0,1812,20.7,26,0,0,0,0,0,0
9945,M09945,M,296.8,308.5,2858,57.0,125,1,0,0,0,0,0
9946,M09946,L,299.2,311.3,1574,35.3,60,1,0,0,0,0,0
9947,M09947,H,302.6,309.9,2750,41.3,53,0,0,0,0,0,0
9948,L09948,M,299.0,309.1,2685,54.1,186,0,0,0,0,0,0
9949,L09949,L,301.0,308.0,2490,47.8,235,0,0,0,0,0,0
9950,L09950,L,299.0,308.9,1779,38.0,166,0,0,0,0,0,0
9951,H09951,L,300.9,310.4,1283,48.0,248,0,0,0,0,0,0
9952,M09952,L,301.5,309.6,2110,51.6,211,0,0,0,0,0,0
9953,H09953,L,298.6,311.0,1167,40.4,116,0,0,0,0,0,0
9954,M09954,L,298.3,311.6,2520,33.1,232,0,0,0,0,0,0
9955,L09955,L,299.2,307.9,1517,43.5,162,0,0,0,0,0,0
9956,M09956,M,299.2,309.0,1317,31.9,80,0,0,0,0,0,0
9957,M09957,L,296.0,310.1,1166,50.5,247,0,0,0,0,0,0
9958,H09958,L,300.7,311.5,2058,31.2,8,0,0,0,0,0,0
9959,M09959,L,300.8,309.2,2695,32.8,106,0,0,0,0,0,0
9960,L09960,M,296.4,310.2,2680,50.0,109,0,0,0,0,0,0
9961,M09961,L,301.7,308.9,2647,40.2,249,0,0,0,0,0,0
9962,M09962,L,299.2,309.9,1692,44.4,122,0,0,0,0,0,0
9963,M09963,L,300.7,310.1,1876,46.8,59,1,0,0,0,0,0
9964,H09964,L,299.5,309.7,1455,33.0,61,0,0,0,0,0,0
9965,M09965,L,300.7,311.6,1528,35.1,105,0,0,0,0,0,0
9966,M09966,L,300.2,311.2,1489,54.7,67,0,0,0,0,0,0
9967,H09967,L,301.8,309.7,1300,46.6,143,0,0,0,0,0,0
9968,H09968,M,300.0,309.7,2218,36.4,143,0,0,0,0,0,0
9969,H09969,M,301.5,310.8,1356,42.8,220,0,0,0,0,1,0
9970,H09970,L,302.8,310.0,2595,38.1,235,0,0,0,0,0,0
9971,L09971,M,299.8,310.0,1288,48.7,95,0,0,0,0,0,0
9972,L09972,L,299.5,309.3,2565,41.7,31,0,0,0,0,0,0
9973,M09973,L,301.1,310.6,1995,38.9,101,0,0,0,0,0,0
9974,L09974,L,295.9,309.4,1533,29.1,230,0,0,0,0,0,0
9975,M09975,L,298.3,309.4,1875,46.5,246,0,0,0,0,0,0
9976,L09976,L,298.2,310.3,1823,36.6,231,0,0,0,0,0,0
9977,H09977,M,301.1,310.1,2622,49.8,37,0,0,0,0,0,0
9978,H09978,M,300.3,310.0,2141,22.4,166,0,0,0,0,0,0
9979,L09979,L,302.5,308.2,1352,34.9,189,0,0,0,0,0,0
9980,L09980,L,302.4,310.2,1159,46.2,190,0,0,0,0,0,0
9981,M09981,L,296.1,308.0,1499,39.9,104,0,0,0,0,0,0
9982,M09982,L,296.6,311.0,2249,33.8,15,0,0,0,0,0,0
9983,M09983,L,300.1,309.4,1887,51.5,53,0,0,0,0,0,0
9984,H09984,H,296.9,310.2,1366,49.6,236,0,0,0,0,0,0
9985,H09985,L,296.1,309.4,2465,32.3,142,0,0,0,0,0,0
9986,H09986,M,298.5,310.3,1153,38.5,17,0,0,0,0,0,0
9987,H09987,L,295.8,308.8,2551,30.4,3,0,0,0,0,0,0
9988,M09988,M,297.9,311.9,2834,37.5,36,0,0,0,0,0,0
9989,H09989,M,301.4,309.3,1755,38.0,39,0,0,0,0,0,0
9990,H09990,M,299.0,310.9,2211,35.5,62,0,0,0,0,0,0
9991,H09991,H,303.0,308.9,1737,47.1,67,0,0,0,0,0,0
9992,H09992,L,298.9,309.6,2468,47.3,144,0,0,0,0,0,0
9993,L09993,L,301.1,309.2,2262,51.6,208,0,0,0,0,0,0
9994,M09994,M,298.9,309.4,1971,43.8,225,0,0,0,0,0,0
9995,M09995,L,299.6,310.4,1979,23.7,119,0,0,0,0,0,0
9996,H09996,M,299.2,310.5,1424,40.1,175,0,0,0,1,0,0
9997,L09997,L,301.1,310.4,2687,47.7,18,0,0,0,0,0,0
9998,M09998,L,301.4,309.1,2323,41.3,85,0,0,0,0,0,0
9999,M09999,L,304.1,310.1,1755,48.5,166,0,0,0,0,0,0
10000,H10000,M,300.0,309.2,2486,51.1,234,0,0,0,0,0,0
